======================================================
Running | model=TimeFilter | table_name=CvLoss | seq_len=96 | pred_len=96 | add_loss=fcv
======================================================
Args in experiment:
[1mBasic Config[0m
  Task Name:          long_term_forecast  Is Training:        2                   
  Model ID:           weather_96_96_fcv_patch6_b1.0Model:              TimeFilter          

[1mData Loader[0m
  Data:               custom              Root Path:          ./data              
  Data Path:          weather.csv         Features:           M                   
  Target:             OT                  Freq:               h                   
  Checkpoints:        ./checkpoints/      

[1mForecasting Task[0m
  Seq Len:            96                  Label Len:          48                  
  Pred Len:           96                  Seasonal Patterns:  Monthly             
  Inverse:            0                   

[1mModel Parameters[0m
  Top k:              5                   Num Kernels:        6                   
  Enc In:             21                  Dec In:             21                  
  C Out:              21                  d model:            128                 
  n heads:            4                   e layers:           2                   
  d layers:           1                   d FF:               256                 
  Moving Avg:         25                  Factor:             3                   
  Distil:             1                   Dropout:            0.3                 
  Embed:              timeF               Activation:         gelu                
  Output Attention:   0                   

[1mRun Parameters[0m
  Num Workers:        1                   Itr:                1                   
  Train Epochs:       10                  Batch Size:         32                  
  Patience:           3                   Learning Rate:      0.0005              
  Des:                Exp                 Loss:               MSE                 
  Lradj:              cosine              Use Amp:            0                   

[1mGPU[0m
  Use GPU:            1                   GPU:                0                   
  Use Multi GPU:      0                   Devices:            0,1,2,3             

[1mDe-stationary Projector Params[0m
  P Hidden Dims:      128, 128            P Hidden Layers:    2                   

Use GPU: cuda:0
>>>>>>>start training : long_term_forecast_weather_96_96_fcv_patch6_b1.0_TimeFilter_custom_addlossfcv_numpairsmax_patchlen6_alpha0.0_beta1.0>>>>>>>>>>>>>>>>>>>>>>>>>>
train 36696
val 5175
test 10444
	iters: 100, epoch: 1 | loss: 0.6819007
	speed: 0.0705s/iter; left time: 801.4819s
	iters: 200, epoch: 1 | loss: 0.5906740
	speed: 0.0434s/iter; left time: 488.8474s
	iters: 300, epoch: 1 | loss: 0.6365789
	speed: 0.0471s/iter; left time: 526.5365s
	iters: 400, epoch: 1 | loss: 0.6279625
	speed: 0.0420s/iter; left time: 464.8443s
	iters: 500, epoch: 1 | loss: 0.6163611
	speed: 0.0486s/iter; left time: 533.7217s
	iters: 600, epoch: 1 | loss: 0.5466872
	speed: 0.0432s/iter; left time: 469.3979s
	iters: 700, epoch: 1 | loss: 0.5208549
	speed: 0.0426s/iter; left time: 459.1015s
	iters: 800, epoch: 1 | loss: 0.5443879
	speed: 0.0415s/iter; left time: 442.6921s
	iters: 900, epoch: 1 | loss: 0.4984809
	speed: 0.0395s/iter; left time: 417.7259s
	iters: 1000, epoch: 1 | loss: 0.6311851
	speed: 0.0385s/iter; left time: 402.8017s
	iters: 1100, epoch: 1 | loss: 0.6384618
	speed: 0.0396s/iter; left time: 410.8882s
Epoch: 1 cost time: 50.687283515930176
Epoch: 1, Steps: 1147 | Train Loss: 0.5842328 Vali Loss: 0.3951059 Test Loss: 0.1562102
Validation loss decreased (inf --> 0.395106).  Saving model ...
Updating learning rate to 0.0004877641290737884
	iters: 100, epoch: 2 | loss: 0.5198615
	speed: 0.1125s/iter; left time: 1150.4089s
	iters: 200, epoch: 2 | loss: 0.5861247
	speed: 0.0388s/iter; left time: 392.9264s
	iters: 300, epoch: 2 | loss: 0.5115932
	speed: 0.0481s/iter; left time: 482.5250s
	iters: 400, epoch: 2 | loss: 0.5575663
	speed: 0.0454s/iter; left time: 450.2473s
	iters: 500, epoch: 2 | loss: 0.5922289
	speed: 0.0432s/iter; left time: 424.5788s
	iters: 600, epoch: 2 | loss: 0.5095280
	speed: 0.0500s/iter; left time: 486.6254s
	iters: 700, epoch: 2 | loss: 0.5460482
	speed: 0.0424s/iter; left time: 408.5087s
	iters: 800, epoch: 2 | loss: 0.6541777
	speed: 0.0421s/iter; left time: 401.1773s
	iters: 900, epoch: 2 | loss: 0.6090852
	speed: 0.0502s/iter; left time: 473.3256s
	iters: 1000, epoch: 2 | loss: 0.5778107
	speed: 0.0433s/iter; left time: 403.6361s
	iters: 1100, epoch: 2 | loss: 0.5221015
	speed: 0.0453s/iter; left time: 417.6180s
Epoch: 2 cost time: 51.727458477020264
Epoch: 2, Steps: 1147 | Train Loss: 0.5445731 Vali Loss: 0.3854896 Test Loss: 0.1535185
Validation loss decreased (0.395106 --> 0.385490).  Saving model ...
Updating learning rate to 0.0004522542485937369
	iters: 100, epoch: 3 | loss: 0.5622784
	speed: 0.1433s/iter; left time: 1301.1443s
	iters: 200, epoch: 3 | loss: 0.5276818
	speed: 0.0415s/iter; left time: 372.4005s
	iters: 300, epoch: 3 | loss: 0.5668116
	speed: 0.0388s/iter; left time: 343.9990s
	iters: 400, epoch: 3 | loss: 0.4931020
	speed: 0.0418s/iter; left time: 366.5734s
	iters: 500, epoch: 3 | loss: 0.5351167
	speed: 0.0427s/iter; left time: 370.7632s
	iters: 600, epoch: 3 | loss: 0.4922050
	speed: 0.0344s/iter; left time: 295.3104s
	iters: 700, epoch: 3 | loss: 0.5068465
	speed: 0.0526s/iter; left time: 445.7586s
	iters: 800, epoch: 3 | loss: 0.5134628
	speed: 0.0460s/iter; left time: 385.6673s
	iters: 900, epoch: 3 | loss: 0.5768955
	speed: 0.0487s/iter; left time: 403.4713s
	iters: 1000, epoch: 3 | loss: 0.5431057
	speed: 0.0476s/iter; left time: 388.9964s
	iters: 1100, epoch: 3 | loss: 0.4960124
	speed: 0.0454s/iter; left time: 366.9882s
Epoch: 3 cost time: 50.66703724861145
Epoch: 3, Steps: 1147 | Train Loss: 0.5325465 Vali Loss: 0.3871966 Test Loss: 0.1507075
Validation loss decreased (0.385490 --> 0.387197).  Saving model ...
Updating learning rate to 0.0003969463130731183
	iters: 100, epoch: 4 | loss: 0.4658535
	speed: 0.1642s/iter; left time: 1302.2103s
	iters: 200, epoch: 4 | loss: 0.4941923
	speed: 0.0484s/iter; left time: 378.7118s
	iters: 300, epoch: 4 | loss: 0.5232549
	speed: 0.0427s/iter; left time: 329.8713s
	iters: 400, epoch: 4 | loss: 0.4617464
	speed: 0.0486s/iter; left time: 370.5580s
	iters: 500, epoch: 4 | loss: 0.5297875
	speed: 0.0416s/iter; left time: 313.2962s
	iters: 600, epoch: 4 | loss: 0.5635645
	speed: 0.0418s/iter; left time: 310.5599s
	iters: 700, epoch: 4 | loss: 0.5515146
	speed: 0.0392s/iter; left time: 287.6873s
	iters: 800, epoch: 4 | loss: 0.5126534
	speed: 0.0387s/iter; left time: 280.0187s
	iters: 900, epoch: 4 | loss: 0.5374164
	speed: 0.0352s/iter; left time: 250.7150s
	iters: 1000, epoch: 4 | loss: 0.5321224
	speed: 0.0441s/iter; left time: 309.9839s
	iters: 1100, epoch: 4 | loss: 0.5510823
	speed: 0.0400s/iter; left time: 277.4329s
Epoch: 4 cost time: 49.10179829597473
Epoch: 4, Steps: 1147 | Train Loss: 0.5257693 Vali Loss: 0.3849593 Test Loss: 0.1494621
Validation loss decreased (0.387197 --> 0.384959).  Saving model ...
Updating learning rate to 0.00032725424859373687
	iters: 100, epoch: 5 | loss: 0.5423425
	speed: 0.1562s/iter; left time: 1059.2228s
	iters: 200, epoch: 5 | loss: 0.5380087
	speed: 0.0483s/iter; left time: 322.6735s
	iters: 300, epoch: 5 | loss: 0.5496863
	speed: 0.0401s/iter; left time: 264.0093s
	iters: 400, epoch: 5 | loss: 0.5941856
	speed: 0.0462s/iter; left time: 299.4074s
	iters: 500, epoch: 5 | loss: 0.5110148
	speed: 0.0425s/iter; left time: 271.1238s
	iters: 600, epoch: 5 | loss: 0.4899971
	speed: 0.0423s/iter; left time: 265.8875s
	iters: 700, epoch: 5 | loss: 0.5328714
	speed: 0.0482s/iter; left time: 297.7864s
	iters: 800, epoch: 5 | loss: 0.4454018
	speed: 0.0407s/iter; left time: 247.8780s
	iters: 900, epoch: 5 | loss: 0.5441885
	speed: 0.0470s/iter; left time: 281.0311s
	iters: 1000, epoch: 5 | loss: 0.5326042
	speed: 0.0389s/iter; left time: 229.0593s
	iters: 1100, epoch: 5 | loss: 0.5111738
	speed: 0.0384s/iter; left time: 221.8991s
Epoch: 5 cost time: 49.35973596572876
Epoch: 5, Steps: 1147 | Train Loss: 0.5198688 Vali Loss: 0.3837348 Test Loss: 0.1505457
Validation loss decreased (0.384959 --> 0.383735).  Saving model ...
Updating learning rate to 0.00025
	iters: 100, epoch: 6 | loss: 0.5170250
	speed: 0.1135s/iter; left time: 639.7925s
	iters: 200, epoch: 6 | loss: 0.6215500
	speed: 0.0465s/iter; left time: 257.2447s
	iters: 300, epoch: 6 | loss: 0.5394694
	speed: 0.0347s/iter; left time: 188.6410s
	iters: 400, epoch: 6 | loss: 0.4676988
	speed: 0.0409s/iter; left time: 218.4767s
	iters: 500, epoch: 6 | loss: 0.4576356
	speed: 0.0473s/iter; left time: 247.7877s
	iters: 600, epoch: 6 | loss: 0.5249618
	speed: 0.0404s/iter; left time: 207.4300s
	iters: 700, epoch: 6 | loss: 0.4768740
	speed: 0.0418s/iter; left time: 210.6765s
	iters: 800, epoch: 6 | loss: 0.4884863
	speed: 0.0420s/iter; left time: 207.2480s
	iters: 900, epoch: 6 | loss: 0.4995511
	speed: 0.0385s/iter; left time: 186.3112s
	iters: 1000, epoch: 6 | loss: 0.5101442
	speed: 0.0459s/iter; left time: 217.4833s
	iters: 1100, epoch: 6 | loss: 0.5032112
	speed: 0.0393s/iter; left time: 181.9761s
Epoch: 6 cost time: 47.16766810417175
Epoch: 6, Steps: 1147 | Train Loss: 0.5155907 Vali Loss: 0.3840889 Test Loss: 0.1494870
Validation loss decreased (0.383735 --> 0.384089).  Saving model ...
Updating learning rate to 0.00017274575140626317
	iters: 100, epoch: 7 | loss: 0.5231179
	speed: 0.1518s/iter; left time: 681.5742s
	iters: 200, epoch: 7 | loss: 0.5333989
	speed: 0.0417s/iter; left time: 183.0399s
	iters: 300, epoch: 7 | loss: 0.4822114
	speed: 0.0392s/iter; left time: 168.1699s
	iters: 400, epoch: 7 | loss: 0.5037514
	speed: 0.0351s/iter; left time: 146.8509s
	iters: 500, epoch: 7 | loss: 0.5252627
	speed: 0.0387s/iter; left time: 158.2255s
	iters: 600, epoch: 7 | loss: 0.5452000
	speed: 0.0371s/iter; left time: 148.1077s
	iters: 700, epoch: 7 | loss: 0.4872435
	speed: 0.0336s/iter; left time: 130.5140s
	iters: 800, epoch: 7 | loss: 0.4834068
	speed: 0.0385s/iter; left time: 145.9530s
	iters: 900, epoch: 7 | loss: 0.5461390
	speed: 0.0409s/iter; left time: 150.7666s
	iters: 1000, epoch: 7 | loss: 0.5140828
	speed: 0.0348s/iter; left time: 124.9802s
	iters: 1100, epoch: 7 | loss: 0.4904486
	speed: 0.0538s/iter; left time: 187.6004s
Epoch: 7 cost time: 45.783679246902466
Epoch: 7, Steps: 1147 | Train Loss: 0.5116517 Vali Loss: 0.3798638 Test Loss: 0.1479309
Validation loss decreased (0.384089 --> 0.379864).  Saving model ...
Updating learning rate to 0.00010305368692688174
	iters: 100, epoch: 8 | loss: 0.5023168
	speed: 0.1754s/iter; left time: 586.2323s
	iters: 200, epoch: 8 | loss: 0.4963612
	speed: 0.0476s/iter; left time: 154.1628s
	iters: 300, epoch: 8 | loss: 0.4732548
	speed: 0.0443s/iter; left time: 139.2864s
	iters: 400, epoch: 8 | loss: 0.5063564
	speed: 0.0453s/iter; left time: 137.7630s
	iters: 500, epoch: 8 | loss: 0.4900187
	speed: 0.0440s/iter; left time: 129.4481s
	iters: 600, epoch: 8 | loss: 0.5250142
	speed: 0.0414s/iter; left time: 117.8005s
	iters: 700, epoch: 8 | loss: 0.4792616
	speed: 0.0516s/iter; left time: 141.5296s
	iters: 800, epoch: 8 | loss: 0.4889449
	speed: 0.0386s/iter; left time: 101.8551s
	iters: 900, epoch: 8 | loss: 0.4678341
	speed: 0.0400s/iter; left time: 101.7811s
	iters: 1000, epoch: 8 | loss: 0.4732690
	speed: 0.0387s/iter; left time: 94.4436s
	iters: 1100, epoch: 8 | loss: 0.5322409
	speed: 0.0360s/iter; left time: 84.3045s
Epoch: 8 cost time: 48.67305088043213
Epoch: 8, Steps: 1147 | Train Loss: 0.5091097 Vali Loss: 0.3830948 Test Loss: 0.1493560
Validation loss decreased (0.379864 --> 0.383095).  Saving model ...
Updating learning rate to 4.7745751406263163e-05
	iters: 100, epoch: 9 | loss: 0.5156442
	speed: 0.1156s/iter; left time: 253.7107s
	iters: 200, epoch: 9 | loss: 0.5166984
	speed: 0.0344s/iter; left time: 71.9646s
	iters: 300, epoch: 9 | loss: 0.4929841
	speed: 0.0487s/iter; left time: 97.1144s
	iters: 400, epoch: 9 | loss: 0.4552754
	speed: 0.0435s/iter; left time: 82.4619s
	iters: 500, epoch: 9 | loss: 0.4691805
	speed: 0.0404s/iter; left time: 72.5924s
	iters: 600, epoch: 9 | loss: 0.4515828
	speed: 0.0414s/iter; left time: 70.1122s
	iters: 700, epoch: 9 | loss: 0.5113471
	speed: 0.0459s/iter; left time: 73.2049s
	iters: 800, epoch: 9 | loss: 0.5725881
	speed: 0.0454s/iter; left time: 67.8791s
	iters: 900, epoch: 9 | loss: 0.5032967
	speed: 0.0493s/iter; left time: 68.7911s
	iters: 1000, epoch: 9 | loss: 0.4482865
	speed: 0.0407s/iter; left time: 52.7215s
	iters: 1100, epoch: 9 | loss: 0.5229965
	speed: 0.0423s/iter; left time: 50.6067s
Epoch: 9 cost time: 49.441243410110474
Epoch: 9, Steps: 1147 | Train Loss: 0.5071509 Vali Loss: 0.3817877 Test Loss: 0.1483381
Validation loss decreased (0.383095 --> 0.381788).  Saving model ...
Updating learning rate to 1.2235870926211617e-05
	iters: 100, epoch: 10 | loss: 0.5042535
	speed: 0.1664s/iter; left time: 174.3969s
	iters: 200, epoch: 10 | loss: 0.5789133
	speed: 0.0413s/iter; left time: 39.1245s
	iters: 300, epoch: 10 | loss: 0.4855123
	speed: 0.0373s/iter; left time: 31.6349s
	iters: 400, epoch: 10 | loss: 0.5121921
	speed: 0.0328s/iter; left time: 24.5602s
	iters: 500, epoch: 10 | loss: 0.5075426
	speed: 0.0404s/iter; left time: 26.1880s
	iters: 600, epoch: 10 | loss: 0.5413088
	speed: 0.0413s/iter; left time: 22.6558s
	iters: 700, epoch: 10 | loss: 0.5323005
	speed: 0.0326s/iter; left time: 14.5870s
	iters: 800, epoch: 10 | loss: 0.4819587
	speed: 0.0455s/iter; left time: 15.8381s
	iters: 900, epoch: 10 | loss: 0.5374469
	speed: 0.0415s/iter; left time: 10.2980s
	iters: 1000, epoch: 10 | loss: 0.5246384
	speed: 0.0411s/iter; left time: 6.0874s
	iters: 1100, epoch: 10 | loss: 0.5077263
	speed: 0.0461s/iter; left time: 2.2120s
Epoch: 10 cost time: 46.263296604156494
Epoch: 10, Steps: 1147 | Train Loss: 0.5059561 Vali Loss: 0.3811300 Test Loss: 0.1483696
Validation loss decreased (0.381788 --> 0.381130).  Saving model ...
Updating learning rate to 0.0
>>>>>>>testing : long_term_forecast_weather_96_96_fcv_patch6_b1.0_TimeFilter_custom_addlossfcv_numpairsmax_patchlen6_alpha0.0_beta1.0<<<<<<<<<<<<<<<<<<<<<<<<<<<<<<<<<
test 10444
mse:0.14858342707157135, mae:0.18763555586338043
================================================================================
Model Profiling Summary
Total Params             : 201,560
Inference Time (s)       : 0.006050
GPU Mem Footprint (MB)   : 24.05
Peak Mem (MB)            : 30.05
================================================================================
Deleted model checkpoint at: ./checkpoints/long_term_forecast_weather_96_96_fcv_patch6_b1.0_TimeFilter_custom_addlossfcv_numpairsmax_patchlen6_alpha0.0_beta1.0/checkpoint.pth
[OK] CvLoss | seq_len=96 | pred_len=96 | mse=0.149 | mae=0.188
======================================================
Running | model=TimeFilter | table_name=TimeFilter | seq_len=96 | pred_len=96 | add_loss=None
======================================================
Args in experiment:
[1mBasic Config[0m
  Task Name:          long_term_forecast  Is Training:        2                   
  Model ID:           weather_96_96_None_patch6_b1.0Model:              TimeFilter          

[1mData Loader[0m
  Data:               custom              Root Path:          ./data              
  Data Path:          weather.csv         Features:           M                   
  Target:             OT                  Freq:               h                   
  Checkpoints:        ./checkpoints/      

[1mForecasting Task[0m
  Seq Len:            96                  Label Len:          48                  
  Pred Len:           96                  Seasonal Patterns:  Monthly             
  Inverse:            0                   

[1mModel Parameters[0m
  Top k:              5                   Num Kernels:        6                   
  Enc In:             21                  Dec In:             21                  
  C Out:              21                  d model:            128                 
  n heads:            4                   e layers:           2                   
  d layers:           1                   d FF:               256                 
  Moving Avg:         25                  Factor:             3                   
  Distil:             1                   Dropout:            0.3                 
  Embed:              timeF               Activation:         gelu                
  Output Attention:   0                   

[1mRun Parameters[0m
  Num Workers:        1                   Itr:                1                   
  Train Epochs:       10                  Batch Size:         32                  
  Patience:           3                   Learning Rate:      0.0005              
  Des:                Exp                 Loss:               MSE                 
  Lradj:              cosine              Use Amp:            0                   

[1mGPU[0m
  Use GPU:            1                   GPU:                0                   
  Use Multi GPU:      0                   Devices:            0,1,2,3             

[1mDe-stationary Projector Params[0m
  P Hidden Dims:      128, 128            P Hidden Layers:    2                   

Use GPU: cuda:0
>>>>>>>start training : long_term_forecast_weather_96_96_None_patch6_b1.0_TimeFilter_custom_addlossNone_numpairsmax_patchlen16_alpha1.0_beta0.1>>>>>>>>>>>>>>>>>>>>>>>>>>
train 36696
val 5175
test 10444
	iters: 100, epoch: 1 | loss: 0.6963990
	speed: 0.0537s/iter; left time: 610.5425s
	iters: 200, epoch: 1 | loss: 0.4501492
	speed: 0.0208s/iter; left time: 234.8473s
	iters: 300, epoch: 1 | loss: 0.5571285
	speed: 0.0207s/iter; left time: 230.7933s
	iters: 400, epoch: 1 | loss: 2.3334520
	speed: 0.0171s/iter; left time: 189.4315s
	iters: 500, epoch: 1 | loss: 0.5803272
	speed: 0.0192s/iter; left time: 210.9773s
	iters: 600, epoch: 1 | loss: 0.3873447
	speed: 0.0208s/iter; left time: 225.8123s
	iters: 700, epoch: 1 | loss: 0.3602465
	speed: 0.0188s/iter; left time: 202.5060s
	iters: 800, epoch: 1 | loss: 0.3936607
	speed: 0.0220s/iter; left time: 235.0056s
	iters: 900, epoch: 1 | loss: 0.3492282
	speed: 0.0198s/iter; left time: 208.9995s
	iters: 1000, epoch: 1 | loss: 0.7539209
	speed: 0.0164s/iter; left time: 171.6244s
	iters: 1100, epoch: 1 | loss: 0.5284536
	speed: 0.0152s/iter; left time: 157.7747s
Epoch: 1 cost time: 24.2644944190979
Epoch: 1, Steps: 1147 | Train Loss: 0.5749897 Vali Loss: 0.4109439 Test Loss: 0.1662397
Validation loss decreased (inf --> 0.410944).  Saving model ...
Updating learning rate to 0.0004877641290737884
	iters: 100, epoch: 2 | loss: 0.3855115
	speed: 0.0913s/iter; left time: 933.3442s
	iters: 200, epoch: 2 | loss: 1.4163181
	speed: 0.0155s/iter; left time: 156.9274s
	iters: 300, epoch: 2 | loss: 0.4107423
	speed: 0.0150s/iter; left time: 150.2177s
	iters: 400, epoch: 2 | loss: 0.4512182
	speed: 0.0155s/iter; left time: 153.5984s
	iters: 500, epoch: 2 | loss: 0.4808105
	speed: 0.0239s/iter; left time: 234.9441s
	iters: 600, epoch: 2 | loss: 0.4236402
	speed: 0.0213s/iter; left time: 206.8158s
	iters: 700, epoch: 2 | loss: 0.3865889
	speed: 0.0250s/iter; left time: 240.3238s
	iters: 800, epoch: 2 | loss: 1.6842767
	speed: 0.0283s/iter; left time: 269.3147s
	iters: 900, epoch: 2 | loss: 0.7519476
	speed: 0.0210s/iter; left time: 198.0776s
	iters: 1000, epoch: 2 | loss: 0.4716628
	speed: 0.0207s/iter; left time: 193.0008s
	iters: 1100, epoch: 2 | loss: 0.3855338
	speed: 0.0220s/iter; left time: 202.8271s
Epoch: 2 cost time: 24.754251718521118
Epoch: 2, Steps: 1147 | Train Loss: 0.5250014 Vali Loss: 0.3959686 Test Loss: 0.1626777
Validation loss decreased (0.410944 --> 0.395969).  Saving model ...
Updating learning rate to 0.0004522542485937369
	iters: 100, epoch: 3 | loss: 0.4679794
	speed: 0.1249s/iter; left time: 1133.6042s
	iters: 200, epoch: 3 | loss: 0.5865554
	speed: 0.0211s/iter; left time: 189.2924s
	iters: 300, epoch: 3 | loss: 0.4636178
	speed: 0.0210s/iter; left time: 186.4256s
	iters: 400, epoch: 3 | loss: 0.4402196
	speed: 0.0213s/iter; left time: 187.3545s
	iters: 500, epoch: 3 | loss: 0.4250664
	speed: 0.0256s/iter; left time: 221.9572s
	iters: 600, epoch: 3 | loss: 0.3100514
	speed: 0.0260s/iter; left time: 223.1091s
	iters: 700, epoch: 3 | loss: 0.3804905
	speed: 0.0210s/iter; left time: 177.7343s
	iters: 800, epoch: 3 | loss: 0.4049574
	speed: 0.0206s/iter; left time: 172.9536s
	iters: 900, epoch: 3 | loss: 1.3697227
	speed: 0.0206s/iter; left time: 170.2884s
	iters: 1000, epoch: 3 | loss: 0.4180172
	speed: 0.0207s/iter; left time: 169.6273s
	iters: 1100, epoch: 3 | loss: 0.3251412
	speed: 0.0242s/iter; left time: 195.6932s
Epoch: 3 cost time: 25.344719886779785
Epoch: 3, Steps: 1147 | Train Loss: 0.5104191 Vali Loss: 0.3879554 Test Loss: 0.1576803
Validation loss decreased (0.395969 --> 0.387955).  Saving model ...
Updating learning rate to 0.0003969463130731183
	iters: 100, epoch: 4 | loss: 0.2879973
	speed: 0.0981s/iter; left time: 778.0071s
	iters: 200, epoch: 4 | loss: 0.4784052
	speed: 0.0216s/iter; left time: 168.8957s
	iters: 300, epoch: 4 | loss: 0.4747047
	speed: 0.0149s/iter; left time: 115.5337s
	iters: 400, epoch: 4 | loss: 0.3339052
	speed: 0.0194s/iter; left time: 147.9378s
	iters: 500, epoch: 4 | loss: 0.3673587
	speed: 0.0228s/iter; left time: 171.9033s
	iters: 600, epoch: 4 | loss: 1.3556062
	speed: 0.0193s/iter; left time: 143.0460s
	iters: 700, epoch: 4 | loss: 0.4507714
	speed: 0.0192s/iter; left time: 140.8768s
	iters: 800, epoch: 4 | loss: 0.3835046
	speed: 0.0207s/iter; left time: 149.3990s
	iters: 900, epoch: 4 | loss: 0.5603608
	speed: 0.0129s/iter; left time: 91.6284s
	iters: 1000, epoch: 4 | loss: 0.5606824
	speed: 0.0145s/iter; left time: 101.9470s
	iters: 1100, epoch: 4 | loss: 0.4431708
	speed: 0.0144s/iter; left time: 99.4553s
Epoch: 4 cost time: 20.811705112457275
Epoch: 4, Steps: 1147 | Train Loss: 0.5016360 Vali Loss: 0.3899957 Test Loss: 0.1561415
Validation loss decreased (0.387955 --> 0.389996).  Saving model ...
Updating learning rate to 0.00032725424859373687
	iters: 100, epoch: 5 | loss: 0.3896278
	speed: 0.1397s/iter; left time: 947.5801s
	iters: 200, epoch: 5 | loss: 0.4302465
	speed: 0.0218s/iter; left time: 145.3763s
	iters: 300, epoch: 5 | loss: 0.3935359
	speed: 0.0202s/iter; left time: 133.0235s
	iters: 400, epoch: 5 | loss: 2.0019112
	speed: 0.0248s/iter; left time: 160.9142s
	iters: 500, epoch: 5 | loss: 0.3981122
	speed: 0.0273s/iter; left time: 174.4714s
	iters: 600, epoch: 5 | loss: 1.0070888
	speed: 0.0207s/iter; left time: 130.2917s
	iters: 700, epoch: 5 | loss: 1.5025743
	speed: 0.0205s/iter; left time: 126.4631s
	iters: 800, epoch: 5 | loss: 0.2867981
	speed: 0.0227s/iter; left time: 138.1345s
	iters: 900, epoch: 5 | loss: 0.5174480
	speed: 0.0225s/iter; left time: 134.7496s
	iters: 1000, epoch: 5 | loss: 0.5709102
	speed: 0.0246s/iter; left time: 144.5885s
	iters: 1100, epoch: 5 | loss: 0.3832750
	speed: 0.0276s/iter; left time: 159.8292s
Epoch: 5 cost time: 26.49404501914978
Epoch: 5, Steps: 1147 | Train Loss: 0.4954157 Vali Loss: 0.3864651 Test Loss: 0.1555814
Validation loss decreased (0.389996 --> 0.386465).  Saving model ...
Updating learning rate to 0.00025
	iters: 100, epoch: 6 | loss: 0.5267186
	speed: 0.1019s/iter; left time: 574.2811s
	iters: 200, epoch: 6 | loss: 1.5471666
	speed: 0.0195s/iter; left time: 107.9061s
	iters: 300, epoch: 6 | loss: 0.4402150
	speed: 0.0175s/iter; left time: 95.2354s
	iters: 400, epoch: 6 | loss: 0.3512204
	speed: 0.0167s/iter; left time: 89.0837s
	iters: 500, epoch: 6 | loss: 0.3331956
	speed: 0.0152s/iter; left time: 79.8243s
	iters: 600, epoch: 6 | loss: 0.4028483
	speed: 0.0161s/iter; left time: 82.7776s
	iters: 700, epoch: 6 | loss: 0.5237578
	speed: 0.0141s/iter; left time: 70.8484s
	iters: 800, epoch: 6 | loss: 0.3692717
	speed: 0.0190s/iter; left time: 93.6350s
	iters: 900, epoch: 6 | loss: 0.3861494
	speed: 0.0169s/iter; left time: 81.8192s
	iters: 1000, epoch: 6 | loss: 0.4723914
	speed: 0.0186s/iter; left time: 87.9808s
	iters: 1100, epoch: 6 | loss: 0.3293173
	speed: 0.0147s/iter; left time: 68.0931s
Epoch: 6 cost time: 19.82477593421936
Epoch: 6, Steps: 1147 | Train Loss: 0.4888509 Vali Loss: 0.3864429 Test Loss: 0.1545730
Validation loss decreased (0.386465 --> 0.386443).  Saving model ...
Updating learning rate to 0.00017274575140626317
	iters: 100, epoch: 7 | loss: 0.4248275
	speed: 0.0936s/iter; left time: 420.3524s
	iters: 200, epoch: 7 | loss: 0.4288423
	speed: 0.0147s/iter; left time: 64.6259s
	iters: 300, epoch: 7 | loss: 0.3586112
	speed: 0.0166s/iter; left time: 71.3126s
	iters: 400, epoch: 7 | loss: 0.3470883
	speed: 0.0182s/iter; left time: 76.4378s
	iters: 500, epoch: 7 | loss: 0.4014365
	speed: 0.0282s/iter; left time: 115.4805s
	iters: 600, epoch: 7 | loss: 0.4234665
	speed: 0.0255s/iter; left time: 101.8137s
	iters: 700, epoch: 7 | loss: 0.4674619
	speed: 0.0300s/iter; left time: 116.7648s
	iters: 800, epoch: 7 | loss: 0.5037566
	speed: 0.0231s/iter; left time: 87.5406s
	iters: 900, epoch: 7 | loss: 0.4177606
	speed: 0.0218s/iter; left time: 80.3179s
	iters: 1000, epoch: 7 | loss: 0.3956493
	speed: 0.0215s/iter; left time: 77.0832s
	iters: 1100, epoch: 7 | loss: 0.5193636
	speed: 0.0236s/iter; left time: 82.3761s
Epoch: 7 cost time: 26.371043920516968
Epoch: 7, Steps: 1147 | Train Loss: 0.4857393 Vali Loss: 0.3851334 Test Loss: 0.1541576
Validation loss decreased (0.386443 --> 0.385133).  Saving model ...
Updating learning rate to 0.00010305368692688174
	iters: 100, epoch: 8 | loss: 0.3432477
	speed: 0.1510s/iter; left time: 504.6084s
	iters: 200, epoch: 8 | loss: 0.3557633
	speed: 0.0257s/iter; left time: 83.3179s
	iters: 300, epoch: 8 | loss: 0.3153563
	speed: 0.0279s/iter; left time: 87.7258s
	iters: 400, epoch: 8 | loss: 0.3655755
	speed: 0.0209s/iter; left time: 63.5876s
	iters: 500, epoch: 8 | loss: 0.3188297
	speed: 0.0210s/iter; left time: 61.6471s
	iters: 600, epoch: 8 | loss: 0.5969489
	speed: 0.0217s/iter; left time: 61.5486s
	iters: 700, epoch: 8 | loss: 0.3666842
	speed: 0.0271s/iter; left time: 74.2802s
	iters: 800, epoch: 8 | loss: 0.3764780
	speed: 0.0298s/iter; left time: 78.7157s
	iters: 900, epoch: 8 | loss: 0.4885311
	speed: 0.0168s/iter; left time: 42.7567s
	iters: 1000, epoch: 8 | loss: 1.1421360
	speed: 0.0214s/iter; left time: 52.2723s
	iters: 1100, epoch: 8 | loss: 0.4695803
	speed: 0.0211s/iter; left time: 49.4078s
Epoch: 8 cost time: 26.381682634353638
Epoch: 8, Steps: 1147 | Train Loss: 0.4813476 Vali Loss: 0.3857455 Test Loss: 0.1536915
Validation loss decreased (0.385133 --> 0.385745).  Saving model ...
Updating learning rate to 4.7745751406263163e-05
	iters: 100, epoch: 9 | loss: 0.5190238
	speed: 0.0967s/iter; left time: 212.2800s
	iters: 200, epoch: 9 | loss: 0.3754556
	speed: 0.0217s/iter; left time: 45.5165s
	iters: 300, epoch: 9 | loss: 0.3965011
	speed: 0.0165s/iter; left time: 32.8707s
	iters: 400, epoch: 9 | loss: 0.3023483
	speed: 0.0169s/iter; left time: 32.0486s
	iters: 500, epoch: 9 | loss: 0.2945005
	speed: 0.0239s/iter; left time: 42.9361s
	iters: 600, epoch: 9 | loss: 0.3055095
	speed: 0.0183s/iter; left time: 30.9470s
	iters: 700, epoch: 9 | loss: 0.3659991
	speed: 0.0209s/iter; left time: 33.2974s
	iters: 800, epoch: 9 | loss: 0.5472276
	speed: 0.0283s/iter; left time: 42.3471s
	iters: 900, epoch: 9 | loss: 0.3969792
	speed: 0.0217s/iter; left time: 30.2528s
	iters: 1000, epoch: 9 | loss: 0.2850797
	speed: 0.0238s/iter; left time: 30.8005s
	iters: 1100, epoch: 9 | loss: 0.3770542
	speed: 0.0217s/iter; left time: 25.8739s
Epoch: 9 cost time: 24.95733380317688
Epoch: 9, Steps: 1147 | Train Loss: 0.4788761 Vali Loss: 0.3836567 Test Loss: 0.1526666
Validation loss decreased (0.385745 --> 0.383657).  Saving model ...
Updating learning rate to 1.2235870926211617e-05
	iters: 100, epoch: 10 | loss: 0.3872139
	speed: 0.1499s/iter; left time: 157.0817s
	iters: 200, epoch: 10 | loss: 1.4288412
	speed: 0.0204s/iter; left time: 19.3481s
	iters: 300, epoch: 10 | loss: 0.3360696
	speed: 0.0287s/iter; left time: 24.3223s
	iters: 400, epoch: 10 | loss: 0.5207349
	speed: 0.0321s/iter; left time: 23.9900s
	iters: 500, epoch: 10 | loss: 1.3669443
	speed: 0.0236s/iter; left time: 15.2920s
	iters: 600, epoch: 10 | loss: 0.4553583
	speed: 0.0208s/iter; left time: 11.4139s
	iters: 700, epoch: 10 | loss: 0.9859253
	speed: 0.0208s/iter; left time: 9.3165s
	iters: 800, epoch: 10 | loss: 0.3697824
	speed: 0.0200s/iter; left time: 6.9453s
	iters: 900, epoch: 10 | loss: 0.4405991
	speed: 0.0240s/iter; left time: 5.9526s
	iters: 1000, epoch: 10 | loss: 1.3228313
	speed: 0.0278s/iter; left time: 4.1131s
	iters: 1100, epoch: 10 | loss: 0.3999327
	speed: 0.0240s/iter; left time: 1.1540s
Epoch: 10 cost time: 27.600179433822632
Epoch: 10, Steps: 1147 | Train Loss: 0.4774736 Vali Loss: 0.3832359 Test Loss: 0.1527726
Validation loss decreased (0.383657 --> 0.383236).  Saving model ...
Updating learning rate to 0.0
>>>>>>>testing : long_term_forecast_weather_96_96_None_patch6_b1.0_TimeFilter_custom_addlossNone_numpairsmax_patchlen16_alpha1.0_beta0.1<<<<<<<<<<<<<<<<<<<<<<<<<<<<<<<<<
test 10444
mse:0.1529809832572937, mae:0.19916942715644836
================================================================================
Model Profiling Summary
Total Params             : 201,560
Inference Time (s)       : 0.007895
GPU Mem Footprint (MB)   : 24.05
Peak Mem (MB)            : 30.05
================================================================================
Deleted model checkpoint at: ./checkpoints/long_term_forecast_weather_96_96_None_patch6_b1.0_TimeFilter_custom_addlossNone_numpairsmax_patchlen16_alpha1.0_beta0.1/checkpoint.pth
[OK] TimeFilter | seq_len=96 | pred_len=96 | mse=0.153 | mae=0.199
======================================================
Running | model=TimeFilter | table_name=CvLoss | seq_len=96 | pred_len=192 | add_loss=fcv
======================================================
Args in experiment:
[1mBasic Config[0m
  Task Name:          long_term_forecast  Is Training:        2                   
  Model ID:           weather_96_192_fcv_patch6_b1.0Model:              TimeFilter          

[1mData Loader[0m
  Data:               custom              Root Path:          ./data              
  Data Path:          weather.csv         Features:           M                   
  Target:             OT                  Freq:               h                   
  Checkpoints:        ./checkpoints/      

[1mForecasting Task[0m
  Seq Len:            96                  Label Len:          48                  
  Pred Len:           192                 Seasonal Patterns:  Monthly             
  Inverse:            0                   

[1mModel Parameters[0m
  Top k:              5                   Num Kernels:        6                   
  Enc In:             21                  Dec In:             21                  
  C Out:              21                  d model:            128                 
  n heads:            4                   e layers:           2                   
  d layers:           1                   d FF:               256                 
  Moving Avg:         25                  Factor:             3                   
  Distil:             1                   Dropout:            0.3                 
  Embed:              timeF               Activation:         gelu                
  Output Attention:   0                   

[1mRun Parameters[0m
  Num Workers:        1                   Itr:                1                   
  Train Epochs:       10                  Batch Size:         32                  
  Patience:           3                   Learning Rate:      0.0005              
  Des:                Exp                 Loss:               MSE                 
  Lradj:              cosine              Use Amp:            0                   

[1mGPU[0m
  Use GPU:            1                   GPU:                0                   
  Use Multi GPU:      0                   Devices:            0,1,2,3             

[1mDe-stationary Projector Params[0m
  P Hidden Dims:      128, 128            P Hidden Layers:    2                   

Use GPU: cuda:0
>>>>>>>start training : long_term_forecast_weather_96_192_fcv_patch6_b1.0_TimeFilter_custom_addlossfcv_numpairsmax_patchlen6_alpha0.0_beta1.0>>>>>>>>>>>>>>>>>>>>>>>>>>
train 36600
val 5079
test 10348
	iters: 100, epoch: 1 | loss: 0.6769964
	speed: 0.0638s/iter; left time: 724.0163s
	iters: 200, epoch: 1 | loss: 0.7114405
	speed: 0.0349s/iter; left time: 392.4178s
	iters: 300, epoch: 1 | loss: 0.6693967
	speed: 0.0484s/iter; left time: 538.7108s
	iters: 400, epoch: 1 | loss: 0.6223471
	speed: 0.0415s/iter; left time: 458.2784s
	iters: 500, epoch: 1 | loss: 0.5841062
	speed: 0.0401s/iter; left time: 438.6382s
	iters: 600, epoch: 1 | loss: 0.5951239
	speed: 0.0486s/iter; left time: 527.3790s
	iters: 700, epoch: 1 | loss: 0.6630753
	speed: 0.0440s/iter; left time: 472.5392s
	iters: 800, epoch: 1 | loss: 0.6596923
	speed: 0.0446s/iter; left time: 474.8671s
	iters: 900, epoch: 1 | loss: 0.7201813
	speed: 0.0437s/iter; left time: 460.4725s
	iters: 1000, epoch: 1 | loss: 0.6152516
	speed: 0.0387s/iter; left time: 403.7505s
	iters: 1100, epoch: 1 | loss: 0.6802359
	speed: 0.0433s/iter; left time: 447.2505s
Epoch: 1 cost time: 50.57906126976013
Epoch: 1, Steps: 1144 | Train Loss: 0.6612109 Vali Loss: 0.4597630 Test Loss: 0.2047569
Validation loss decreased (inf --> 0.459763).  Saving model ...
Updating learning rate to 0.0004877641290737884
	iters: 100, epoch: 2 | loss: 0.6038604
	speed: 0.1558s/iter; left time: 1588.2780s
	iters: 200, epoch: 2 | loss: 0.6752346
	speed: 0.0394s/iter; left time: 397.8545s
	iters: 300, epoch: 2 | loss: 0.6297165
	speed: 0.0364s/iter; left time: 364.2569s
	iters: 400, epoch: 2 | loss: 0.6421412
	speed: 0.0357s/iter; left time: 352.9068s
	iters: 500, epoch: 2 | loss: 0.6090773
	speed: 0.0393s/iter; left time: 384.6687s
	iters: 600, epoch: 2 | loss: 0.6383163
	speed: 0.0346s/iter; left time: 335.7070s
	iters: 700, epoch: 2 | loss: 0.6588833
	speed: 0.0379s/iter; left time: 363.7298s
	iters: 800, epoch: 2 | loss: 0.6032259
	speed: 0.0409s/iter; left time: 388.1347s
	iters: 900, epoch: 2 | loss: 0.5893621
	speed: 0.0408s/iter; left time: 383.5181s
	iters: 1000, epoch: 2 | loss: 0.5665820
	speed: 0.0424s/iter; left time: 393.8443s
	iters: 1100, epoch: 2 | loss: 0.6326334
	speed: 0.0443s/iter; left time: 407.5633s
Epoch: 2 cost time: 44.88514471054077
Epoch: 2, Steps: 1144 | Train Loss: 0.6251615 Vali Loss: 0.4598949 Test Loss: 0.2014749
Validation loss decreased (0.459763 --> 0.459895).  Saving model ...
Updating learning rate to 0.0004522542485937369
	iters: 100, epoch: 3 | loss: 0.5979941
	speed: 0.1601s/iter; left time: 1449.1431s
	iters: 200, epoch: 3 | loss: 0.6979757
	speed: 0.0396s/iter; left time: 354.5062s
	iters: 300, epoch: 3 | loss: 0.5532092
	speed: 0.0429s/iter; left time: 380.0814s
	iters: 400, epoch: 3 | loss: 0.6045305
	speed: 0.0416s/iter; left time: 364.1114s
	iters: 500, epoch: 3 | loss: 0.6291772
	speed: 0.0400s/iter; left time: 345.9862s
	iters: 600, epoch: 3 | loss: 0.6021258
	speed: 0.0392s/iter; left time: 334.9584s
	iters: 700, epoch: 3 | loss: 0.6554415
	speed: 0.0380s/iter; left time: 321.3713s
	iters: 800, epoch: 3 | loss: 0.5698745
	speed: 0.0409s/iter; left time: 341.5688s
	iters: 900, epoch: 3 | loss: 0.6292536
	speed: 0.0380s/iter; left time: 313.7695s
	iters: 1000, epoch: 3 | loss: 0.5656810
	speed: 0.0341s/iter; left time: 278.3771s
	iters: 1100, epoch: 3 | loss: 0.5803916
	speed: 0.0389s/iter; left time: 313.5291s
Epoch: 3 cost time: 45.87612986564636
Epoch: 3, Steps: 1144 | Train Loss: 0.6128833 Vali Loss: 0.4610023 Test Loss: 0.2019506
Validation loss decreased (0.459895 --> 0.461002).  Saving model ...
Updating learning rate to 0.0003969463130731183
	iters: 100, epoch: 4 | loss: 0.5828876
	speed: 0.1100s/iter; left time: 869.6876s
	iters: 200, epoch: 4 | loss: 0.5452545
	speed: 0.0438s/iter; left time: 341.6638s
	iters: 300, epoch: 4 | loss: 0.6325393
	speed: 0.0460s/iter; left time: 354.7039s
	iters: 400, epoch: 4 | loss: 0.5771601
	speed: 0.0400s/iter; left time: 304.6486s
	iters: 500, epoch: 4 | loss: 0.6147748
	speed: 0.0404s/iter; left time: 303.4501s
	iters: 600, epoch: 4 | loss: 0.6259151
	speed: 0.0456s/iter; left time: 337.8523s
	iters: 700, epoch: 4 | loss: 0.6490681
	speed: 0.0395s/iter; left time: 288.7081s
	iters: 800, epoch: 4 | loss: 0.6063913
	speed: 0.0402s/iter; left time: 289.9043s
	iters: 900, epoch: 4 | loss: 0.6239146
	speed: 0.0434s/iter; left time: 308.2856s
	iters: 1000, epoch: 4 | loss: 0.5833921
	speed: 0.0438s/iter; left time: 306.8007s
	iters: 1100, epoch: 4 | loss: 0.6513613
	speed: 0.0389s/iter; left time: 269.0535s
Epoch: 4 cost time: 47.267114877700806
Epoch: 4, Steps: 1144 | Train Loss: 0.6047413 Vali Loss: 0.4560151 Test Loss: 0.1983542
Validation loss decreased (0.461002 --> 0.456015).  Saving model ...
Updating learning rate to 0.00032725424859373687
	iters: 100, epoch: 5 | loss: 0.5921779
	speed: 0.1488s/iter; left time: 1006.7343s
	iters: 200, epoch: 5 | loss: 0.5671529
	speed: 0.0346s/iter; left time: 230.7943s
	iters: 300, epoch: 5 | loss: 0.5636947
	speed: 0.0367s/iter; left time: 241.1135s
	iters: 400, epoch: 5 | loss: 0.6018260
	speed: 0.0372s/iter; left time: 240.7833s
	iters: 500, epoch: 5 | loss: 0.5716782
	speed: 0.0351s/iter; left time: 223.7211s
	iters: 600, epoch: 5 | loss: 0.6365938
	speed: 0.0394s/iter; left time: 247.1210s
	iters: 700, epoch: 5 | loss: 0.6157817
	speed: 0.0372s/iter; left time: 229.0510s
	iters: 800, epoch: 5 | loss: 0.5343590
	speed: 0.0356s/iter; left time: 215.7794s
	iters: 900, epoch: 5 | loss: 0.6846594
	speed: 0.0437s/iter; left time: 260.6080s
	iters: 1000, epoch: 5 | loss: 0.6207219
	speed: 0.0447s/iter; left time: 262.3764s
	iters: 1100, epoch: 5 | loss: 0.5498770
	speed: 0.0465s/iter; left time: 267.9545s
Epoch: 5 cost time: 44.713035106658936
Epoch: 5, Steps: 1144 | Train Loss: 0.5987848 Vali Loss: 0.4562215 Test Loss: 0.2010575
Validation loss decreased (0.456015 --> 0.456222).  Saving model ...
Updating learning rate to 0.00025
	iters: 100, epoch: 6 | loss: 0.5713797
	speed: 0.1621s/iter; left time: 911.0839s
	iters: 200, epoch: 6 | loss: 0.5648220
	speed: 0.0428s/iter; left time: 236.0856s
	iters: 300, epoch: 6 | loss: 0.6471866
	speed: 0.0407s/iter; left time: 220.6980s
	iters: 400, epoch: 6 | loss: 0.5806102
	speed: 0.0442s/iter; left time: 234.9877s
	iters: 500, epoch: 6 | loss: 0.5807829
	speed: 0.0439s/iter; left time: 229.4383s
	iters: 600, epoch: 6 | loss: 0.5481460
	speed: 0.0390s/iter; left time: 199.6663s
	iters: 700, epoch: 6 | loss: 0.6135392
	speed: 0.0379s/iter; left time: 190.4356s
	iters: 800, epoch: 6 | loss: 0.5948500
	speed: 0.0421s/iter; left time: 207.0196s
	iters: 900, epoch: 6 | loss: 0.6072713
	speed: 0.0369s/iter; left time: 177.9435s
	iters: 1000, epoch: 6 | loss: 0.6435518
	speed: 0.0357s/iter; left time: 168.7322s
	iters: 1100, epoch: 6 | loss: 0.5574835
	speed: 0.0385s/iter; left time: 177.9748s
Epoch: 6 cost time: 46.67531061172485
Epoch: 6, Steps: 1144 | Train Loss: 0.5933761 Vali Loss: 0.4519056 Test Loss: 0.1986723
Validation loss decreased (0.456222 --> 0.451906).  Saving model ...
Updating learning rate to 0.00017274575140626317
	iters: 100, epoch: 7 | loss: 0.6464790
	speed: 0.1262s/iter; left time: 565.2102s
	iters: 200, epoch: 7 | loss: 0.6189819
	speed: 0.0397s/iter; left time: 173.8235s
	iters: 300, epoch: 7 | loss: 0.6586195
	speed: 0.0464s/iter; left time: 198.5705s
	iters: 400, epoch: 7 | loss: 0.5639446
	speed: 0.0398s/iter; left time: 166.0867s
	iters: 500, epoch: 7 | loss: 0.5141270
	speed: 0.0384s/iter; left time: 156.4692s
	iters: 600, epoch: 7 | loss: 0.5426454
	speed: 0.0392s/iter; left time: 155.7526s
	iters: 700, epoch: 7 | loss: 0.5994080
	speed: 0.0394s/iter; left time: 152.7404s
	iters: 800, epoch: 7 | loss: 0.5526949
	speed: 0.0393s/iter; left time: 148.4868s
	iters: 900, epoch: 7 | loss: 0.5859906
	speed: 0.0389s/iter; left time: 142.8937s
	iters: 1000, epoch: 7 | loss: 0.5871717
	speed: 0.0407s/iter; left time: 145.4903s
	iters: 1100, epoch: 7 | loss: 0.5895145
	speed: 0.0422s/iter; left time: 146.6363s
Epoch: 7 cost time: 46.29695391654968
Epoch: 7, Steps: 1144 | Train Loss: 0.5894321 Vali Loss: 0.4537041 Test Loss: 0.1977198
Validation loss decreased (0.451906 --> 0.453704).  Saving model ...
Updating learning rate to 0.00010305368692688174
	iters: 100, epoch: 8 | loss: 0.6063671
	speed: 0.1346s/iter; left time: 448.4988s
	iters: 200, epoch: 8 | loss: 0.5646216
	speed: 0.0368s/iter; left time: 119.1005s
	iters: 300, epoch: 8 | loss: 0.5715904
	speed: 0.0387s/iter; left time: 121.2399s
	iters: 400, epoch: 8 | loss: 0.5636526
	speed: 0.0356s/iter; left time: 108.0938s
	iters: 500, epoch: 8 | loss: 0.5694255
	speed: 0.0421s/iter; left time: 123.5869s
	iters: 600, epoch: 8 | loss: 0.6068734
	speed: 0.0400s/iter; left time: 113.2953s
	iters: 700, epoch: 8 | loss: 0.5803326
	speed: 0.0408s/iter; left time: 111.5154s
	iters: 800, epoch: 8 | loss: 0.6289701
	speed: 0.0386s/iter; left time: 101.5607s
	iters: 900, epoch: 8 | loss: 0.5630813
	speed: 0.0429s/iter; left time: 108.5674s
	iters: 1000, epoch: 8 | loss: 0.5859853
	speed: 0.0493s/iter; left time: 119.9870s
	iters: 1100, epoch: 8 | loss: 0.6476735
	speed: 0.0385s/iter; left time: 89.7209s
Epoch: 8 cost time: 45.98064589500427
Epoch: 8, Steps: 1144 | Train Loss: 0.5864993 Vali Loss: 0.4526849 Test Loss: 0.1981924
Validation loss decreased (0.453704 --> 0.452685).  Saving model ...
Updating learning rate to 4.7745751406263163e-05
	iters: 100, epoch: 9 | loss: 0.5345343
	speed: 0.1765s/iter; left time: 386.3350s
	iters: 200, epoch: 9 | loss: 0.6164681
	speed: 0.0474s/iter; left time: 98.9622s
	iters: 300, epoch: 9 | loss: 0.5867207
	speed: 0.0454s/iter; left time: 90.3638s
	iters: 400, epoch: 9 | loss: 0.6253818
	speed: 0.0398s/iter; left time: 75.2550s
	iters: 500, epoch: 9 | loss: 0.6030805
	speed: 0.0382s/iter; left time: 68.4131s
	iters: 600, epoch: 9 | loss: 0.5771335
	speed: 0.0391s/iter; left time: 65.9794s
	iters: 700, epoch: 9 | loss: 0.5887753
	speed: 0.0393s/iter; left time: 62.4530s
	iters: 800, epoch: 9 | loss: 0.6253930
	speed: 0.0361s/iter; left time: 53.7715s
	iters: 900, epoch: 9 | loss: 0.5824341
	speed: 0.0409s/iter; left time: 56.7833s
	iters: 1000, epoch: 9 | loss: 0.6003196
	speed: 0.0400s/iter; left time: 51.5884s
	iters: 1100, epoch: 9 | loss: 0.5747040
	speed: 0.0341s/iter; left time: 40.5914s
Epoch: 9 cost time: 46.74884223937988
Epoch: 9, Steps: 1144 | Train Loss: 0.5844269 Vali Loss: 0.4524034 Test Loss: 0.1982883
Validation loss decreased (0.452685 --> 0.452403).  Saving model ...
Updating learning rate to 1.2235870926211617e-05
	iters: 100, epoch: 10 | loss: 0.5561222
	speed: 0.1856s/iter; left time: 193.9299s
	iters: 200, epoch: 10 | loss: 0.5788696
	speed: 0.0484s/iter; left time: 45.7336s
	iters: 300, epoch: 10 | loss: 0.5864124
	speed: 0.0410s/iter; left time: 34.6229s
	iters: 400, epoch: 10 | loss: 0.6088967
	speed: 0.0391s/iter; left time: 29.1478s
	iters: 500, epoch: 10 | loss: 0.5414320
	speed: 0.0443s/iter; left time: 28.5484s
	iters: 600, epoch: 10 | loss: 0.5885009
	speed: 0.0436s/iter; left time: 23.7385s
	iters: 700, epoch: 10 | loss: 0.5545906
	speed: 0.0431s/iter; left time: 19.1794s
	iters: 800, epoch: 10 | loss: 0.5786878
	speed: 0.0425s/iter; left time: 14.6779s
	iters: 900, epoch: 10 | loss: 0.5855330
	speed: 0.0440s/iter; left time: 10.7757s
	iters: 1000, epoch: 10 | loss: 0.6134336
	speed: 0.0377s/iter; left time: 5.4633s
	iters: 1100, epoch: 10 | loss: 0.5741857
	speed: 0.0398s/iter; left time: 1.7893s
Epoch: 10 cost time: 48.31147360801697
Epoch: 10, Steps: 1144 | Train Loss: 0.5831911 Vali Loss: 0.4520180 Test Loss: 0.1977373
Validation loss decreased (0.452403 --> 0.452018).  Saving model ...
Updating learning rate to 0.0
>>>>>>>testing : long_term_forecast_weather_96_192_fcv_patch6_b1.0_TimeFilter_custom_addlossfcv_numpairsmax_patchlen6_alpha0.0_beta1.0<<<<<<<<<<<<<<<<<<<<<<<<<<<<<<<<<
test 10348
mse:0.19801867008209229, mae:0.2363395392894745
================================================================================
Model Profiling Summary
Total Params             : 226,232
Inference Time (s)       : 0.008626
GPU Mem Footprint (MB)   : 25.02
Peak Mem (MB)            : 30.78
================================================================================
Deleted model checkpoint at: ./checkpoints/long_term_forecast_weather_96_192_fcv_patch6_b1.0_TimeFilter_custom_addlossfcv_numpairsmax_patchlen6_alpha0.0_beta1.0/checkpoint.pth
[OK] CvLoss | seq_len=96 | pred_len=192 | mse=0.198 | mae=0.236
======================================================
Running | model=TimeFilter | table_name=TimeFilter | seq_len=96 | pred_len=192 | add_loss=None
======================================================
Args in experiment:
[1mBasic Config[0m
  Task Name:          long_term_forecast  Is Training:        2                   
  Model ID:           weather_96_192_None_patch6_b1.0Model:              TimeFilter          

[1mData Loader[0m
  Data:               custom              Root Path:          ./data              
  Data Path:          weather.csv         Features:           M                   
  Target:             OT                  Freq:               h                   
  Checkpoints:        ./checkpoints/      

[1mForecasting Task[0m
  Seq Len:            96                  Label Len:          48                  
  Pred Len:           192                 Seasonal Patterns:  Monthly             
  Inverse:            0                   

[1mModel Parameters[0m
  Top k:              5                   Num Kernels:        6                   
  Enc In:             21                  Dec In:             21                  
  C Out:              21                  d model:            128                 
  n heads:            4                   e layers:           2                   
  d layers:           1                   d FF:               256                 
  Moving Avg:         25                  Factor:             3                   
  Distil:             1                   Dropout:            0.3                 
  Embed:              timeF               Activation:         gelu                
  Output Attention:   0                   

[1mRun Parameters[0m
  Num Workers:        1                   Itr:                1                   
  Train Epochs:       10                  Batch Size:         32                  
  Patience:           3                   Learning Rate:      0.0005              
  Des:                Exp                 Loss:               MSE                 
  Lradj:              cosine              Use Amp:            0                   

[1mGPU[0m
  Use GPU:            1                   GPU:                0                   
  Use Multi GPU:      0                   Devices:            0,1,2,3             

[1mDe-stationary Projector Params[0m
  P Hidden Dims:      128, 128            P Hidden Layers:    2                   

Use GPU: cuda:0
>>>>>>>start training : long_term_forecast_weather_96_192_None_patch6_b1.0_TimeFilter_custom_addlossNone_numpairsmax_patchlen16_alpha1.0_beta0.1>>>>>>>>>>>>>>>>>>>>>>>>>>
train 36600
val 5079
test 10348
	iters: 100, epoch: 1 | loss: 0.6507389
	speed: 0.0467s/iter; left time: 530.1824s
	iters: 200, epoch: 1 | loss: 0.6484772
	speed: 0.0252s/iter; left time: 283.7487s
	iters: 300, epoch: 1 | loss: 0.5455302
	speed: 0.0274s/iter; left time: 304.7777s
	iters: 400, epoch: 1 | loss: 0.4874117
	speed: 0.0262s/iter; left time: 288.9554s
	iters: 500, epoch: 1 | loss: 0.4169327
	speed: 0.0225s/iter; left time: 245.8105s
	iters: 600, epoch: 1 | loss: 0.4374266
	speed: 0.0202s/iter; left time: 219.1480s
	iters: 700, epoch: 1 | loss: 0.6297463
	speed: 0.0222s/iter; left time: 238.9015s
	iters: 800, epoch: 1 | loss: 0.5695883
	speed: 0.0255s/iter; left time: 271.4488s
	iters: 900, epoch: 1 | loss: 0.7542112
	speed: 0.0285s/iter; left time: 300.5335s
	iters: 1000, epoch: 1 | loss: 0.6189491
	speed: 0.0225s/iter; left time: 235.3062s
	iters: 1100, epoch: 1 | loss: 0.6295257
	speed: 0.0228s/iter; left time: 235.7420s
Epoch: 1 cost time: 29.12476396560669
Epoch: 1, Steps: 1144 | Train Loss: 0.6344500 Vali Loss: 0.4763629 Test Loss: 0.2143220
Validation loss decreased (inf --> 0.476363).  Saving model ...
Updating learning rate to 0.0004877641290737884
	iters: 100, epoch: 2 | loss: 0.4524586
	speed: 0.1345s/iter; left time: 1371.8123s
	iters: 200, epoch: 2 | loss: 0.5803732
	speed: 0.0215s/iter; left time: 216.9145s
	iters: 300, epoch: 2 | loss: 0.4756076
	speed: 0.0216s/iter; left time: 215.5758s
	iters: 400, epoch: 2 | loss: 0.5125169
	speed: 0.0126s/iter; left time: 124.3423s
	iters: 500, epoch: 2 | loss: 0.4579763
	speed: 0.0195s/iter; left time: 191.1309s
	iters: 600, epoch: 2 | loss: 0.5597155
	speed: 0.0174s/iter; left time: 168.5561s
	iters: 700, epoch: 2 | loss: 0.5834498
	speed: 0.0202s/iter; left time: 193.6396s
	iters: 800, epoch: 2 | loss: 0.4569784
	speed: 0.0195s/iter; left time: 185.1901s
	iters: 900, epoch: 2 | loss: 0.5506693
	speed: 0.0246s/iter; left time: 231.1410s
	iters: 1000, epoch: 2 | loss: 0.4425252
	speed: 0.0168s/iter; left time: 155.8551s
	iters: 1100, epoch: 2 | loss: 0.5533320
	speed: 0.0165s/iter; left time: 151.5213s
Epoch: 2 cost time: 22.71468758583069
Epoch: 2, Steps: 1144 | Train Loss: 0.5951523 Vali Loss: 0.4662419 Test Loss: 0.2079747
Validation loss decreased (0.476363 --> 0.466242).  Saving model ...
Updating learning rate to 0.0004522542485937369
	iters: 100, epoch: 3 | loss: 0.4664554
	speed: 0.0899s/iter; left time: 814.2856s
	iters: 200, epoch: 3 | loss: 1.5754449
	speed: 0.0166s/iter; left time: 148.7115s
	iters: 300, epoch: 3 | loss: 0.4002558
	speed: 0.0230s/iter; left time: 203.5756s
	iters: 400, epoch: 3 | loss: 0.9845906
	speed: 0.0264s/iter; left time: 231.0564s
	iters: 500, epoch: 3 | loss: 1.3689073
	speed: 0.0222s/iter; left time: 192.4154s
	iters: 600, epoch: 3 | loss: 0.4614157
	speed: 0.0222s/iter; left time: 189.7267s
	iters: 700, epoch: 3 | loss: 0.5198195
	speed: 0.0205s/iter; left time: 173.5061s
	iters: 800, epoch: 3 | loss: 0.4383610
	speed: 0.0261s/iter; left time: 217.8659s
	iters: 900, epoch: 3 | loss: 0.4923855
	speed: 0.0266s/iter; left time: 219.9338s
	iters: 1000, epoch: 3 | loss: 0.5971227
	speed: 0.0241s/iter; left time: 196.4277s
	iters: 1100, epoch: 3 | loss: 0.4002151
	speed: 0.0222s/iter; left time: 178.9474s
Epoch: 3 cost time: 26.619444847106934
Epoch: 3, Steps: 1144 | Train Loss: 0.5791639 Vali Loss: 0.4610645 Test Loss: 0.2071752
Validation loss decreased (0.466242 --> 0.461064).  Saving model ...
Updating learning rate to 0.0003969463130731183
	iters: 100, epoch: 4 | loss: 0.8561566
	speed: 0.1422s/iter; left time: 1124.8568s
	iters: 200, epoch: 4 | loss: 0.3971429
	speed: 0.0211s/iter; left time: 164.8101s
	iters: 300, epoch: 4 | loss: 0.5055386
	speed: 0.0223s/iter; left time: 171.5835s
	iters: 400, epoch: 4 | loss: 0.4539171
	speed: 0.0206s/iter; left time: 156.9439s
	iters: 500, epoch: 4 | loss: 0.9298130
	speed: 0.0204s/iter; left time: 153.4643s
	iters: 600, epoch: 4 | loss: 0.4827837
	speed: 0.0261s/iter; left time: 193.7159s
	iters: 700, epoch: 4 | loss: 0.5073165
	speed: 0.0281s/iter; left time: 205.5303s
	iters: 800, epoch: 4 | loss: 0.6356086
	speed: 0.0236s/iter; left time: 170.4055s
	iters: 900, epoch: 4 | loss: 0.4885626
	speed: 0.0214s/iter; left time: 152.2628s
	iters: 1000, epoch: 4 | loss: 0.8817008
	speed: 0.0167s/iter; left time: 116.9304s
	iters: 1100, epoch: 4 | loss: 1.0286601
	speed: 0.0182s/iter; left time: 125.5639s
Epoch: 4 cost time: 25.675974130630493
Epoch: 4, Steps: 1144 | Train Loss: 0.5685981 Vali Loss: 0.4607560 Test Loss: 0.2030886
Validation loss decreased (0.461064 --> 0.460756).  Saving model ...
Updating learning rate to 0.00032725424859373687
	iters: 100, epoch: 5 | loss: 0.4397985
	speed: 0.1109s/iter; left time: 749.9432s
	iters: 200, epoch: 5 | loss: 0.4341449
	speed: 0.0187s/iter; left time: 124.7041s
	iters: 300, epoch: 5 | loss: 0.9086585
	speed: 0.0173s/iter; left time: 113.3537s
	iters: 400, epoch: 5 | loss: 0.5512843
	speed: 0.0150s/iter; left time: 96.7332s
	iters: 500, epoch: 5 | loss: 0.4527823
	speed: 0.0164s/iter; left time: 104.6860s
	iters: 600, epoch: 5 | loss: 1.0335062
	speed: 0.0227s/iter; left time: 142.4943s
	iters: 700, epoch: 5 | loss: 1.1080033
	speed: 0.0159s/iter; left time: 97.8670s
	iters: 800, epoch: 5 | loss: 0.3653983
	speed: 0.0202s/iter; left time: 122.7272s
	iters: 900, epoch: 5 | loss: 1.0380981
	speed: 0.0259s/iter; left time: 154.7500s
	iters: 1000, epoch: 5 | loss: 0.4507140
	speed: 0.0208s/iter; left time: 122.1207s
	iters: 1100, epoch: 5 | loss: 0.3791461
	speed: 0.0213s/iter; left time: 122.6894s
Epoch: 5 cost time: 22.14519715309143
Epoch: 5, Steps: 1144 | Train Loss: 0.5620768 Vali Loss: 0.4628375 Test Loss: 0.2068272
Validation loss decreased (0.460756 --> 0.462837).  Saving model ...
Updating learning rate to 0.00025
	iters: 100, epoch: 6 | loss: 0.4784291
	speed: 0.1442s/iter; left time: 810.4719s
	iters: 200, epoch: 6 | loss: 0.5617096
	speed: 0.0218s/iter; left time: 120.1650s
	iters: 300, epoch: 6 | loss: 0.5998060
	speed: 0.0214s/iter; left time: 115.9047s
	iters: 400, epoch: 6 | loss: 0.4092436
	speed: 0.0213s/iter; left time: 113.4869s
	iters: 500, epoch: 6 | loss: 0.4926640
	speed: 0.0258s/iter; left time: 134.5257s
	iters: 600, epoch: 6 | loss: 0.3575162
	speed: 0.0259s/iter; left time: 132.7101s
	iters: 700, epoch: 6 | loss: 0.4813179
	speed: 0.0247s/iter; left time: 124.0319s
	iters: 800, epoch: 6 | loss: 0.4340076
	speed: 0.0201s/iter; left time: 98.7117s
	iters: 900, epoch: 6 | loss: 0.4835747
	speed: 0.0189s/iter; left time: 90.8913s
	iters: 1000, epoch: 6 | loss: 0.5186607
	speed: 0.0187s/iter; left time: 88.1581s
	iters: 1100, epoch: 6 | loss: 0.3819452
	speed: 0.0184s/iter; left time: 85.0520s
Epoch: 6 cost time: 24.882333517074585
Epoch: 6, Steps: 1144 | Train Loss: 0.5556549 Vali Loss: 0.4562873 Test Loss: 0.2032566
Validation loss decreased (0.462837 --> 0.456287).  Saving model ...
Updating learning rate to 0.00017274575140626317
	iters: 100, epoch: 7 | loss: 0.5549211
	speed: 0.0847s/iter; left time: 379.0315s
	iters: 200, epoch: 7 | loss: 0.9625280
	speed: 0.0122s/iter; left time: 53.4384s
	iters: 300, epoch: 7 | loss: 0.5992749
	speed: 0.0164s/iter; left time: 70.2803s
	iters: 400, epoch: 7 | loss: 0.4131548
	speed: 0.0160s/iter; left time: 66.8568s
	iters: 500, epoch: 7 | loss: 0.3582508
	speed: 0.0160s/iter; left time: 65.4169s
	iters: 600, epoch: 7 | loss: 0.4092384
	speed: 0.0168s/iter; left time: 66.7762s
	iters: 700, epoch: 7 | loss: 0.5685447
	speed: 0.0164s/iter; left time: 63.4339s
	iters: 800, epoch: 7 | loss: 0.4286441
	speed: 0.0192s/iter; left time: 72.6533s
	iters: 900, epoch: 7 | loss: 0.4376599
	speed: 0.0146s/iter; left time: 53.7886s
	iters: 1000, epoch: 7 | loss: 1.0211350
	speed: 0.0145s/iter; left time: 51.8664s
	iters: 1100, epoch: 7 | loss: 0.8604349
	speed: 0.0212s/iter; left time: 73.6102s
Epoch: 7 cost time: 18.86650323867798
Epoch: 7, Steps: 1144 | Train Loss: 0.5495303 Vali Loss: 0.4599296 Test Loss: 0.2037576
Validation loss decreased (0.456287 --> 0.459930).  Saving model ...
Updating learning rate to 0.00010305368692688174
	iters: 100, epoch: 8 | loss: 0.8862536
	speed: 0.0952s/iter; left time: 317.1650s
	iters: 200, epoch: 8 | loss: 0.4794945
	speed: 0.0144s/iter; left time: 46.6485s
	iters: 300, epoch: 8 | loss: 0.8747866
	speed: 0.0266s/iter; left time: 83.3399s
	iters: 400, epoch: 8 | loss: 0.4013858
	speed: 0.0173s/iter; left time: 52.3712s
	iters: 500, epoch: 8 | loss: 0.3935663
	speed: 0.0171s/iter; left time: 50.0531s
	iters: 600, epoch: 8 | loss: 0.4981624
	speed: 0.0182s/iter; left time: 51.4551s
	iters: 700, epoch: 8 | loss: 0.4393052
	speed: 0.0256s/iter; left time: 70.0721s
	iters: 800, epoch: 8 | loss: 0.5533969
	speed: 0.0232s/iter; left time: 61.1014s
	iters: 900, epoch: 8 | loss: 0.4242217
	speed: 0.0254s/iter; left time: 64.4006s
	iters: 1000, epoch: 8 | loss: 0.4329973
	speed: 0.0206s/iter; left time: 50.2267s
	iters: 1100, epoch: 8 | loss: 0.5297294
	speed: 0.0182s/iter; left time: 42.3469s
Epoch: 8 cost time: 23.035540342330933
Epoch: 8, Steps: 1144 | Train Loss: 0.5463688 Vali Loss: 0.4589899 Test Loss: 0.2024353
Validation loss decreased (0.459930 --> 0.458990).  Saving model ...
Updating learning rate to 4.7745751406263163e-05
	iters: 100, epoch: 9 | loss: 0.3700236
	speed: 0.1274s/iter; left time: 278.8895s
	iters: 200, epoch: 9 | loss: 0.4747441
	speed: 0.0245s/iter; left time: 51.1446s
	iters: 300, epoch: 9 | loss: 0.4453884
	speed: 0.0243s/iter; left time: 48.4280s
	iters: 400, epoch: 9 | loss: 0.9502271
	speed: 0.0204s/iter; left time: 38.4995s
	iters: 500, epoch: 9 | loss: 0.5553731
	speed: 0.0172s/iter; left time: 30.7425s
	iters: 600, epoch: 9 | loss: 0.4969606
	speed: 0.0171s/iter; left time: 28.8477s
	iters: 700, epoch: 9 | loss: 0.5120554
	speed: 0.0181s/iter; left time: 28.7177s
	iters: 800, epoch: 9 | loss: 0.4973924
	speed: 0.0166s/iter; left time: 24.7002s
	iters: 900, epoch: 9 | loss: 0.4481061
	speed: 0.0193s/iter; left time: 26.7709s
	iters: 1000, epoch: 9 | loss: 0.4328776
	speed: 0.0255s/iter; left time: 32.8985s
	iters: 1100, epoch: 9 | loss: 0.4985180
	speed: 0.0236s/iter; left time: 28.0076s
Epoch: 9 cost time: 24.03978180885315
Epoch: 9, Steps: 1144 | Train Loss: 0.5435858 Vali Loss: 0.4571726 Test Loss: 0.2023232
Validation loss decreased (0.458990 --> 0.457173).  Saving model ...
Updating learning rate to 1.2235870926211617e-05
	iters: 100, epoch: 10 | loss: 0.4234406
	speed: 0.0937s/iter; left time: 97.9377s
	iters: 200, epoch: 10 | loss: 0.4588205
	speed: 0.0163s/iter; left time: 15.3961s
	iters: 300, epoch: 10 | loss: 0.4278577
	speed: 0.0137s/iter; left time: 11.5753s
	iters: 400, epoch: 10 | loss: 0.5264013
	speed: 0.0140s/iter; left time: 10.4293s
	iters: 500, epoch: 10 | loss: 0.3884158
	speed: 0.0219s/iter; left time: 14.1200s
	iters: 600, epoch: 10 | loss: 0.4017317
	speed: 0.0166s/iter; left time: 9.0505s
	iters: 700, epoch: 10 | loss: 0.4540195
	speed: 0.0258s/iter; left time: 11.4902s
	iters: 800, epoch: 10 | loss: 0.6695539
	speed: 0.0211s/iter; left time: 7.2891s
	iters: 900, epoch: 10 | loss: 0.5123523
	speed: 0.0136s/iter; left time: 3.3268s
	iters: 1000, epoch: 10 | loss: 0.5156291
	speed: 0.0135s/iter; left time: 1.9614s
	iters: 1100, epoch: 10 | loss: 0.4450372
	speed: 0.0148s/iter; left time: 0.6655s
Epoch: 10 cost time: 20.084784030914307
Epoch: 10, Steps: 1144 | Train Loss: 0.5421526 Vali Loss: 0.4566635 Test Loss: 0.2018055
Validation loss decreased (0.457173 --> 0.456663).  Saving model ...
Updating learning rate to 0.0
>>>>>>>testing : long_term_forecast_weather_96_192_None_patch6_b1.0_TimeFilter_custom_addlossNone_numpairsmax_patchlen16_alpha1.0_beta0.1<<<<<<<<<<<<<<<<<<<<<<<<<<<<<<<<<
test 10348
mse:0.20210132002830505, mae:0.24643133580684662
================================================================================
Model Profiling Summary
Total Params             : 226,232
Inference Time (s)       : 0.007014
GPU Mem Footprint (MB)   : 25.02
Peak Mem (MB)            : 30.78
================================================================================
Deleted model checkpoint at: ./checkpoints/long_term_forecast_weather_96_192_None_patch6_b1.0_TimeFilter_custom_addlossNone_numpairsmax_patchlen16_alpha1.0_beta0.1/checkpoint.pth
[OK] TimeFilter | seq_len=96 | pred_len=192 | mse=0.202 | mae=0.246
======================================================
Running | model=TimeFilter | table_name=CvLoss | seq_len=96 | pred_len=336 | add_loss=fcv
======================================================
Args in experiment:
[1mBasic Config[0m
  Task Name:          long_term_forecast  Is Training:        2                   
  Model ID:           weather_96_336_fcv_patch6_b0.5Model:              TimeFilter          

[1mData Loader[0m
  Data:               custom              Root Path:          ./data              
  Data Path:          weather.csv         Features:           M                   
  Target:             OT                  Freq:               h                   
  Checkpoints:        ./checkpoints/      

[1mForecasting Task[0m
  Seq Len:            96                  Label Len:          48                  
  Pred Len:           336                 Seasonal Patterns:  Monthly             
  Inverse:            0                   

[1mModel Parameters[0m
  Top k:              5                   Num Kernels:        6                   
  Enc In:             21                  Dec In:             21                  
  C Out:              21                  d model:            128                 
  n heads:            4                   e layers:           2                   
  d layers:           1                   d FF:               256                 
  Moving Avg:         25                  Factor:             3                   
  Distil:             1                   Dropout:            0.3                 
  Embed:              timeF               Activation:         gelu                
  Output Attention:   0                   

[1mRun Parameters[0m
  Num Workers:        1                   Itr:                1                   
  Train Epochs:       10                  Batch Size:         32                  
  Patience:           3                   Learning Rate:      0.0005              
  Des:                Exp                 Loss:               MSE                 
  Lradj:              cosine              Use Amp:            0                   

[1mGPU[0m
  Use GPU:            1                   GPU:                0                   
  Use Multi GPU:      0                   Devices:            0,1,2,3             

[1mDe-stationary Projector Params[0m
  P Hidden Dims:      128, 128            P Hidden Layers:    2                   

Use GPU: cuda:0
>>>>>>>start training : long_term_forecast_weather_96_336_fcv_patch6_b0.5_TimeFilter_custom_addlossfcv_numpairsmax_patchlen6_alpha0.5_beta0.5>>>>>>>>>>>>>>>>>>>>>>>>>>
train 36456
val 4935
test 10204
	iters: 100, epoch: 1 | loss: 0.8114482
	speed: 0.0685s/iter; left time: 773.9448s
	iters: 200, epoch: 1 | loss: 0.7851509
	speed: 0.0414s/iter; left time: 463.9119s
	iters: 300, epoch: 1 | loss: 0.8713285
	speed: 0.0395s/iter; left time: 437.9875s
	iters: 400, epoch: 1 | loss: 0.6774120
	speed: 0.0398s/iter; left time: 438.0813s
	iters: 500, epoch: 1 | loss: 0.6719766
	speed: 0.0496s/iter; left time: 540.5406s
	iters: 600, epoch: 1 | loss: 0.6981196
	speed: 0.0414s/iter; left time: 446.6605s
	iters: 700, epoch: 1 | loss: 0.6324793
	speed: 0.0383s/iter; left time: 409.7563s
	iters: 800, epoch: 1 | loss: 0.7034144
	speed: 0.0403s/iter; left time: 427.1602s
	iters: 900, epoch: 1 | loss: 0.9928919
	speed: 0.0366s/iter; left time: 384.0964s
	iters: 1000, epoch: 1 | loss: 0.6235769
	speed: 0.0396s/iter; left time: 411.5705s
	iters: 1100, epoch: 1 | loss: 0.7873201
	speed: 0.0404s/iter; left time: 416.2735s
Epoch: 1 cost time: 48.20098114013672
Epoch: 1, Steps: 1140 | Train Loss: 0.7219588 Vali Loss: 0.5516263 Test Loss: 0.2660492
Validation loss decreased (inf --> 0.551626).  Saving model ...
Updating learning rate to 0.0004877641290737884
	iters: 100, epoch: 2 | loss: 0.7788047
	speed: 0.1398s/iter; left time: 1420.2203s
	iters: 200, epoch: 2 | loss: 0.6460354
	speed: 0.0441s/iter; left time: 443.6256s
	iters: 300, epoch: 2 | loss: 0.6289551
	speed: 0.0399s/iter; left time: 397.4735s
	iters: 400, epoch: 2 | loss: 0.8310642
	speed: 0.0393s/iter; left time: 387.8361s
	iters: 500, epoch: 2 | loss: 0.6237219
	speed: 0.0407s/iter; left time: 397.7429s
	iters: 600, epoch: 2 | loss: 0.6643172
	speed: 0.0438s/iter; left time: 423.3670s
	iters: 700, epoch: 2 | loss: 0.6988714
	speed: 0.0393s/iter; left time: 375.4184s
	iters: 800, epoch: 2 | loss: 0.6131940
	speed: 0.0409s/iter; left time: 386.9075s
	iters: 900, epoch: 2 | loss: 0.6719423
	speed: 0.0429s/iter; left time: 401.4060s
	iters: 1000, epoch: 2 | loss: 0.8451070
	speed: 0.0439s/iter; left time: 406.7599s
	iters: 1100, epoch: 2 | loss: 0.7927144
	speed: 0.0400s/iter; left time: 366.8051s
Epoch: 2 cost time: 47.692333698272705
Epoch: 2, Steps: 1140 | Train Loss: 0.6852949 Vali Loss: 0.5543952 Test Loss: 0.2626191
Validation loss decreased (0.551626 --> 0.554395).  Saving model ...
Updating learning rate to 0.0004522542485937369
	iters: 100, epoch: 3 | loss: 0.7944586
	speed: 0.1262s/iter; left time: 1138.1634s
	iters: 200, epoch: 3 | loss: 0.5937932
	speed: 0.0387s/iter; left time: 345.4669s
	iters: 300, epoch: 3 | loss: 0.6108141
	speed: 0.0381s/iter; left time: 336.4299s
	iters: 400, epoch: 3 | loss: 0.6533843
	speed: 0.0428s/iter; left time: 373.1696s
	iters: 500, epoch: 3 | loss: 0.6069541
	speed: 0.0349s/iter; left time: 301.1760s
	iters: 600, epoch: 3 | loss: 0.5809824
	speed: 0.0457s/iter; left time: 389.6195s
	iters: 700, epoch: 3 | loss: 0.5643546
	speed: 0.0408s/iter; left time: 343.5181s
	iters: 800, epoch: 3 | loss: 0.8392267
	speed: 0.0392s/iter; left time: 326.1917s
	iters: 900, epoch: 3 | loss: 0.8020573
	speed: 0.0397s/iter; left time: 326.5886s
	iters: 1000, epoch: 3 | loss: 0.6245410
	speed: 0.0434s/iter; left time: 352.5367s
	iters: 1100, epoch: 3 | loss: 0.6324256
	speed: 0.0420s/iter; left time: 336.8418s
Epoch: 3 cost time: 46.27783226966858
Epoch: 3, Steps: 1140 | Train Loss: 0.6685079 Vali Loss: 0.5539389 Test Loss: 0.2637138
Validation loss decreased (0.554395 --> 0.553939).  Saving model ...
Updating learning rate to 0.0003969463130731183
	iters: 100, epoch: 4 | loss: 0.7794990
	speed: 0.1524s/iter; left time: 1201.3279s
	iters: 200, epoch: 4 | loss: 0.7059870
	speed: 0.0437s/iter; left time: 339.9711s
	iters: 300, epoch: 4 | loss: 0.8877152
	speed: 0.0403s/iter; left time: 309.6507s
	iters: 400, epoch: 4 | loss: 0.6467925
	speed: 0.0383s/iter; left time: 289.9911s
	iters: 500, epoch: 4 | loss: 0.7334790
	speed: 0.0381s/iter; left time: 284.6596s
	iters: 600, epoch: 4 | loss: 0.6079220
	speed: 0.0398s/iter; left time: 293.8643s
	iters: 700, epoch: 4 | loss: 0.6027049
	speed: 0.0446s/iter; left time: 324.9852s
	iters: 800, epoch: 4 | loss: 0.6770912
	speed: 0.0356s/iter; left time: 255.3958s
	iters: 900, epoch: 4 | loss: 0.7600861
	speed: 0.0393s/iter; left time: 278.0714s
	iters: 1000, epoch: 4 | loss: 0.6124438
	speed: 0.0416s/iter; left time: 290.3184s
	iters: 1100, epoch: 4 | loss: 0.5955069
	speed: 0.0387s/iter; left time: 266.3015s
Epoch: 4 cost time: 45.500322103500366
Epoch: 4, Steps: 1140 | Train Loss: 0.6574668 Vali Loss: 0.5439958 Test Loss: 0.2575775
Validation loss decreased (0.553939 --> 0.543996).  Saving model ...
Updating learning rate to 0.00032725424859373687
	iters: 100, epoch: 5 | loss: 0.7980412
	speed: 0.1640s/iter; left time: 1105.2785s
	iters: 200, epoch: 5 | loss: 0.5725571
	speed: 0.0481s/iter; left time: 319.6100s
	iters: 300, epoch: 5 | loss: 0.5829496
	speed: 0.0435s/iter; left time: 284.2835s
	iters: 400, epoch: 5 | loss: 0.6239908
	speed: 0.0439s/iter; left time: 282.8934s
	iters: 500, epoch: 5 | loss: 0.6821912
	speed: 0.0415s/iter; left time: 262.9071s
	iters: 600, epoch: 5 | loss: 0.6417183
	speed: 0.0479s/iter; left time: 298.9240s
	iters: 700, epoch: 5 | loss: 0.5161709
	speed: 0.0429s/iter; left time: 263.7498s
	iters: 800, epoch: 5 | loss: 0.6080133
	speed: 0.0420s/iter; left time: 253.5484s
	iters: 900, epoch: 5 | loss: 0.5935423
	speed: 0.0434s/iter; left time: 257.6094s
	iters: 1000, epoch: 5 | loss: 0.8964553
	speed: 0.0409s/iter; left time: 238.7040s
	iters: 1100, epoch: 5 | loss: 0.7129678
	speed: 0.0407s/iter; left time: 233.7057s
Epoch: 5 cost time: 49.833367347717285
Epoch: 5, Steps: 1140 | Train Loss: 0.6500747 Vali Loss: 0.5450430 Test Loss: 0.2581721
Validation loss decreased (0.543996 --> 0.545043).  Saving model ...
Updating learning rate to 0.00025
	iters: 100, epoch: 6 | loss: 0.5965495
	speed: 0.1094s/iter; left time: 612.9802s
	iters: 200, epoch: 6 | loss: 0.6532582
	speed: 0.0388s/iter; left time: 213.3665s
	iters: 300, epoch: 6 | loss: 0.5682475
	speed: 0.0340s/iter; left time: 183.5528s
	iters: 400, epoch: 6 | loss: 0.6532170
	speed: 0.0421s/iter; left time: 223.2311s
	iters: 500, epoch: 6 | loss: 0.5500765
	speed: 0.0431s/iter; left time: 223.9828s
	iters: 600, epoch: 6 | loss: 0.5368400
	speed: 0.0423s/iter; left time: 215.7936s
	iters: 700, epoch: 6 | loss: 0.6474863
	speed: 0.0411s/iter; left time: 205.4902s
	iters: 800, epoch: 6 | loss: 0.5490294
	speed: 0.0419s/iter; left time: 205.2076s
	iters: 900, epoch: 6 | loss: 0.5476789
	speed: 0.0469s/iter; left time: 225.1623s
	iters: 1000, epoch: 6 | loss: 0.5789186
	speed: 0.0444s/iter; left time: 208.5812s
	iters: 1100, epoch: 6 | loss: 0.6450976
	speed: 0.0403s/iter; left time: 185.2167s
Epoch: 6 cost time: 46.991474628448486
Epoch: 6, Steps: 1140 | Train Loss: 0.6437747 Vali Loss: 0.5455750 Test Loss: 0.2585101
Validation loss decreased (0.545043 --> 0.545575).  Saving model ...
Updating learning rate to 0.00017274575140626317
	iters: 100, epoch: 7 | loss: 0.6051169
	speed: 0.1653s/iter; left time: 737.5052s
	iters: 200, epoch: 7 | loss: 0.6901131
	speed: 0.0371s/iter; left time: 161.8046s
	iters: 300, epoch: 7 | loss: 0.5596461
	speed: 0.0401s/iter; left time: 170.6813s
	iters: 400, epoch: 7 | loss: 0.5440904
	speed: 0.0433s/iter; left time: 180.2378s
	iters: 500, epoch: 7 | loss: 0.5994177
	speed: 0.0395s/iter; left time: 160.2341s
	iters: 600, epoch: 7 | loss: 0.6081014
	speed: 0.0386s/iter; left time: 152.8294s
	iters: 700, epoch: 7 | loss: 0.6171942
	speed: 0.0416s/iter; left time: 160.5376s
	iters: 800, epoch: 7 | loss: 0.8697883
	speed: 0.0381s/iter; left time: 143.1697s
	iters: 900, epoch: 7 | loss: 0.5604333
	speed: 0.0449s/iter; left time: 164.5014s
	iters: 1000, epoch: 7 | loss: 0.8721981
	speed: 0.0425s/iter; left time: 151.2546s
	iters: 1100, epoch: 7 | loss: 0.5944032
	speed: 0.0442s/iter; left time: 153.1449s
Epoch: 7 cost time: 47.4719672203064
Epoch: 7, Steps: 1140 | Train Loss: 0.6386182 Vali Loss: 0.5388628 Test Loss: 0.2567255
Validation loss decreased (0.545575 --> 0.538863).  Saving model ...
Updating learning rate to 0.00010305368692688174
	iters: 100, epoch: 8 | loss: 0.8363161
	speed: 0.1833s/iter; left time: 608.7622s
	iters: 200, epoch: 8 | loss: 0.7596289
	speed: 0.0480s/iter; left time: 154.5672s
	iters: 300, epoch: 8 | loss: 0.5957112
	speed: 0.0440s/iter; left time: 137.3801s
	iters: 400, epoch: 8 | loss: 0.5729101
	speed: 0.0434s/iter; left time: 131.1036s
	iters: 500, epoch: 8 | loss: 0.5863786
	speed: 0.0455s/iter; left time: 133.0148s
	iters: 600, epoch: 8 | loss: 0.5959287
	speed: 0.0423s/iter; left time: 119.4181s
	iters: 700, epoch: 8 | loss: 0.6262378
	speed: 0.0384s/iter; left time: 104.5261s
	iters: 800, epoch: 8 | loss: 0.8253588
	speed: 0.0387s/iter; left time: 101.4561s
	iters: 900, epoch: 8 | loss: 0.5920267
	speed: 0.0399s/iter; left time: 100.5228s
	iters: 1000, epoch: 8 | loss: 0.5880194
	speed: 0.0394s/iter; left time: 95.4839s
	iters: 1100, epoch: 8 | loss: 0.7916378
	speed: 0.0419s/iter; left time: 97.1889s
Epoch: 8 cost time: 48.01732063293457
Epoch: 8, Steps: 1140 | Train Loss: 0.6349590 Vali Loss: 0.5451126 Test Loss: 0.2565166
Validation loss decreased (0.538863 --> 0.545113).  Saving model ...
Updating learning rate to 4.7745751406263163e-05
	iters: 100, epoch: 9 | loss: 0.6271949
	speed: 0.1462s/iter; left time: 318.8305s
	iters: 200, epoch: 9 | loss: 0.5774272
	speed: 0.0417s/iter; left time: 86.8776s
	iters: 300, epoch: 9 | loss: 0.5637105
	speed: 0.0442s/iter; left time: 87.5423s
	iters: 400, epoch: 9 | loss: 0.5654861
	speed: 0.0498s/iter; left time: 93.6753s
	iters: 500, epoch: 9 | loss: 0.5147524
	speed: 0.0421s/iter; left time: 74.9934s
	iters: 600, epoch: 9 | loss: 0.6088526
	speed: 0.0414s/iter; left time: 69.6473s
	iters: 700, epoch: 9 | loss: 0.5950862
	speed: 0.0453s/iter; left time: 71.6956s
	iters: 800, epoch: 9 | loss: 0.5885569
	speed: 0.0481s/iter; left time: 71.2211s
	iters: 900, epoch: 9 | loss: 0.5855790
	speed: 0.0450s/iter; left time: 62.1656s
	iters: 1000, epoch: 9 | loss: 0.5935360
	speed: 0.0412s/iter; left time: 52.7991s
	iters: 1100, epoch: 9 | loss: 0.5891285
	speed: 0.0430s/iter; left time: 50.7503s
Epoch: 9 cost time: 50.532774209976196
Epoch: 9, Steps: 1140 | Train Loss: 0.6325524 Vali Loss: 0.5411448 Test Loss: 0.2573608
Validation loss decreased (0.545113 --> 0.541145).  Saving model ...
Updating learning rate to 1.2235870926211617e-05
	iters: 100, epoch: 10 | loss: 0.5491297
	speed: 0.1289s/iter; left time: 134.1343s
	iters: 200, epoch: 10 | loss: 0.7211019
	speed: 0.0424s/iter; left time: 39.9137s
	iters: 300, epoch: 10 | loss: 0.5510425
	speed: 0.0411s/iter; left time: 34.6055s
	iters: 400, epoch: 10 | loss: 0.5320474
	speed: 0.0370s/iter; left time: 27.4192s
	iters: 500, epoch: 10 | loss: 0.6961349
	speed: 0.0457s/iter; left time: 29.2787s
	iters: 600, epoch: 10 | loss: 0.6608973
	speed: 0.0474s/iter; left time: 25.6209s
	iters: 700, epoch: 10 | loss: 0.7707127
	speed: 0.0433s/iter; left time: 19.1093s
	iters: 800, epoch: 10 | loss: 0.6027641
	speed: 0.0400s/iter; left time: 13.6533s
	iters: 900, epoch: 10 | loss: 0.5809651
	speed: 0.0428s/iter; left time: 10.3246s
	iters: 1000, epoch: 10 | loss: 0.7543498
	speed: 0.0469s/iter; left time: 6.6084s
	iters: 1100, epoch: 10 | loss: 0.5994776
	speed: 0.0481s/iter; left time: 1.9735s
Epoch: 10 cost time: 48.82449221611023
Epoch: 10, Steps: 1140 | Train Loss: 0.6308051 Vali Loss: 0.5409625 Test Loss: 0.2567523
Validation loss decreased (0.541145 --> 0.540962).  Saving model ...
Updating learning rate to 0.0
>>>>>>>testing : long_term_forecast_weather_96_336_fcv_patch6_b0.5_TimeFilter_custom_addlossfcv_numpairsmax_patchlen6_alpha0.5_beta0.5<<<<<<<<<<<<<<<<<<<<<<<<<<<<<<<<<
test 10204
mse:0.2568168640136719, mae:0.2829696536064148
================================================================================
Model Profiling Summary
Total Params             : 263,240
Inference Time (s)       : 0.005814
GPU Mem Footprint (MB)   : 26.48
Peak Mem (MB)            : 31.87
================================================================================
Deleted model checkpoint at: ./checkpoints/long_term_forecast_weather_96_336_fcv_patch6_b0.5_TimeFilter_custom_addlossfcv_numpairsmax_patchlen6_alpha0.5_beta0.5/checkpoint.pth
[OK] CvLoss | seq_len=96 | pred_len=336 | mse=0.257 | mae=0.283
======================================================
Running | model=TimeFilter | table_name=TimeFilter | seq_len=96 | pred_len=336 | add_loss=None
======================================================
Args in experiment:
[1mBasic Config[0m
  Task Name:          long_term_forecast  Is Training:        2                   
  Model ID:           weather_96_336_None_patch6_b0.5Model:              TimeFilter          

[1mData Loader[0m
  Data:               custom              Root Path:          ./data              
  Data Path:          weather.csv         Features:           M                   
  Target:             OT                  Freq:               h                   
  Checkpoints:        ./checkpoints/      

[1mForecasting Task[0m
  Seq Len:            96                  Label Len:          48                  
  Pred Len:           336                 Seasonal Patterns:  Monthly             
  Inverse:            0                   

[1mModel Parameters[0m
  Top k:              5                   Num Kernels:        6                   
  Enc In:             21                  Dec In:             21                  
  C Out:              21                  d model:            128                 
  n heads:            4                   e layers:           2                   
  d layers:           1                   d FF:               256                 
  Moving Avg:         25                  Factor:             3                   
  Distil:             1                   Dropout:            0.3                 
  Embed:              timeF               Activation:         gelu                
  Output Attention:   0                   

[1mRun Parameters[0m
  Num Workers:        1                   Itr:                1                   
  Train Epochs:       10                  Batch Size:         32                  
  Patience:           3                   Learning Rate:      0.0005              
  Des:                Exp                 Loss:               MSE                 
  Lradj:              cosine              Use Amp:            0                   

[1mGPU[0m
  Use GPU:            1                   GPU:                0                   
  Use Multi GPU:      0                   Devices:            0,1,2,3             

[1mDe-stationary Projector Params[0m
  P Hidden Dims:      128, 128            P Hidden Layers:    2                   

Use GPU: cuda:0
>>>>>>>start training : long_term_forecast_weather_96_336_None_patch6_b0.5_TimeFilter_custom_addlossNone_numpairsmax_patchlen16_alpha1.0_beta0.1>>>>>>>>>>>>>>>>>>>>>>>>>>
train 36456
val 4935
test 10204
	iters: 100, epoch: 1 | loss: 0.7903394
	speed: 0.0425s/iter; left time: 480.1287s
	iters: 200, epoch: 1 | loss: 0.8423302
	speed: 0.0164s/iter; left time: 183.4587s
	iters: 300, epoch: 1 | loss: 0.8052007
	speed: 0.0176s/iter; left time: 195.5932s
	iters: 400, epoch: 1 | loss: 0.6505902
	speed: 0.0142s/iter; left time: 155.7419s
	iters: 500, epoch: 1 | loss: 0.6157130
	speed: 0.0151s/iter; left time: 164.3195s
	iters: 600, epoch: 1 | loss: 0.6553996
	speed: 0.0238s/iter; left time: 256.9536s
	iters: 700, epoch: 1 | loss: 0.5612497
	speed: 0.0179s/iter; left time: 191.2747s
	iters: 800, epoch: 1 | loss: 0.6836823
	speed: 0.0189s/iter; left time: 200.8611s
	iters: 900, epoch: 1 | loss: 1.2382449
	speed: 0.0309s/iter; left time: 324.6182s
	iters: 1000, epoch: 1 | loss: 0.5420148
	speed: 0.0247s/iter; left time: 256.6399s
	iters: 1100, epoch: 1 | loss: 0.7787672
	speed: 0.0180s/iter; left time: 185.8093s
Epoch: 1 cost time: 24.126824378967285
Epoch: 1, Steps: 1140 | Train Loss: 0.7045009 Vali Loss: 0.5572945 Test Loss: 0.2704823
Validation loss decreased (inf --> 0.557294).  Saving model ...
Updating learning rate to 0.0004877641290737884
	iters: 100, epoch: 2 | loss: 0.8290975
	speed: 0.1197s/iter; left time: 1216.0419s
	iters: 200, epoch: 2 | loss: 0.6008590
	speed: 0.0244s/iter; left time: 245.3821s
	iters: 300, epoch: 2 | loss: 0.5509841
	speed: 0.0257s/iter; left time: 255.8453s
	iters: 400, epoch: 2 | loss: 0.8872566
	speed: 0.0230s/iter; left time: 227.0530s
	iters: 500, epoch: 2 | loss: 0.5516878
	speed: 0.0201s/iter; left time: 196.0767s
	iters: 600, epoch: 2 | loss: 0.5966699
	speed: 0.0193s/iter; left time: 186.5033s
	iters: 700, epoch: 2 | loss: 0.7478321
	speed: 0.0185s/iter; left time: 176.7217s
	iters: 800, epoch: 2 | loss: 0.5257285
	speed: 0.0184s/iter; left time: 174.0666s
	iters: 900, epoch: 2 | loss: 0.6303024
	speed: 0.0186s/iter; left time: 173.6958s
	iters: 1000, epoch: 2 | loss: 0.9586592
	speed: 0.0228s/iter; left time: 210.8266s
	iters: 1100, epoch: 2 | loss: 0.8697693
	speed: 0.0249s/iter; left time: 228.4725s
Epoch: 2 cost time: 24.739969491958618
Epoch: 2, Steps: 1140 | Train Loss: 0.6600383 Vali Loss: 0.5516806 Test Loss: 0.2650284
Validation loss decreased (0.557294 --> 0.551681).  Saving model ...
Updating learning rate to 0.0004522542485937369
	iters: 100, epoch: 3 | loss: 0.8852822
	speed: 0.1311s/iter; left time: 1182.4247s
	iters: 200, epoch: 3 | loss: 0.5179244
	speed: 0.0166s/iter; left time: 148.2088s
	iters: 300, epoch: 3 | loss: 0.5587442
	speed: 0.0159s/iter; left time: 139.8792s
	iters: 400, epoch: 3 | loss: 0.5748306
	speed: 0.0195s/iter; left time: 170.4694s
	iters: 500, epoch: 3 | loss: 0.5394123
	speed: 0.0226s/iter; left time: 195.0726s
	iters: 600, epoch: 3 | loss: 0.5249004
	speed: 0.0239s/iter; left time: 203.8523s
	iters: 700, epoch: 3 | loss: 0.4724912
	speed: 0.0201s/iter; left time: 169.2817s
	iters: 800, epoch: 3 | loss: 0.9994866
	speed: 0.0162s/iter; left time: 135.1927s
	iters: 900, epoch: 3 | loss: 0.8844309
	speed: 0.0237s/iter; left time: 194.8160s
	iters: 1000, epoch: 3 | loss: 0.5661203
	speed: 0.0153s/iter; left time: 124.5938s
	iters: 1100, epoch: 3 | loss: 0.5391407
	speed: 0.0137s/iter; left time: 109.9544s
Epoch: 3 cost time: 21.048417806625366
Epoch: 3, Steps: 1140 | Train Loss: 0.6444111 Vali Loss: 0.5512638 Test Loss: 0.2648341
Validation loss decreased (0.551681 --> 0.551264).  Saving model ...
Updating learning rate to 0.0003969463130731183
	iters: 100, epoch: 4 | loss: 0.8727054
	speed: 0.0767s/iter; left time: 604.8115s
	iters: 200, epoch: 4 | loss: 0.7249559
	speed: 0.0203s/iter; left time: 157.9199s
	iters: 300, epoch: 4 | loss: 1.0772172
	speed: 0.0205s/iter; left time: 157.0827s
	iters: 400, epoch: 4 | loss: 0.5889384
	speed: 0.0201s/iter; left time: 152.4492s
	iters: 500, epoch: 4 | loss: 0.7180477
	speed: 0.0195s/iter; left time: 145.8141s
	iters: 600, epoch: 4 | loss: 0.5188853
	speed: 0.0186s/iter; left time: 137.1839s
	iters: 700, epoch: 4 | loss: 0.5190517
	speed: 0.0193s/iter; left time: 140.5797s
	iters: 800, epoch: 4 | loss: 0.6420176
	speed: 0.0196s/iter; left time: 140.5182s
	iters: 900, epoch: 4 | loss: 0.8281627
	speed: 0.0203s/iter; left time: 143.3967s
	iters: 1000, epoch: 4 | loss: 0.5536841
	speed: 0.0222s/iter; left time: 154.7770s
	iters: 1100, epoch: 4 | loss: 0.5159341
	speed: 0.0213s/iter; left time: 146.4430s
Epoch: 4 cost time: 22.64388084411621
Epoch: 4, Steps: 1140 | Train Loss: 0.6322314 Vali Loss: 0.5439553 Test Loss: 0.2609531
Validation loss decreased (0.551264 --> 0.543955).  Saving model ...
Updating learning rate to 0.00032725424859373687
	iters: 100, epoch: 5 | loss: 0.8828546
	speed: 0.1619s/iter; left time: 1091.4065s
	iters: 200, epoch: 5 | loss: 0.5024387
	speed: 0.0223s/iter; left time: 148.0206s
	iters: 300, epoch: 5 | loss: 0.5104957
	speed: 0.0212s/iter; left time: 138.9367s
	iters: 400, epoch: 5 | loss: 0.5790845
	speed: 0.0258s/iter; left time: 166.0474s
	iters: 500, epoch: 5 | loss: 0.6655824
	speed: 0.0284s/iter; left time: 179.8733s
	iters: 600, epoch: 5 | loss: 0.5919909
	speed: 0.0223s/iter; left time: 139.0854s
	iters: 700, epoch: 5 | loss: 0.4171615
	speed: 0.0221s/iter; left time: 135.4879s
	iters: 800, epoch: 5 | loss: 0.5416617
	speed: 0.0149s/iter; left time: 90.2158s
	iters: 900, epoch: 5 | loss: 0.5280794
	speed: 0.0205s/iter; left time: 122.0410s
	iters: 1000, epoch: 5 | loss: 1.0802667
	speed: 0.0239s/iter; left time: 139.7684s
	iters: 1100, epoch: 5 | loss: 0.7711805
	speed: 0.0223s/iter; left time: 128.2487s
Epoch: 5 cost time: 25.76775598526001
Epoch: 5, Steps: 1140 | Train Loss: 0.6242188 Vali Loss: 0.5445516 Test Loss: 0.2614851
Validation loss decreased (0.543955 --> 0.544552).  Saving model ...
Updating learning rate to 0.00025
	iters: 100, epoch: 6 | loss: 0.5231781
	speed: 0.0936s/iter; left time: 524.4407s
	iters: 200, epoch: 6 | loss: 0.6029301
	speed: 0.0164s/iter; left time: 90.1795s
	iters: 300, epoch: 6 | loss: 0.4961213
	speed: 0.0153s/iter; left time: 82.8348s
	iters: 400, epoch: 6 | loss: 0.6174463
	speed: 0.0269s/iter; left time: 142.6715s
	iters: 500, epoch: 6 | loss: 0.4802066
	speed: 0.0194s/iter; left time: 100.9361s
	iters: 600, epoch: 6 | loss: 0.4599026
	speed: 0.0183s/iter; left time: 93.2958s
	iters: 700, epoch: 6 | loss: 0.5877565
	speed: 0.0251s/iter; left time: 125.2987s
	iters: 800, epoch: 6 | loss: 0.4509565
	speed: 0.0225s/iter; left time: 110.0561s
	iters: 900, epoch: 6 | loss: 0.4602285
	speed: 0.0184s/iter; left time: 88.2060s
	iters: 1000, epoch: 6 | loss: 0.5081197
	speed: 0.0235s/iter; left time: 110.6325s
	iters: 1100, epoch: 6 | loss: 0.6049771
	speed: 0.0267s/iter; left time: 122.6906s
Epoch: 6 cost time: 24.00804042816162
Epoch: 6, Steps: 1140 | Train Loss: 0.6181267 Vali Loss: 0.5463759 Test Loss: 0.2608435
Validation loss decreased (0.544552 --> 0.546376).  Saving model ...
Updating learning rate to 0.00017274575140626317
	iters: 100, epoch: 7 | loss: 0.5471967
	speed: 0.1227s/iter; left time: 547.3399s
	iters: 200, epoch: 7 | loss: 0.7210401
	speed: 0.0170s/iter; left time: 74.1068s
	iters: 300, epoch: 7 | loss: 0.4745520
	speed: 0.0255s/iter; left time: 108.8444s
	iters: 400, epoch: 7 | loss: 0.4746181
	speed: 0.0291s/iter; left time: 121.1911s
	iters: 500, epoch: 7 | loss: 0.5336815
	speed: 0.0193s/iter; left time: 78.5303s
	iters: 600, epoch: 7 | loss: 0.5405706
	speed: 0.0179s/iter; left time: 70.9433s
	iters: 700, epoch: 7 | loss: 0.5408101
	speed: 0.0160s/iter; left time: 61.8232s
	iters: 800, epoch: 7 | loss: 1.0651538
	speed: 0.0161s/iter; left time: 60.4674s
	iters: 900, epoch: 7 | loss: 0.5010311
	speed: 0.0174s/iter; left time: 63.6971s
	iters: 1000, epoch: 7 | loss: 1.1009759
	speed: 0.0184s/iter; left time: 65.5689s
	iters: 1100, epoch: 7 | loss: 0.5373482
	speed: 0.0244s/iter; left time: 84.4761s
Epoch: 7 cost time: 23.50607204437256
Epoch: 7, Steps: 1140 | Train Loss: 0.6114035 Vali Loss: 0.5383938 Test Loss: 0.2602619
Validation loss decreased (0.546376 --> 0.538394).  Saving model ...
Updating learning rate to 0.00010305368692688174
	iters: 100, epoch: 8 | loss: 1.0061871
	speed: 0.1089s/iter; left time: 361.7612s
	iters: 200, epoch: 8 | loss: 0.8471734
	speed: 0.0140s/iter; left time: 45.0843s
	iters: 300, epoch: 8 | loss: 0.5370233
	speed: 0.0176s/iter; left time: 54.9429s
	iters: 400, epoch: 8 | loss: 0.4991207
	speed: 0.0172s/iter; left time: 51.8290s
	iters: 500, epoch: 8 | loss: 0.4977798
	speed: 0.0144s/iter; left time: 42.1395s
	iters: 600, epoch: 8 | loss: 0.5072357
	speed: 0.0205s/iter; left time: 57.8694s
	iters: 700, epoch: 8 | loss: 0.5764850
	speed: 0.0169s/iter; left time: 46.0922s
	iters: 800, epoch: 8 | loss: 0.9229971
	speed: 0.0207s/iter; left time: 54.2464s
	iters: 900, epoch: 8 | loss: 0.5085542
	speed: 0.0180s/iter; left time: 45.3696s
	iters: 1000, epoch: 8 | loss: 0.5057608
	speed: 0.0192s/iter; left time: 46.4512s
	iters: 1100, epoch: 8 | loss: 0.8816344
	speed: 0.0179s/iter; left time: 41.6018s
Epoch: 8 cost time: 20.511977672576904
Epoch: 8, Steps: 1140 | Train Loss: 0.6070481 Vali Loss: 0.5437592 Test Loss: 0.2588551
Validation loss decreased (0.538394 --> 0.543759).  Saving model ...
Updating learning rate to 4.7745751406263163e-05
	iters: 100, epoch: 9 | loss: 0.6084281
	speed: 0.0994s/iter; left time: 216.7863s
	iters: 200, epoch: 9 | loss: 0.5041749
	speed: 0.0319s/iter; left time: 66.3284s
	iters: 300, epoch: 9 | loss: 0.4868804
	speed: 0.0277s/iter; left time: 54.8652s
	iters: 400, epoch: 9 | loss: 0.5018839
	speed: 0.0235s/iter; left time: 44.1794s
	iters: 500, epoch: 9 | loss: 0.4163310
	speed: 0.0284s/iter; left time: 50.5748s
	iters: 600, epoch: 9 | loss: 0.5390123
	speed: 0.0297s/iter; left time: 49.9663s
	iters: 700, epoch: 9 | loss: 0.5491376
	speed: 0.0223s/iter; left time: 35.2641s
	iters: 800, epoch: 9 | loss: 0.5332844
	speed: 0.0212s/iter; left time: 31.4250s
	iters: 900, epoch: 9 | loss: 0.5039688
	speed: 0.0212s/iter; left time: 29.2230s
	iters: 1000, epoch: 9 | loss: 0.5294484
	speed: 0.0245s/iter; left time: 31.3905s
	iters: 1100, epoch: 9 | loss: 0.5040021
	speed: 0.0310s/iter; left time: 36.5830s
Epoch: 9 cost time: 28.990967512130737
Epoch: 9, Steps: 1140 | Train Loss: 0.6046424 Vali Loss: 0.5420612 Test Loss: 0.2598794
Validation loss decreased (0.543759 --> 0.542061).  Saving model ...
Updating learning rate to 1.2235870926211617e-05
	iters: 100, epoch: 10 | loss: 0.4635088
	speed: 0.1648s/iter; left time: 171.5454s
	iters: 200, epoch: 10 | loss: 0.7766580
	speed: 0.0313s/iter; left time: 29.4364s
	iters: 300, epoch: 10 | loss: 0.4554366
	speed: 0.0223s/iter; left time: 18.7565s
	iters: 400, epoch: 10 | loss: 0.4549993
	speed: 0.0216s/iter; left time: 15.9958s
	iters: 500, epoch: 10 | loss: 0.7516106
	speed: 0.0192s/iter; left time: 12.3257s
	iters: 600, epoch: 10 | loss: 0.6122477
	speed: 0.0165s/iter; left time: 8.9239s
	iters: 700, epoch: 10 | loss: 0.8538929
	speed: 0.0229s/iter; left time: 10.1161s
	iters: 800, epoch: 10 | loss: 0.5426940
	speed: 0.0248s/iter; left time: 8.4558s
	iters: 900, epoch: 10 | loss: 0.5175028
	speed: 0.0206s/iter; left time: 4.9723s
	iters: 1000, epoch: 10 | loss: 0.8013192
	speed: 0.0226s/iter; left time: 3.1854s
	iters: 1100, epoch: 10 | loss: 0.5158645
	speed: 0.0229s/iter; left time: 0.9371s
Epoch: 10 cost time: 26.26211380958557
Epoch: 10, Steps: 1140 | Train Loss: 0.6030601 Vali Loss: 0.5399570 Test Loss: 0.2594018
Validation loss decreased (0.542061 --> 0.539957).  Saving model ...
Updating learning rate to 0.0
>>>>>>>testing : long_term_forecast_weather_96_336_None_patch6_b0.5_TimeFilter_custom_addlossNone_numpairsmax_patchlen16_alpha1.0_beta0.1<<<<<<<<<<<<<<<<<<<<<<<<<<<<<<<<<
test 10204
mse:0.25946640968322754, mae:0.2890090048313141
================================================================================
Model Profiling Summary
Total Params             : 263,240
Inference Time (s)       : 0.005566
GPU Mem Footprint (MB)   : 26.48
Peak Mem (MB)            : 31.87
================================================================================
Deleted model checkpoint at: ./checkpoints/long_term_forecast_weather_96_336_None_patch6_b0.5_TimeFilter_custom_addlossNone_numpairsmax_patchlen16_alpha1.0_beta0.1/checkpoint.pth
[OK] TimeFilter | seq_len=96 | pred_len=336 | mse=0.259 | mae=0.289
======================================================
Running | model=TimeFilter | table_name=CvLoss | seq_len=96 | pred_len=720 | add_loss=fcv
======================================================
Args in experiment:
[1mBasic Config[0m
  Task Name:          long_term_forecast  Is Training:        2                   
  Model ID:           weather_96_720_fcv_patch6_b1.0Model:              TimeFilter          

[1mData Loader[0m
  Data:               custom              Root Path:          ./data              
  Data Path:          weather.csv         Features:           M                   
  Target:             OT                  Freq:               h                   
  Checkpoints:        ./checkpoints/      

[1mForecasting Task[0m
  Seq Len:            96                  Label Len:          48                  
  Pred Len:           720                 Seasonal Patterns:  Monthly             
  Inverse:            0                   

[1mModel Parameters[0m
  Top k:              5                   Num Kernels:        6                   
  Enc In:             21                  Dec In:             21                  
  C Out:              21                  d model:            128                 
  n heads:            4                   e layers:           2                   
  d layers:           1                   d FF:               256                 
  Moving Avg:         25                  Factor:             3                   
  Distil:             1                   Dropout:            0.3                 
  Embed:              timeF               Activation:         gelu                
  Output Attention:   0                   

[1mRun Parameters[0m
  Num Workers:        1                   Itr:                1                   
  Train Epochs:       10                  Batch Size:         32                  
  Patience:           3                   Learning Rate:      0.0005              
  Des:                Exp                 Loss:               MSE                 
  Lradj:              cosine              Use Amp:            0                   

[1mGPU[0m
  Use GPU:            1                   GPU:                0                   
  Use Multi GPU:      0                   Devices:            0,1,2,3             

[1mDe-stationary Projector Params[0m
  P Hidden Dims:      128, 128            P Hidden Layers:    2                   

Use GPU: cuda:0
>>>>>>>start training : long_term_forecast_weather_96_720_fcv_patch6_b1.0_TimeFilter_custom_addlossfcv_numpairsmax_patchlen6_alpha0.0_beta1.0>>>>>>>>>>>>>>>>>>>>>>>>>>
train 36072
val 4551
test 9820
	iters: 100, epoch: 1 | loss: 0.8646689
	speed: 0.0751s/iter; left time: 839.3120s
	iters: 200, epoch: 1 | loss: 0.8120822
	speed: 0.0529s/iter; left time: 586.3744s
	iters: 300, epoch: 1 | loss: 0.8201926
	speed: 0.0456s/iter; left time: 501.0842s
	iters: 400, epoch: 1 | loss: 0.7832127
	speed: 0.0464s/iter; left time: 504.7541s
	iters: 500, epoch: 1 | loss: 0.7861792
	speed: 0.0492s/iter; left time: 530.7175s
	iters: 600, epoch: 1 | loss: 0.7953590
	speed: 0.0451s/iter; left time: 481.9158s
	iters: 700, epoch: 1 | loss: 0.8291233
	speed: 0.0468s/iter; left time: 495.3084s
	iters: 800, epoch: 1 | loss: 0.7818498
	speed: 0.0387s/iter; left time: 405.5312s
	iters: 900, epoch: 1 | loss: 0.7932976
	speed: 0.0413s/iter; left time: 428.4239s
	iters: 1000, epoch: 1 | loss: 0.7923348
	speed: 0.0443s/iter; left time: 455.5935s
	iters: 1100, epoch: 1 | loss: 0.7643612
	speed: 0.0410s/iter; left time: 416.9810s
Epoch: 1 cost time: 52.882463693618774
Epoch: 1, Steps: 1128 | Train Loss: 0.8059372 Vali Loss: 0.6881468 Test Loss: 0.3433219
Validation loss decreased (inf --> 0.688147).  Saving model ...
Updating learning rate to 0.0004877641290737884
	iters: 100, epoch: 2 | loss: 0.7708449
	speed: 0.2026s/iter; left time: 2036.6942s
	iters: 200, epoch: 2 | loss: 0.8097454
	speed: 0.0459s/iter; left time: 456.6584s
	iters: 300, epoch: 2 | loss: 0.7955905
	speed: 0.0468s/iter; left time: 460.7911s
	iters: 400, epoch: 2 | loss: 0.7417868
	speed: 0.0516s/iter; left time: 502.8796s
	iters: 500, epoch: 2 | loss: 0.7905357
	speed: 0.0428s/iter; left time: 413.2908s
	iters: 600, epoch: 2 | loss: 0.7370414
	speed: 0.0467s/iter; left time: 446.4248s
	iters: 700, epoch: 2 | loss: 0.7827433
	speed: 0.0479s/iter; left time: 452.8689s
	iters: 800, epoch: 2 | loss: 0.7883084
	speed: 0.0442s/iter; left time: 413.0222s
	iters: 900, epoch: 2 | loss: 0.7275670
	speed: 0.0508s/iter; left time: 469.7092s
	iters: 1000, epoch: 2 | loss: 0.7654559
	speed: 0.0428s/iter; left time: 391.8916s
	iters: 1100, epoch: 2 | loss: 0.7792970
	speed: 0.0395s/iter; left time: 357.6485s
Epoch: 2 cost time: 52.52207970619202
Epoch: 2, Steps: 1128 | Train Loss: 0.7757418 Vali Loss: 0.6764284 Test Loss: 0.3423010
Validation loss decreased (0.688147 --> 0.676428).  Saving model ...
Updating learning rate to 0.0004522542485937369
	iters: 100, epoch: 3 | loss: 0.7549979
	speed: 0.1354s/iter; left time: 1208.2773s
	iters: 200, epoch: 3 | loss: 0.7557721
	speed: 0.0426s/iter; left time: 375.8644s
	iters: 300, epoch: 3 | loss: 0.7916089
	speed: 0.0373s/iter; left time: 325.4750s
	iters: 400, epoch: 3 | loss: 0.7742252
	speed: 0.0426s/iter; left time: 367.2052s
	iters: 500, epoch: 3 | loss: 0.7755474
	speed: 0.0419s/iter; left time: 357.2956s
	iters: 600, epoch: 3 | loss: 0.8026173
	speed: 0.0446s/iter; left time: 376.0268s
	iters: 700, epoch: 3 | loss: 0.7408093
	speed: 0.0410s/iter; left time: 341.3618s
	iters: 800, epoch: 3 | loss: 0.7558324
	speed: 0.0423s/iter; left time: 347.9714s
	iters: 900, epoch: 3 | loss: 0.7829266
	speed: 0.0448s/iter; left time: 364.0955s
	iters: 1000, epoch: 3 | loss: 0.7610751
	speed: 0.0417s/iter; left time: 334.2933s
	iters: 1100, epoch: 3 | loss: 0.7718906
	speed: 0.0425s/iter; left time: 336.7992s
Epoch: 3 cost time: 47.532673358917236
Epoch: 3, Steps: 1128 | Train Loss: 0.7623100 Vali Loss: 0.6769936 Test Loss: 0.3410898
Validation loss decreased (0.676428 --> 0.676994).  Saving model ...
Updating learning rate to 0.0003969463130731183
	iters: 100, epoch: 4 | loss: 0.7687125
	speed: 0.1762s/iter; left time: 1374.1718s
	iters: 200, epoch: 4 | loss: 0.7604030
	speed: 0.0454s/iter; left time: 349.1733s
	iters: 300, epoch: 4 | loss: 0.7397292
	speed: 0.0395s/iter; left time: 300.2617s
	iters: 400, epoch: 4 | loss: 0.7876929
	speed: 0.0400s/iter; left time: 299.6954s
	iters: 500, epoch: 4 | loss: 0.7443708
	speed: 0.0384s/iter; left time: 284.1755s
	iters: 600, epoch: 4 | loss: 0.7198618
	speed: 0.0418s/iter; left time: 304.9842s
	iters: 700, epoch: 4 | loss: 0.7416466
	speed: 0.0424s/iter; left time: 305.4569s
	iters: 800, epoch: 4 | loss: 0.7720217
	speed: 0.0377s/iter; left time: 267.6528s
	iters: 900, epoch: 4 | loss: 0.7555516
	speed: 0.0535s/iter; left time: 374.1998s
	iters: 1000, epoch: 4 | loss: 0.7638099
	speed: 0.0437s/iter; left time: 301.6629s
	iters: 1100, epoch: 4 | loss: 0.7601284
	speed: 0.0454s/iter; left time: 308.4454s
Epoch: 4 cost time: 48.827616453170776
Epoch: 4, Steps: 1128 | Train Loss: 0.7533620 Vali Loss: 0.6757479 Test Loss: 0.3435473
Validation loss decreased (0.676994 --> 0.675748).  Saving model ...
Updating learning rate to 0.00032725424859373687
	iters: 100, epoch: 5 | loss: 0.7791162
	speed: 0.1946s/iter; left time: 1298.0334s
	iters: 200, epoch: 5 | loss: 0.7427370
	speed: 0.0495s/iter; left time: 325.4240s
	iters: 300, epoch: 5 | loss: 0.6826441
	speed: 0.0432s/iter; left time: 279.2719s
	iters: 400, epoch: 5 | loss: 0.7792673
	speed: 0.0487s/iter; left time: 310.1300s
	iters: 500, epoch: 5 | loss: 0.7564044
	speed: 0.0501s/iter; left time: 313.9183s
	iters: 600, epoch: 5 | loss: 0.7184403
	speed: 0.0398s/iter; left time: 245.2824s
	iters: 700, epoch: 5 | loss: 0.7708968
	speed: 0.0393s/iter; left time: 238.4334s
	iters: 800, epoch: 5 | loss: 0.7591862
	speed: 0.0388s/iter; left time: 231.8064s
	iters: 900, epoch: 5 | loss: 0.7128361
	speed: 0.0395s/iter; left time: 231.5877s
	iters: 1000, epoch: 5 | loss: 0.7555769
	speed: 0.0377s/iter; left time: 217.3867s
	iters: 1100, epoch: 5 | loss: 0.7436101
	speed: 0.0449s/iter; left time: 254.5688s
Epoch: 5 cost time: 49.140661001205444
Epoch: 5, Steps: 1128 | Train Loss: 0.7466974 Vali Loss: 0.6637998 Test Loss: 0.3379129
Validation loss decreased (0.675748 --> 0.663800).  Saving model ...
Updating learning rate to 0.00025
	iters: 100, epoch: 6 | loss: 0.7500322
	speed: 0.1948s/iter; left time: 1079.3668s
	iters: 200, epoch: 6 | loss: 0.7470168
	speed: 0.0432s/iter; left time: 235.0483s
	iters: 300, epoch: 6 | loss: 0.7343993
	speed: 0.0418s/iter; left time: 223.1157s
	iters: 400, epoch: 6 | loss: 0.7642874
	speed: 0.0499s/iter; left time: 261.7699s
	iters: 500, epoch: 6 | loss: 0.7521868
	speed: 0.0439s/iter; left time: 225.7151s
	iters: 600, epoch: 6 | loss: 0.7699716
	speed: 0.0450s/iter; left time: 226.9454s
	iters: 700, epoch: 6 | loss: 0.7335538
	speed: 0.0478s/iter; left time: 236.3339s
	iters: 800, epoch: 6 | loss: 0.7444919
	speed: 0.0414s/iter; left time: 200.2835s
	iters: 900, epoch: 6 | loss: 0.7753692
	speed: 0.0455s/iter; left time: 215.7222s
	iters: 1000, epoch: 6 | loss: 0.7548257
	speed: 0.0398s/iter; left time: 184.8705s
	iters: 1100, epoch: 6 | loss: 0.7496158
	speed: 0.0407s/iter; left time: 185.0241s
Epoch: 6 cost time: 50.362372636795044
Epoch: 6, Steps: 1128 | Train Loss: 0.7409581 Vali Loss: 0.6733285 Test Loss: 0.3437663
Validation loss decreased (0.663800 --> 0.673329).  Saving model ...
Updating learning rate to 0.00017274575140626317
	iters: 100, epoch: 7 | loss: 0.7404959
	speed: 0.1422s/iter; left time: 627.6263s
	iters: 200, epoch: 7 | loss: 0.7519482
	speed: 0.0389s/iter; left time: 167.6938s
	iters: 300, epoch: 7 | loss: 0.7008671
	speed: 0.0514s/iter; left time: 216.3900s
	iters: 400, epoch: 7 | loss: 0.6755655
	speed: 0.0448s/iter; left time: 184.4352s
	iters: 500, epoch: 7 | loss: 0.7643498
	speed: 0.0497s/iter; left time: 199.5161s
	iters: 600, epoch: 7 | loss: 0.7488388
	speed: 0.0419s/iter; left time: 164.1451s
	iters: 700, epoch: 7 | loss: 0.7482597
	speed: 0.0437s/iter; left time: 166.7278s
	iters: 800, epoch: 7 | loss: 0.7268283
	speed: 0.0507s/iter; left time: 188.1527s
	iters: 900, epoch: 7 | loss: 0.7850864
	speed: 0.0430s/iter; left time: 155.2201s
	iters: 1000, epoch: 7 | loss: 0.7520772
	speed: 0.0485s/iter; left time: 170.2295s
	iters: 1100, epoch: 7 | loss: 0.7467070
	speed: 0.0478s/iter; left time: 163.1782s
Epoch: 7 cost time: 51.57346534729004
Epoch: 7, Steps: 1128 | Train Loss: 0.7364601 Vali Loss: 0.6739288 Test Loss: 0.3427470
Validation loss decreased (0.673329 --> 0.673929).  Saving model ...
Updating learning rate to 0.00010305368692688174
	iters: 100, epoch: 8 | loss: 0.7292276
	speed: 0.1677s/iter; left time: 550.7589s
	iters: 200, epoch: 8 | loss: 0.7234558
	speed: 0.0390s/iter; left time: 124.2712s
	iters: 300, epoch: 8 | loss: 0.7336205
	speed: 0.0404s/iter; left time: 124.5114s
	iters: 400, epoch: 8 | loss: 0.7494583
	speed: 0.0411s/iter; left time: 122.6194s
	iters: 500, epoch: 8 | loss: 0.7602356
	speed: 0.0419s/iter; left time: 120.9862s
	iters: 600, epoch: 8 | loss: 0.7310698
	speed: 0.0433s/iter; left time: 120.5645s
	iters: 700, epoch: 8 | loss: 0.7202309
	speed: 0.0474s/iter; left time: 127.2878s
	iters: 800, epoch: 8 | loss: 0.7251004
	speed: 0.0443s/iter; left time: 114.5015s
	iters: 900, epoch: 8 | loss: 0.7777862
	speed: 0.0409s/iter; left time: 101.6417s
	iters: 1000, epoch: 8 | loss: 0.7336463
	speed: 0.0438s/iter; left time: 104.3939s
	iters: 1100, epoch: 8 | loss: 0.7361559
	speed: 0.0429s/iter; left time: 97.9266s
Epoch: 8 cost time: 48.10357713699341
Epoch: 8, Steps: 1128 | Train Loss: 0.7332061 Vali Loss: 0.6652868 Test Loss: 0.3374943
Validation loss decreased (0.673929 --> 0.665287).  Saving model ...
Updating learning rate to 4.7745751406263163e-05
	iters: 100, epoch: 9 | loss: 0.7346242
	speed: 0.1887s/iter; left time: 406.9367s
	iters: 200, epoch: 9 | loss: 0.7202210
	speed: 0.0465s/iter; left time: 95.6454s
	iters: 300, epoch: 9 | loss: 0.7156371
	speed: 0.0508s/iter; left time: 99.4680s
	iters: 400, epoch: 9 | loss: 0.7020784
	speed: 0.0426s/iter; left time: 79.0431s
	iters: 500, epoch: 9 | loss: 0.7283522
	speed: 0.0406s/iter; left time: 71.4033s
	iters: 600, epoch: 9 | loss: 0.7222200
	speed: 0.0436s/iter; left time: 72.3122s
	iters: 700, epoch: 9 | loss: 0.7222401
	speed: 0.0389s/iter; left time: 60.5635s
	iters: 800, epoch: 9 | loss: 0.7162058
	speed: 0.0354s/iter; left time: 51.5941s
	iters: 900, epoch: 9 | loss: 0.7444482
	speed: 0.0414s/iter; left time: 56.2348s
	iters: 1000, epoch: 9 | loss: 0.7336326
	speed: 0.0419s/iter; left time: 52.6683s
	iters: 1100, epoch: 9 | loss: 0.7481946
	speed: 0.0457s/iter; left time: 52.9051s
Epoch: 9 cost time: 48.64532661437988
Epoch: 9, Steps: 1128 | Train Loss: 0.7309672 Vali Loss: 0.6717173 Test Loss: 0.3402139
Validation loss decreased (0.665287 --> 0.671717).  Saving model ...
Updating learning rate to 1.2235870926211617e-05
	iters: 100, epoch: 10 | loss: 0.7112990
	speed: 0.1723s/iter; left time: 177.3468s
	iters: 200, epoch: 10 | loss: 0.7186261
	speed: 0.0434s/iter; left time: 40.3535s
	iters: 300, epoch: 10 | loss: 0.7239475
	speed: 0.0475s/iter; left time: 39.3777s
	iters: 400, epoch: 10 | loss: 0.7151075
	speed: 0.0501s/iter; left time: 36.5073s
	iters: 500, epoch: 10 | loss: 0.7306878
	speed: 0.0434s/iter; left time: 27.3057s
	iters: 600, epoch: 10 | loss: 0.7756568
	speed: 0.0445s/iter; left time: 23.5166s
	iters: 700, epoch: 10 | loss: 0.7200844
	speed: 0.0511s/iter; left time: 21.9131s
	iters: 800, epoch: 10 | loss: 0.7590032
	speed: 0.0394s/iter; left time: 12.9718s
	iters: 900, epoch: 10 | loss: 0.7206945
	speed: 0.0423s/iter; left time: 9.6809s
	iters: 1000, epoch: 10 | loss: 0.7473094
	speed: 0.0405s/iter; left time: 5.2252s
	iters: 1100, epoch: 10 | loss: 0.7384274
	speed: 0.0427s/iter; left time: 1.2379s
Epoch: 10 cost time: 50.52595663070679
Epoch: 10, Steps: 1128 | Train Loss: 0.7297148 Vali Loss: 0.6700326 Test Loss: 0.3404260
Validation loss decreased (0.671717 --> 0.670033).  Saving model ...
Updating learning rate to 0.0
>>>>>>>testing : long_term_forecast_weather_96_720_fcv_patch6_b1.0_TimeFilter_custom_addlossfcv_numpairsmax_patchlen6_alpha0.0_beta1.0<<<<<<<<<<<<<<<<<<<<<<<<<<<<<<<<<
test 9820
mse:0.3403148055076599, mae:0.334430992603302
================================================================================
Model Profiling Summary
Total Params             : 361,928
Inference Time (s)       : 0.007379
GPU Mem Footprint (MB)   : 30.38
Peak Mem (MB)            : 34.97
================================================================================
Deleted model checkpoint at: ./checkpoints/long_term_forecast_weather_96_720_fcv_patch6_b1.0_TimeFilter_custom_addlossfcv_numpairsmax_patchlen6_alpha0.0_beta1.0/checkpoint.pth
[OK] CvLoss | seq_len=96 | pred_len=720 | mse=0.340 | mae=0.334
======================================================
Running | model=TimeFilter | table_name=TimeFilter | seq_len=96 | pred_len=720 | add_loss=None
======================================================
Args in experiment:
[1mBasic Config[0m
  Task Name:          long_term_forecast  Is Training:        2                   
  Model ID:           weather_96_720_None_patch6_b1.0Model:              TimeFilter          

[1mData Loader[0m
  Data:               custom              Root Path:          ./data              
  Data Path:          weather.csv         Features:           M                   
  Target:             OT                  Freq:               h                   
  Checkpoints:        ./checkpoints/      

[1mForecasting Task[0m
  Seq Len:            96                  Label Len:          48                  
  Pred Len:           720                 Seasonal Patterns:  Monthly             
  Inverse:            0                   

[1mModel Parameters[0m
  Top k:              5                   Num Kernels:        6                   
  Enc In:             21                  Dec In:             21                  
  C Out:              21                  d model:            128                 
  n heads:            4                   e layers:           2                   
  d layers:           1                   d FF:               256                 
  Moving Avg:         25                  Factor:             3                   
  Distil:             1                   Dropout:            0.3                 
  Embed:              timeF               Activation:         gelu                
  Output Attention:   0                   

[1mRun Parameters[0m
  Num Workers:        1                   Itr:                1                   
  Train Epochs:       10                  Batch Size:         32                  
  Patience:           3                   Learning Rate:      0.0005              
  Des:                Exp                 Loss:               MSE                 
  Lradj:              cosine              Use Amp:            0                   

[1mGPU[0m
  Use GPU:            1                   GPU:                0                   
  Use Multi GPU:      0                   Devices:            0,1,2,3             

[1mDe-stationary Projector Params[0m
  P Hidden Dims:      128, 128            P Hidden Layers:    2                   

Use GPU: cuda:0
>>>>>>>start training : long_term_forecast_weather_96_720_None_patch6_b1.0_TimeFilter_custom_addlossNone_numpairsmax_patchlen16_alpha1.0_beta0.1>>>>>>>>>>>>>>>>>>>>>>>>>>
train 36072
val 4551
test 9820
	iters: 100, epoch: 1 | loss: 1.0489864
	speed: 0.0512s/iter; left time: 572.2816s
	iters: 200, epoch: 1 | loss: 0.8070436
	speed: 0.0262s/iter; left time: 290.0679s
	iters: 300, epoch: 1 | loss: 0.8395872
	speed: 0.0294s/iter; left time: 323.3510s
	iters: 400, epoch: 1 | loss: 0.7625777
	speed: 0.0302s/iter; left time: 329.0332s
	iters: 500, epoch: 1 | loss: 0.6742591
	speed: 0.0285s/iter; left time: 307.3263s
	iters: 600, epoch: 1 | loss: 0.6957425
	speed: 0.0240s/iter; left time: 256.8035s
	iters: 700, epoch: 1 | loss: 0.7320182
	speed: 0.0248s/iter; left time: 262.4438s
	iters: 800, epoch: 1 | loss: 0.6788892
	speed: 0.0248s/iter; left time: 260.1133s
	iters: 900, epoch: 1 | loss: 0.8458329
	speed: 0.0278s/iter; left time: 288.8920s
	iters: 1000, epoch: 1 | loss: 0.7818947
	speed: 0.0327s/iter; left time: 335.8507s
	iters: 1100, epoch: 1 | loss: 0.9974528
	speed: 0.0255s/iter; left time: 259.9436s
Epoch: 1 cost time: 32.469130992889404
Epoch: 1, Steps: 1128 | Train Loss: 0.7853473 Vali Loss: 0.6987665 Test Loss: 0.3492663
Validation loss decreased (inf --> 0.698766).  Saving model ...
Updating learning rate to 0.0004877641290737884
	iters: 100, epoch: 2 | loss: 0.6633440
	speed: 0.0889s/iter; left time: 893.4639s
	iters: 200, epoch: 2 | loss: 0.7335294
	speed: 0.0176s/iter; left time: 175.4976s
	iters: 300, epoch: 2 | loss: 0.8411137
	speed: 0.0170s/iter; left time: 167.2517s
	iters: 400, epoch: 2 | loss: 0.6235498
	speed: 0.0200s/iter; left time: 194.7692s
	iters: 500, epoch: 2 | loss: 0.7897901
	speed: 0.0214s/iter; left time: 206.9265s
	iters: 600, epoch: 2 | loss: 0.7139190
	speed: 0.0181s/iter; left time: 172.9213s
	iters: 700, epoch: 2 | loss: 0.6350411
	speed: 0.0224s/iter; left time: 211.6609s
	iters: 800, epoch: 2 | loss: 0.7893549
	speed: 0.0185s/iter; left time: 172.8181s
	iters: 900, epoch: 2 | loss: 0.6779609
	speed: 0.0190s/iter; left time: 175.8527s
	iters: 1000, epoch: 2 | loss: 0.6200588
	speed: 0.0266s/iter; left time: 243.6624s
	iters: 1100, epoch: 2 | loss: 0.6396242
	speed: 0.0227s/iter; left time: 205.6789s
Epoch: 2 cost time: 22.947463750839233
Epoch: 2, Steps: 1128 | Train Loss: 0.7469851 Vali Loss: 0.6829903 Test Loss: 0.3442538
Validation loss decreased (0.698766 --> 0.682990).  Saving model ...
Updating learning rate to 0.0004522542485937369
	iters: 100, epoch: 3 | loss: 0.7635951
	speed: 0.1556s/iter; left time: 1388.3082s
	iters: 200, epoch: 3 | loss: 0.8939019
	speed: 0.0263s/iter; left time: 232.4623s
	iters: 300, epoch: 3 | loss: 1.0443544
	speed: 0.0313s/iter; left time: 272.8992s
	iters: 400, epoch: 3 | loss: 0.6992635
	speed: 0.0233s/iter; left time: 201.0170s
	iters: 500, epoch: 3 | loss: 0.8429799
	speed: 0.0234s/iter; left time: 199.7713s
	iters: 600, epoch: 3 | loss: 0.7925978
	speed: 0.0254s/iter; left time: 214.0755s
	iters: 700, epoch: 3 | loss: 0.6111869
	speed: 0.0240s/iter; left time: 199.4051s
	iters: 800, epoch: 3 | loss: 0.7060345
	speed: 0.0301s/iter; left time: 247.9772s
	iters: 900, epoch: 3 | loss: 0.7306795
	speed: 0.0285s/iter; left time: 231.9349s
	iters: 1000, epoch: 3 | loss: 0.7684337
	speed: 0.0237s/iter; left time: 189.9321s
	iters: 1100, epoch: 3 | loss: 0.6167064
	speed: 0.0224s/iter; left time: 177.7020s
Epoch: 3 cost time: 29.015389680862427
Epoch: 3, Steps: 1128 | Train Loss: 0.7289382 Vali Loss: 0.6830443 Test Loss: 0.3471604
Validation loss decreased (0.682990 --> 0.683044).  Saving model ...
Updating learning rate to 0.0003969463130731183
	iters: 100, epoch: 4 | loss: 0.7983591
	speed: 0.1562s/iter; left time: 1217.7910s
	iters: 200, epoch: 4 | loss: 0.7300873
	speed: 0.0211s/iter; left time: 162.2433s
	iters: 300, epoch: 4 | loss: 0.6339856
	speed: 0.0207s/iter; left time: 157.3075s
	iters: 400, epoch: 4 | loss: 0.7161763
	speed: 0.0167s/iter; left time: 125.1345s
	iters: 500, epoch: 4 | loss: 0.8913705
	speed: 0.0225s/iter; left time: 166.6723s
	iters: 600, epoch: 4 | loss: 0.5906533
	speed: 0.0248s/iter; left time: 180.9593s
	iters: 700, epoch: 4 | loss: 0.7439039
	speed: 0.0189s/iter; left time: 135.7406s
	iters: 800, epoch: 4 | loss: 0.6828671
	speed: 0.0224s/iter; left time: 158.7315s
	iters: 900, epoch: 4 | loss: 0.6259016
	speed: 0.0178s/iter; left time: 124.2511s
	iters: 1000, epoch: 4 | loss: 0.8017838
	speed: 0.0177s/iter; left time: 122.0465s
	iters: 1100, epoch: 4 | loss: 0.6450530
	speed: 0.0229s/iter; left time: 155.8498s
Epoch: 4 cost time: 23.57076072692871
Epoch: 4, Steps: 1128 | Train Loss: 0.7158712 Vali Loss: 0.6769690 Test Loss: 0.3428567
Validation loss decreased (0.683044 --> 0.676969).  Saving model ...
Updating learning rate to 0.00032725424859373687
	iters: 100, epoch: 5 | loss: 0.6172945
	speed: 0.1366s/iter; left time: 910.7888s
	iters: 200, epoch: 5 | loss: 0.6414154
	speed: 0.0229s/iter; left time: 150.1171s
	iters: 300, epoch: 5 | loss: 0.6904255
	speed: 0.0292s/iter; left time: 189.1353s
	iters: 400, epoch: 5 | loss: 0.7229919
	speed: 0.0310s/iter; left time: 197.4787s
	iters: 500, epoch: 5 | loss: 0.6871502
	speed: 0.0253s/iter; left time: 158.7557s
	iters: 600, epoch: 5 | loss: 0.6806412
	speed: 0.0234s/iter; left time: 144.5559s
	iters: 700, epoch: 5 | loss: 0.6747227
	speed: 0.0225s/iter; left time: 136.4384s
	iters: 800, epoch: 5 | loss: 0.8755333
	speed: 0.0221s/iter; left time: 131.6692s
	iters: 900, epoch: 5 | loss: 0.6899422
	speed: 0.0283s/iter; left time: 166.1221s
	iters: 1000, epoch: 5 | loss: 0.8407540
	speed: 0.0312s/iter; left time: 179.9583s
	iters: 1100, epoch: 5 | loss: 0.6062956
	speed: 0.0274s/iter; left time: 155.2381s
Epoch: 5 cost time: 29.611204862594604
Epoch: 5, Steps: 1128 | Train Loss: 0.7068533 Vali Loss: 0.6625455 Test Loss: 0.3415873
Validation loss decreased (0.676969 --> 0.662546).  Saving model ...
Updating learning rate to 0.00025
	iters: 100, epoch: 6 | loss: 0.7496582
	speed: 0.1748s/iter; left time: 968.3446s
	iters: 200, epoch: 6 | loss: 0.6528177
	speed: 0.0217s/iter; left time: 118.0474s
	iters: 300, epoch: 6 | loss: 0.6400962
	speed: 0.0227s/iter; left time: 121.5032s
	iters: 400, epoch: 6 | loss: 0.7119591
	speed: 0.0227s/iter; left time: 118.7256s
	iters: 500, epoch: 6 | loss: 0.7317889
	speed: 0.0189s/iter; left time: 97.0956s
	iters: 600, epoch: 6 | loss: 0.6811935
	speed: 0.0223s/iter; left time: 112.5079s
	iters: 700, epoch: 6 | loss: 0.5923215
	speed: 0.0181s/iter; left time: 89.6187s
	iters: 800, epoch: 6 | loss: 0.7804329
	speed: 0.0239s/iter; left time: 115.5842s
	iters: 900, epoch: 6 | loss: 0.8522549
	speed: 0.0207s/iter; left time: 98.1400s
	iters: 1000, epoch: 6 | loss: 0.6690729
	speed: 0.0185s/iter; left time: 85.8733s
	iters: 1100, epoch: 6 | loss: 0.8849540
	speed: 0.0168s/iter; left time: 76.0935s
Epoch: 6 cost time: 24.58923888206482
Epoch: 6, Steps: 1128 | Train Loss: 0.6990795 Vali Loss: 0.6688260 Test Loss: 0.3460483
Validation loss decreased (0.662546 --> 0.668826).  Saving model ...
Updating learning rate to 0.00017274575140626317
	iters: 100, epoch: 7 | loss: 0.8362870
	speed: 0.1294s/iter; left time: 570.8275s
	iters: 200, epoch: 7 | loss: 0.7606701
	speed: 0.0237s/iter; left time: 102.2998s
	iters: 300, epoch: 7 | loss: 0.5660633
	speed: 0.0222s/iter; left time: 93.3791s
	iters: 400, epoch: 7 | loss: 0.6249737
	speed: 0.0226s/iter; left time: 92.8996s
	iters: 500, epoch: 7 | loss: 0.6800779
	speed: 0.0248s/iter; left time: 99.4758s
	iters: 600, epoch: 7 | loss: 0.8673896
	speed: 0.0291s/iter; left time: 113.8808s
	iters: 700, epoch: 7 | loss: 0.6267180
	speed: 0.0306s/iter; left time: 116.7400s
	iters: 800, epoch: 7 | loss: 0.7407676
	speed: 0.0241s/iter; left time: 89.3420s
	iters: 900, epoch: 7 | loss: 0.7030684
	speed: 0.0236s/iter; left time: 85.2848s
	iters: 1000, epoch: 7 | loss: 0.6872624
	speed: 0.0238s/iter; left time: 83.4480s
	iters: 1100, epoch: 7 | loss: 0.7788727
	speed: 0.0276s/iter; left time: 94.1091s
Epoch: 7 cost time: 29.37179684638977
Epoch: 7, Steps: 1128 | Train Loss: 0.6933196 Vali Loss: 0.6747809 Test Loss: 0.3475838
Validation loss decreased (0.668826 --> 0.674781).  Saving model ...
Updating learning rate to 0.00010305368692688174
	iters: 100, epoch: 8 | loss: 0.8621631
	speed: 0.1508s/iter; left time: 495.4949s
	iters: 200, epoch: 8 | loss: 0.6197731
	speed: 0.0212s/iter; left time: 67.5122s
	iters: 300, epoch: 8 | loss: 1.0593827
	speed: 0.0217s/iter; left time: 66.9616s
	iters: 400, epoch: 8 | loss: 0.6493805
	speed: 0.0207s/iter; left time: 61.7086s
	iters: 500, epoch: 8 | loss: 0.5837535
	speed: 0.0171s/iter; left time: 49.2046s
	iters: 600, epoch: 8 | loss: 0.6438847
	speed: 0.0178s/iter; left time: 49.5857s
	iters: 700, epoch: 8 | loss: 0.7127591
	speed: 0.0153s/iter; left time: 41.1735s
	iters: 800, epoch: 8 | loss: 0.7335799
	speed: 0.0170s/iter; left time: 43.8755s
	iters: 900, epoch: 8 | loss: 0.7797855
	speed: 0.0170s/iter; left time: 42.1613s
	iters: 1000, epoch: 8 | loss: 0.7214540
	speed: 0.0179s/iter; left time: 42.6075s
	iters: 1100, epoch: 8 | loss: 0.6008470
	speed: 0.0196s/iter; left time: 44.7986s
Epoch: 8 cost time: 21.24917960166931
Epoch: 8, Steps: 1128 | Train Loss: 0.6887862 Vali Loss: 0.6640180 Test Loss: 0.3427605
Validation loss decreased (0.674781 --> 0.664018).  Saving model ...
Updating learning rate to 4.7745751406263163e-05
	iters: 100, epoch: 9 | loss: 0.6431994
	speed: 0.0965s/iter; left time: 208.1700s
	iters: 200, epoch: 9 | loss: 0.5686544
	speed: 0.0250s/iter; left time: 51.4980s
	iters: 300, epoch: 9 | loss: 0.5669397
	speed: 0.0205s/iter; left time: 40.1491s
	iters: 400, epoch: 9 | loss: 0.6941016
	speed: 0.0194s/iter; left time: 35.9673s
	iters: 500, epoch: 9 | loss: 0.7349037
	speed: 0.0148s/iter; left time: 26.0503s
	iters: 600, epoch: 9 | loss: 0.7258598
	speed: 0.0161s/iter; left time: 26.6714s
	iters: 700, epoch: 9 | loss: 0.6861520
	speed: 0.0269s/iter; left time: 41.8811s
	iters: 800, epoch: 9 | loss: 0.6028591
	speed: 0.0206s/iter; left time: 30.0846s
	iters: 900, epoch: 9 | loss: 0.6116987
	speed: 0.0190s/iter; left time: 25.7881s
	iters: 1000, epoch: 9 | loss: 0.7271940
	speed: 0.0200s/iter; left time: 25.1638s
	iters: 1100, epoch: 9 | loss: 0.6034133
	speed: 0.0272s/iter; left time: 31.5177s
Epoch: 9 cost time: 23.591790914535522
Epoch: 9, Steps: 1128 | Train Loss: 0.6858147 Vali Loss: 0.6684253 Test Loss: 0.3453211
Validation loss decreased (0.664018 --> 0.668425).  Saving model ...
Updating learning rate to 1.2235870926211617e-05
	iters: 100, epoch: 10 | loss: 0.7084624
	speed: 0.1596s/iter; left time: 164.2351s
	iters: 200, epoch: 10 | loss: 0.7202532
	speed: 0.0196s/iter; left time: 18.2129s
	iters: 300, epoch: 10 | loss: 0.7712412
	speed: 0.0198s/iter; left time: 16.3753s
	iters: 400, epoch: 10 | loss: 0.6967786
	speed: 0.0258s/iter; left time: 18.7745s
	iters: 500, epoch: 10 | loss: 0.7361565
	speed: 0.0251s/iter; left time: 15.7672s
	iters: 600, epoch: 10 | loss: 0.6419901
	speed: 0.0309s/iter; left time: 16.3449s
	iters: 700, epoch: 10 | loss: 0.6817610
	speed: 0.0210s/iter; left time: 8.9900s
	iters: 800, epoch: 10 | loss: 0.7132952
	speed: 0.0203s/iter; left time: 6.6718s
	iters: 900, epoch: 10 | loss: 0.7123407
	speed: 0.0224s/iter; left time: 5.1345s
	iters: 1000, epoch: 10 | loss: 0.6280786
	speed: 0.0212s/iter; left time: 2.7317s
	iters: 1100, epoch: 10 | loss: 0.7181119
	speed: 0.0209s/iter; left time: 0.6069s
Epoch: 10 cost time: 25.6380672454834
Epoch: 10, Steps: 1128 | Train Loss: 0.6840107 Vali Loss: 0.6661898 Test Loss: 0.3454005
Validation loss decreased (0.668425 --> 0.666190).  Saving model ...
Updating learning rate to 0.0
>>>>>>>testing : long_term_forecast_weather_96_720_None_patch6_b1.0_TimeFilter_custom_addlossNone_numpairsmax_patchlen16_alpha1.0_beta0.1<<<<<<<<<<<<<<<<<<<<<<<<<<<<<<<<<
test 9820
mse:0.34527474641799927, mae:0.34421876072883606
================================================================================
Model Profiling Summary
Total Params             : 361,928
Inference Time (s)       : 0.010213
GPU Mem Footprint (MB)   : 30.38
Peak Mem (MB)            : 34.99
================================================================================
Deleted model checkpoint at: ./checkpoints/long_term_forecast_weather_96_720_None_patch6_b1.0_TimeFilter_custom_addlossNone_numpairsmax_patchlen16_alpha1.0_beta0.1/checkpoint.pth
[OK] TimeFilter | seq_len=96 | pred_len=720 | mse=0.345 | mae=0.344
======================================================
Running | model=TimeFilter | table_name=CvLoss | seq_len=192 | pred_len=96 | add_loss=fcv
======================================================
Args in experiment:
[1mBasic Config[0m
  Task Name:          long_term_forecast  Is Training:        2                   
  Model ID:           weather_192_96_fcv_patch6_b1.0Model:              TimeFilter          

[1mData Loader[0m
  Data:               custom              Root Path:          ./data              
  Data Path:          weather.csv         Features:           M                   
  Target:             OT                  Freq:               h                   
  Checkpoints:        ./checkpoints/      

[1mForecasting Task[0m
  Seq Len:            192                 Label Len:          48                  
  Pred Len:           96                  Seasonal Patterns:  Monthly             
  Inverse:            0                   

[1mModel Parameters[0m
  Top k:              5                   Num Kernels:        6                   
  Enc In:             21                  Dec In:             21                  
  C Out:              21                  d model:            128                 
  n heads:            4                   e layers:           2                   
  d layers:           1                   d FF:               256                 
  Moving Avg:         25                  Factor:             3                   
  Distil:             1                   Dropout:            0.3                 
  Embed:              timeF               Activation:         gelu                
  Output Attention:   0                   

[1mRun Parameters[0m
  Num Workers:        1                   Itr:                1                   
  Train Epochs:       10                  Batch Size:         32                  
  Patience:           3                   Learning Rate:      0.0005              
  Des:                Exp                 Loss:               MSE                 
  Lradj:              cosine              Use Amp:            0                   

[1mGPU[0m
  Use GPU:            1                   GPU:                0                   
  Use Multi GPU:      0                   Devices:            0,1,2,3             

[1mDe-stationary Projector Params[0m
  P Hidden Dims:      128, 128            P Hidden Layers:    2                   

Use GPU: cuda:0
>>>>>>>start training : long_term_forecast_weather_192_96_fcv_patch6_b1.0_TimeFilter_custom_addlossfcv_numpairsmax_patchlen6_alpha0.0_beta1.0>>>>>>>>>>>>>>>>>>>>>>>>>>
train 36600
val 5175
test 10444
	iters: 100, epoch: 1 | loss: 0.5851250
	speed: 0.0709s/iter; left time: 803.6193s
	iters: 200, epoch: 1 | loss: 0.6302553
	speed: 0.0436s/iter; left time: 490.5399s
	iters: 300, epoch: 1 | loss: 0.5980229
	speed: 0.0471s/iter; left time: 524.3834s
	iters: 400, epoch: 1 | loss: 0.5161841
	speed: 0.0457s/iter; left time: 504.8173s
	iters: 500, epoch: 1 | loss: 0.5537118
	speed: 0.0434s/iter; left time: 475.2014s
	iters: 600, epoch: 1 | loss: 0.5020838
	speed: 0.0445s/iter; left time: 482.7240s
	iters: 700, epoch: 1 | loss: 0.5117402
	speed: 0.0470s/iter; left time: 504.3050s
	iters: 800, epoch: 1 | loss: 0.5084518
	speed: 0.0440s/iter; left time: 468.4984s
	iters: 900, epoch: 1 | loss: 0.5207520
	speed: 0.0429s/iter; left time: 452.4325s
	iters: 1000, epoch: 1 | loss: 0.5455418
	speed: 0.0434s/iter; left time: 453.1289s
	iters: 1100, epoch: 1 | loss: 0.5121928
	speed: 0.0465s/iter; left time: 480.4726s
Epoch: 1 cost time: 53.36742448806763
Epoch: 1, Steps: 1144 | Train Loss: 0.5640941 Vali Loss: 0.3825333 Test Loss: 0.1466474
Validation loss decreased (inf --> 0.382533).  Saving model ...
Updating learning rate to 0.0004877641290737884
	iters: 100, epoch: 2 | loss: 0.5234469
	speed: 0.1230s/iter; left time: 1254.6085s
	iters: 200, epoch: 2 | loss: 0.5557874
	speed: 0.0372s/iter; left time: 375.4087s
	iters: 300, epoch: 2 | loss: 0.5366271
	speed: 0.0416s/iter; left time: 415.5232s
	iters: 400, epoch: 2 | loss: 0.5002821
	speed: 0.0397s/iter; left time: 393.1194s
	iters: 500, epoch: 2 | loss: 0.5157628
	speed: 0.0350s/iter; left time: 343.1643s
	iters: 600, epoch: 2 | loss: 0.4914060
	speed: 0.0402s/iter; left time: 389.5230s
	iters: 700, epoch: 2 | loss: 0.4725107
	speed: 0.0462s/iter; left time: 443.5899s
	iters: 800, epoch: 2 | loss: 0.5457605
	speed: 0.0477s/iter; left time: 453.4249s
	iters: 900, epoch: 2 | loss: 0.5528825
	speed: 0.0427s/iter; left time: 401.4119s
	iters: 1000, epoch: 2 | loss: 0.5259458
	speed: 0.0408s/iter; left time: 379.0328s
	iters: 1100, epoch: 2 | loss: 0.4896966
	speed: 0.0451s/iter; left time: 414.7223s
Epoch: 2 cost time: 47.26414346694946
Epoch: 2, Steps: 1144 | Train Loss: 0.5214169 Vali Loss: 0.3773257 Test Loss: 0.1433328
Validation loss decreased (0.382533 --> 0.377326).  Saving model ...
Updating learning rate to 0.0004522542485937369
	iters: 100, epoch: 3 | loss: 0.4390624
	speed: 0.1774s/iter; left time: 1606.2582s
	iters: 200, epoch: 3 | loss: 0.5318707
	speed: 0.0443s/iter; left time: 396.5518s
	iters: 300, epoch: 3 | loss: 0.4701793
	speed: 0.0482s/iter; left time: 426.7465s
	iters: 400, epoch: 3 | loss: 0.5058103
	speed: 0.0390s/iter; left time: 341.0593s
	iters: 500, epoch: 3 | loss: 0.5700936
	speed: 0.0374s/iter; left time: 323.8743s
	iters: 600, epoch: 3 | loss: 0.4904725
	speed: 0.0396s/iter; left time: 338.3843s
	iters: 700, epoch: 3 | loss: 0.5023785
	speed: 0.0352s/iter; left time: 297.3064s
	iters: 800, epoch: 3 | loss: 0.4992009
	speed: 0.0357s/iter; left time: 298.4859s
	iters: 900, epoch: 3 | loss: 0.5233029
	speed: 0.0379s/iter; left time: 312.5648s
	iters: 1000, epoch: 3 | loss: 0.5211535
	speed: 0.0356s/iter; left time: 290.1047s
	iters: 1100, epoch: 3 | loss: 0.4931647
	speed: 0.0398s/iter; left time: 320.7456s
Epoch: 3 cost time: 45.78613042831421
Epoch: 3, Steps: 1144 | Train Loss: 0.5081609 Vali Loss: 0.3820512 Test Loss: 0.1452414
Validation loss decreased (0.377326 --> 0.382051).  Saving model ...
Updating learning rate to 0.0003969463130731183
	iters: 100, epoch: 4 | loss: 0.5233274
	speed: 0.2012s/iter; left time: 1590.9773s
	iters: 200, epoch: 4 | loss: 0.4804792
	speed: 0.0440s/iter; left time: 343.8590s
	iters: 300, epoch: 4 | loss: 0.5383028
	speed: 0.0407s/iter; left time: 313.5395s
	iters: 400, epoch: 4 | loss: 0.4847546
	speed: 0.0449s/iter; left time: 341.6196s
	iters: 500, epoch: 4 | loss: 0.5477433
	speed: 0.0458s/iter; left time: 343.8033s
	iters: 600, epoch: 4 | loss: 0.5145652
	speed: 0.0404s/iter; left time: 299.2408s
	iters: 700, epoch: 4 | loss: 0.4259280
	speed: 0.0419s/iter; left time: 306.4570s
	iters: 800, epoch: 4 | loss: 0.5184760
	speed: 0.0441s/iter; left time: 317.7945s
	iters: 900, epoch: 4 | loss: 0.5294458
	speed: 0.0381s/iter; left time: 270.6102s
	iters: 1000, epoch: 4 | loss: 0.5288001
	speed: 0.0358s/iter; left time: 250.6633s
	iters: 1100, epoch: 4 | loss: 0.5043786
	speed: 0.0401s/iter; left time: 277.0828s
Epoch: 4 cost time: 47.80469822883606
Epoch: 4, Steps: 1144 | Train Loss: 0.4996405 Vali Loss: 0.3754567 Test Loss: 0.1426890
Validation loss decreased (0.382051 --> 0.375457).  Saving model ...
Updating learning rate to 0.00032725424859373687
	iters: 100, epoch: 5 | loss: 0.4839973
	speed: 0.1213s/iter; left time: 820.6818s
	iters: 200, epoch: 5 | loss: 0.4869393
	speed: 0.0354s/iter; left time: 235.9952s
	iters: 300, epoch: 5 | loss: 0.5650296
	speed: 0.0407s/iter; left time: 267.2813s
	iters: 400, epoch: 5 | loss: 0.4445446
	speed: 0.0411s/iter; left time: 265.4384s
	iters: 500, epoch: 5 | loss: 0.4641082
	speed: 0.0482s/iter; left time: 306.9331s
	iters: 600, epoch: 5 | loss: 0.5169515
	speed: 0.0438s/iter; left time: 274.5978s
	iters: 700, epoch: 5 | loss: 0.4861026
	speed: 0.0429s/iter; left time: 264.5860s
	iters: 800, epoch: 5 | loss: 0.5226544
	speed: 0.0451s/iter; left time: 273.7849s
	iters: 900, epoch: 5 | loss: 0.4677746
	speed: 0.0469s/iter; left time: 279.9372s
	iters: 1000, epoch: 5 | loss: 0.4764076
	speed: 0.0402s/iter; left time: 236.0652s
	iters: 1100, epoch: 5 | loss: 0.4226642
	speed: 0.0428s/iter; left time: 246.7350s
Epoch: 5 cost time: 49.07697916030884
Epoch: 5, Steps: 1144 | Train Loss: 0.4929578 Vali Loss: 0.3790177 Test Loss: 0.1419473
Validation loss decreased (0.375457 --> 0.379018).  Saving model ...
Updating learning rate to 0.00025
	iters: 100, epoch: 6 | loss: 0.4755169
	speed: 0.1779s/iter; left time: 999.7831s
	iters: 200, epoch: 6 | loss: 0.5090952
	speed: 0.0383s/iter; left time: 211.5608s
	iters: 300, epoch: 6 | loss: 0.5122427
	speed: 0.0407s/iter; left time: 220.6716s
	iters: 400, epoch: 6 | loss: 0.4565531
	speed: 0.0407s/iter; left time: 216.5737s
	iters: 500, epoch: 6 | loss: 0.5044225
	speed: 0.0358s/iter; left time: 187.1315s
	iters: 600, epoch: 6 | loss: 0.5054294
	speed: 0.0405s/iter; left time: 207.2525s
	iters: 700, epoch: 6 | loss: 0.4877343
	speed: 0.0347s/iter; left time: 174.4511s
	iters: 800, epoch: 6 | loss: 0.4649087
	speed: 0.0410s/iter; left time: 201.5776s
	iters: 900, epoch: 6 | loss: 0.5105168
	speed: 0.0427s/iter; left time: 205.8391s
	iters: 1000, epoch: 6 | loss: 0.5052778
	speed: 0.0392s/iter; left time: 184.9036s
	iters: 1100, epoch: 6 | loss: 0.4473230
	speed: 0.0396s/iter; left time: 183.1739s
Epoch: 6 cost time: 45.21413040161133
Epoch: 6, Steps: 1144 | Train Loss: 0.4868251 Vali Loss: 0.3764616 Test Loss: 0.1423525
Validation loss decreased (0.379018 --> 0.376462).  Saving model ...
Updating learning rate to 0.00017274575140626317
	iters: 100, epoch: 7 | loss: 0.5015531
	speed: 0.1584s/iter; left time: 709.0438s
	iters: 200, epoch: 7 | loss: 0.4529838
	speed: 0.0407s/iter; left time: 178.0425s
	iters: 300, epoch: 7 | loss: 0.4918706
	speed: 0.0442s/iter; left time: 189.1549s
	iters: 400, epoch: 7 | loss: 0.5115764
	speed: 0.0413s/iter; left time: 172.7108s
	iters: 500, epoch: 7 | loss: 0.4416856
	speed: 0.0387s/iter; left time: 157.5943s
	iters: 600, epoch: 7 | loss: 0.4853632
	speed: 0.0409s/iter; left time: 162.6953s
	iters: 700, epoch: 7 | loss: 0.5128249
	speed: 0.0427s/iter; left time: 165.5707s
	iters: 800, epoch: 7 | loss: 0.4854773
	speed: 0.0393s/iter; left time: 148.6106s
	iters: 900, epoch: 7 | loss: 0.4621576
	speed: 0.0404s/iter; left time: 148.4799s
	iters: 1000, epoch: 7 | loss: 0.4837219
	speed: 0.0411s/iter; left time: 147.1475s
	iters: 1100, epoch: 7 | loss: 0.4245211
	speed: 0.0376s/iter; left time: 130.5954s
Epoch: 7 cost time: 46.32115173339844
Epoch: 7, Steps: 1144 | Train Loss: 0.4823710 Vali Loss: 0.3783567 Test Loss: 0.1416899
Validation loss decreased (0.376462 --> 0.378357).  Saving model ...
Updating learning rate to 0.00010305368692688174
	iters: 100, epoch: 8 | loss: 0.4820923
	speed: 0.0982s/iter; left time: 327.2979s
	iters: 200, epoch: 8 | loss: 0.5099208
	speed: 0.0361s/iter; left time: 116.5879s
	iters: 300, epoch: 8 | loss: 0.4491414
	speed: 0.0519s/iter; left time: 162.6437s
	iters: 400, epoch: 8 | loss: 0.4622603
	speed: 0.0447s/iter; left time: 135.5219s
	iters: 500, epoch: 8 | loss: 0.4889723
	speed: 0.0406s/iter; left time: 119.0019s
	iters: 600, epoch: 8 | loss: 0.4731447
	speed: 0.0456s/iter; left time: 129.1377s
	iters: 700, epoch: 8 | loss: 0.5105739
	speed: 0.0474s/iter; left time: 129.5471s
	iters: 800, epoch: 8 | loss: 0.4696087
	speed: 0.0424s/iter; left time: 111.5466s
	iters: 900, epoch: 8 | loss: 0.5061479
	speed: 0.0470s/iter; left time: 119.0363s
	iters: 1000, epoch: 8 | loss: 0.4760249
	speed: 0.0486s/iter; left time: 118.2174s
	iters: 1100, epoch: 8 | loss: 0.4693926
	speed: 0.0403s/iter; left time: 94.0158s
Epoch: 8 cost time: 49.921053886413574
Epoch: 8, Steps: 1144 | Train Loss: 0.4787213 Vali Loss: 0.3761918 Test Loss: 0.1415568
Validation loss decreased (0.378357 --> 0.376192).  Saving model ...
Updating learning rate to 4.7745751406263163e-05
	iters: 100, epoch: 9 | loss: 0.4456772
	speed: 0.1547s/iter; left time: 338.5426s
	iters: 200, epoch: 9 | loss: 0.4451794
	speed: 0.0364s/iter; left time: 76.1209s
	iters: 300, epoch: 9 | loss: 0.5063503
	speed: 0.0409s/iter; left time: 81.3001s
	iters: 400, epoch: 9 | loss: 0.4415129
	speed: 0.0384s/iter; left time: 72.5661s
	iters: 500, epoch: 9 | loss: 0.4664008
	speed: 0.0354s/iter; left time: 63.3347s
	iters: 600, epoch: 9 | loss: 0.4822022
	speed: 0.0439s/iter; left time: 74.1285s
	iters: 700, epoch: 9 | loss: 0.4561913
	speed: 0.0402s/iter; left time: 63.8885s
	iters: 800, epoch: 9 | loss: 0.4423085
	speed: 0.0473s/iter; left time: 70.4913s
	iters: 900, epoch: 9 | loss: 0.4901420
	speed: 0.0510s/iter; left time: 70.8609s
	iters: 1000, epoch: 9 | loss: 0.4798124
	speed: 0.0437s/iter; left time: 56.2826s
	iters: 1100, epoch: 9 | loss: 0.4952131
	speed: 0.0427s/iter; left time: 50.7571s
Epoch: 9 cost time: 48.20339775085449
Epoch: 9, Steps: 1144 | Train Loss: 0.4763690 Vali Loss: 0.3762915 Test Loss: 0.1415765
Validation loss decreased (0.376192 --> 0.376292).  Saving model ...
Updating learning rate to 1.2235870926211617e-05
	iters: 100, epoch: 10 | loss: 0.4647344
	speed: 0.1859s/iter; left time: 194.2478s
	iters: 200, epoch: 10 | loss: 0.4404949
	speed: 0.0497s/iter; left time: 46.9312s
	iters: 300, epoch: 10 | loss: 0.4274094
	speed: 0.0441s/iter; left time: 37.2459s
	iters: 400, epoch: 10 | loss: 0.4662027
	speed: 0.0456s/iter; left time: 33.9934s
	iters: 500, epoch: 10 | loss: 0.4742482
	speed: 0.0420s/iter; left time: 27.1177s
	iters: 600, epoch: 10 | loss: 0.4619085
	speed: 0.0382s/iter; left time: 20.8177s
	iters: 700, epoch: 10 | loss: 0.5049519
	speed: 0.0375s/iter; left time: 16.6996s
	iters: 800, epoch: 10 | loss: 0.4876562
	speed: 0.0332s/iter; left time: 11.4424s
	iters: 900, epoch: 10 | loss: 0.4646276
	speed: 0.0386s/iter; left time: 9.4605s
	iters: 1000, epoch: 10 | loss: 0.5070854
	speed: 0.0429s/iter; left time: 6.2163s
	iters: 1100, epoch: 10 | loss: 0.4920658
	speed: 0.0362s/iter; left time: 1.6276s
Epoch: 10 cost time: 47.912514448165894
Epoch: 10, Steps: 1144 | Train Loss: 0.4748027 Vali Loss: 0.3767324 Test Loss: 0.1415621
Validation loss decreased (0.376292 --> 0.376732).  Saving model ...
Updating learning rate to 0.0
>>>>>>>testing : long_term_forecast_weather_192_96_fcv_patch6_b1.0_TimeFilter_custom_addlossfcv_numpairsmax_patchlen6_alpha0.0_beta1.0<<<<<<<<<<<<<<<<<<<<<<<<<<<<<<<<<
test 10444
mse:0.14178138971328735, mae:0.18037216365337372
================================================================================
Model Profiling Summary
Total Params             : 226,640
Inference Time (s)       : 0.009776
GPU Mem Footprint (MB)   : 24.59
Peak Mem (MB)            : 40.04
================================================================================
Deleted model checkpoint at: ./checkpoints/long_term_forecast_weather_192_96_fcv_patch6_b1.0_TimeFilter_custom_addlossfcv_numpairsmax_patchlen6_alpha0.0_beta1.0/checkpoint.pth
[OK] CvLoss | seq_len=192 | pred_len=96 | mse=0.142 | mae=0.180
======================================================
Running | model=TimeFilter | table_name=TimeFilter | seq_len=192 | pred_len=96 | add_loss=None
======================================================
Args in experiment:
[1mBasic Config[0m
  Task Name:          long_term_forecast  Is Training:        2                   
  Model ID:           weather_192_96_None_patch6_b1.0Model:              TimeFilter          

[1mData Loader[0m
  Data:               custom              Root Path:          ./data              
  Data Path:          weather.csv         Features:           M                   
  Target:             OT                  Freq:               h                   
  Checkpoints:        ./checkpoints/      

[1mForecasting Task[0m
  Seq Len:            192                 Label Len:          48                  
  Pred Len:           96                  Seasonal Patterns:  Monthly             
  Inverse:            0                   

[1mModel Parameters[0m
  Top k:              5                   Num Kernels:        6                   
  Enc In:             21                  Dec In:             21                  
  C Out:              21                  d model:            128                 
  n heads:            4                   e layers:           2                   
  d layers:           1                   d FF:               256                 
  Moving Avg:         25                  Factor:             3                   
  Distil:             1                   Dropout:            0.3                 
  Embed:              timeF               Activation:         gelu                
  Output Attention:   0                   

[1mRun Parameters[0m
  Num Workers:        1                   Itr:                1                   
  Train Epochs:       10                  Batch Size:         32                  
  Patience:           3                   Learning Rate:      0.0005              
  Des:                Exp                 Loss:               MSE                 
  Lradj:              cosine              Use Amp:            0                   

[1mGPU[0m
  Use GPU:            1                   GPU:                0                   
  Use Multi GPU:      0                   Devices:            0,1,2,3             

[1mDe-stationary Projector Params[0m
  P Hidden Dims:      128, 128            P Hidden Layers:    2                   

Use GPU: cuda:0
>>>>>>>start training : long_term_forecast_weather_192_96_None_patch6_b1.0_TimeFilter_custom_addlossNone_numpairsmax_patchlen16_alpha1.0_beta0.1>>>>>>>>>>>>>>>>>>>>>>>>>>
train 36600
val 5175
test 10444
	iters: 100, epoch: 1 | loss: 0.5553797
	speed: 0.0492s/iter; left time: 558.3394s
	iters: 200, epoch: 1 | loss: 0.5529539
	speed: 0.0238s/iter; left time: 267.3582s
	iters: 300, epoch: 1 | loss: 0.6448761
	speed: 0.0212s/iter; left time: 236.4462s
	iters: 400, epoch: 1 | loss: 0.3330664
	speed: 0.0208s/iter; left time: 229.3636s
	iters: 500, epoch: 1 | loss: 1.3405483
	speed: 0.0200s/iter; left time: 219.2587s
	iters: 600, epoch: 1 | loss: 0.3518070
	speed: 0.0263s/iter; left time: 285.5001s
	iters: 700, epoch: 1 | loss: 0.3175136
	speed: 0.0281s/iter; left time: 301.4096s
	iters: 800, epoch: 1 | loss: 0.3651183
	speed: 0.0213s/iter; left time: 226.3915s
	iters: 900, epoch: 1 | loss: 0.3580546
	speed: 0.0214s/iter; left time: 225.5567s
	iters: 1000, epoch: 1 | loss: 0.4852232
	speed: 0.0174s/iter; left time: 181.5839s
	iters: 1100, epoch: 1 | loss: 0.3363329
	speed: 0.0160s/iter; left time: 165.0759s
Epoch: 1 cost time: 27.031810998916626
Epoch: 1, Steps: 1144 | Train Loss: 0.5410278 Vali Loss: 0.4226893 Test Loss: 0.1744200
Validation loss decreased (inf --> 0.422689).  Saving model ...
Updating learning rate to 0.0004877641290737884
	iters: 100, epoch: 2 | loss: 0.4175037
	speed: 0.0972s/iter; left time: 991.1593s
	iters: 200, epoch: 2 | loss: 0.4472938
	speed: 0.0149s/iter; left time: 150.0405s
	iters: 300, epoch: 2 | loss: 0.4169037
	speed: 0.0158s/iter; left time: 157.4815s
	iters: 400, epoch: 2 | loss: 0.3396446
	speed: 0.0191s/iter; left time: 188.7119s
	iters: 500, epoch: 2 | loss: 0.3617021
	speed: 0.0194s/iter; left time: 189.7454s
	iters: 600, epoch: 2 | loss: 0.3339260
	speed: 0.0228s/iter; left time: 220.6515s
	iters: 700, epoch: 2 | loss: 0.3691679
	speed: 0.0240s/iter; left time: 230.4856s
	iters: 800, epoch: 2 | loss: 0.4177140
	speed: 0.0156s/iter; left time: 148.3234s
	iters: 900, epoch: 2 | loss: 0.6353911
	speed: 0.0188s/iter; left time: 176.6353s
	iters: 1000, epoch: 2 | loss: 0.3962382
	speed: 0.0217s/iter; left time: 201.5412s
	iters: 1100, epoch: 2 | loss: 0.3686104
	speed: 0.0325s/iter; left time: 299.1409s
Epoch: 2 cost time: 23.955005407333374
Epoch: 2, Steps: 1144 | Train Loss: 0.4960222 Vali Loss: 0.3748725 Test Loss: 0.1492245
Validation loss decreased (0.422689 --> 0.374872).  Saving model ...
Updating learning rate to 0.0004522542485937369
	iters: 100, epoch: 3 | loss: 0.2796567
	speed: 0.1549s/iter; left time: 1402.3913s
	iters: 200, epoch: 3 | loss: 1.3595526
	speed: 0.0255s/iter; left time: 228.6525s
	iters: 300, epoch: 3 | loss: 0.2967335
	speed: 0.0257s/iter; left time: 227.4587s
	iters: 400, epoch: 3 | loss: 0.3532377
	speed: 0.0274s/iter; left time: 239.4556s
	iters: 500, epoch: 3 | loss: 0.4815834
	speed: 0.0231s/iter; left time: 200.2186s
	iters: 600, epoch: 3 | loss: 0.3883921
	speed: 0.0193s/iter; left time: 164.8284s
	iters: 700, epoch: 3 | loss: 0.5416965
	speed: 0.0177s/iter; left time: 149.6671s
	iters: 800, epoch: 3 | loss: 1.2763449
	speed: 0.0193s/iter; left time: 161.5961s
	iters: 900, epoch: 3 | loss: 0.3802976
	speed: 0.0182s/iter; left time: 149.8551s
	iters: 1000, epoch: 3 | loss: 0.5265508
	speed: 0.0184s/iter; left time: 150.0598s
	iters: 1100, epoch: 3 | loss: 0.3640723
	speed: 0.0180s/iter; left time: 144.7553s
Epoch: 3 cost time: 24.693723917007446
Epoch: 3, Steps: 1144 | Train Loss: 0.4841525 Vali Loss: 0.3753867 Test Loss: 0.1485734
Validation loss decreased (0.374872 --> 0.375387).  Saving model ...
Updating learning rate to 0.0003969463130731183
	iters: 100, epoch: 4 | loss: 0.3900939
	speed: 0.1141s/iter; left time: 902.5964s
	iters: 200, epoch: 4 | loss: 0.3800782
	speed: 0.0186s/iter; left time: 144.8664s
	iters: 300, epoch: 4 | loss: 1.3059609
	speed: 0.0207s/iter; left time: 159.9574s
	iters: 400, epoch: 4 | loss: 0.3401459
	speed: 0.0204s/iter; left time: 155.4234s
	iters: 500, epoch: 4 | loss: 0.5074291
	speed: 0.0215s/iter; left time: 161.4988s
	iters: 600, epoch: 4 | loss: 0.4400963
	speed: 0.0185s/iter; left time: 137.1535s
	iters: 700, epoch: 4 | loss: 0.2607750
	speed: 0.0122s/iter; left time: 89.0858s
	iters: 800, epoch: 4 | loss: 0.3780270
	speed: 0.0129s/iter; left time: 92.8065s
	iters: 900, epoch: 4 | loss: 0.5664359
	speed: 0.0159s/iter; left time: 113.2205s
	iters: 1000, epoch: 4 | loss: 0.3756824
	speed: 0.0204s/iter; left time: 142.7212s
	iters: 1100, epoch: 4 | loss: 0.3731218
	speed: 0.0154s/iter; left time: 106.4239s
Epoch: 4 cost time: 20.14669966697693
Epoch: 4, Steps: 1144 | Train Loss: 0.4734452 Vali Loss: 0.3723543 Test Loss: 0.1458803
Validation loss decreased (0.375387 --> 0.372354).  Saving model ...
Updating learning rate to 0.00032725424859373687
	iters: 100, epoch: 5 | loss: 0.4025945
	speed: 0.0958s/iter; left time: 647.7753s
	iters: 200, epoch: 5 | loss: 0.3757273
	speed: 0.0254s/iter; left time: 169.4760s
	iters: 300, epoch: 5 | loss: 0.4641098
	speed: 0.0226s/iter; left time: 148.1953s
	iters: 400, epoch: 5 | loss: 0.3007941
	speed: 0.0221s/iter; left time: 142.5907s
	iters: 500, epoch: 5 | loss: 0.2955465
	speed: 0.0266s/iter; left time: 169.3464s
	iters: 600, epoch: 5 | loss: 0.3958318
	speed: 0.0295s/iter; left time: 184.6985s
	iters: 700, epoch: 5 | loss: 0.4866557
	speed: 0.0245s/iter; left time: 150.9960s
	iters: 800, epoch: 5 | loss: 0.4355292
	speed: 0.0196s/iter; left time: 119.0764s
	iters: 900, epoch: 5 | loss: 0.3180264
	speed: 0.0207s/iter; left time: 123.4567s
	iters: 1000, epoch: 5 | loss: 0.4033767
	speed: 0.0195s/iter; left time: 114.2703s
	iters: 1100, epoch: 5 | loss: 0.2998196
	speed: 0.0198s/iter; left time: 114.4021s
Epoch: 5 cost time: 26.137883186340332
Epoch: 5, Steps: 1144 | Train Loss: 0.4656608 Vali Loss: 0.3777426 Test Loss: 0.1472524
Validation loss decreased (0.372354 --> 0.377743).  Saving model ...
Updating learning rate to 0.00025
	iters: 100, epoch: 6 | loss: 0.3211940
	speed: 0.1623s/iter; left time: 912.1828s
	iters: 200, epoch: 6 | loss: 0.3995723
	speed: 0.0218s/iter; left time: 120.2201s
	iters: 300, epoch: 6 | loss: 0.4217343
	speed: 0.0204s/iter; left time: 110.7161s
	iters: 400, epoch: 6 | loss: 0.2959852
	speed: 0.0255s/iter; left time: 135.7304s
	iters: 500, epoch: 6 | loss: 0.3809702
	speed: 0.0311s/iter; left time: 162.5930s
	iters: 600, epoch: 6 | loss: 0.3558272
	speed: 0.0211s/iter; left time: 108.1087s
	iters: 700, epoch: 6 | loss: 0.4989922
	speed: 0.0187s/iter; left time: 94.0093s
	iters: 800, epoch: 6 | loss: 0.3254153
	speed: 0.0173s/iter; left time: 85.0808s
	iters: 900, epoch: 6 | loss: 0.4258432
	speed: 0.0160s/iter; left time: 77.2336s
	iters: 1000, epoch: 6 | loss: 0.4031981
	speed: 0.0220s/iter; left time: 103.9272s
	iters: 1100, epoch: 6 | loss: 0.3043068
	speed: 0.0157s/iter; left time: 72.4720s
Epoch: 6 cost time: 24.077855348587036
Epoch: 6, Steps: 1144 | Train Loss: 0.4596138 Vali Loss: 0.3780279 Test Loss: 0.1467334
Validation loss decreased (0.377743 --> 0.378028).  Saving model ...
Updating learning rate to 0.00017274575140626317
	iters: 100, epoch: 7 | loss: 0.5176945
	speed: 0.0917s/iter; left time: 410.4313s
	iters: 200, epoch: 7 | loss: 0.3480920
	speed: 0.0148s/iter; left time: 64.6594s
	iters: 300, epoch: 7 | loss: 0.4718060
	speed: 0.0249s/iter; left time: 106.3500s
	iters: 400, epoch: 7 | loss: 1.2829967
	speed: 0.0144s/iter; left time: 60.2595s
	iters: 500, epoch: 7 | loss: 0.2875357
	speed: 0.0163s/iter; left time: 66.4705s
	iters: 600, epoch: 7 | loss: 0.3435236
	speed: 0.0190s/iter; left time: 75.7293s
	iters: 700, epoch: 7 | loss: 0.5271019
	speed: 0.0359s/iter; left time: 139.2664s
	iters: 800, epoch: 7 | loss: 0.3673728
	speed: 0.0340s/iter; left time: 128.3893s
	iters: 900, epoch: 7 | loss: 0.2761084
	speed: 0.0285s/iter; left time: 104.9630s
	iters: 1000, epoch: 7 | loss: 0.3403808
	speed: 0.0218s/iter; left time: 77.9604s
	iters: 1100, epoch: 7 | loss: 0.2691410
	speed: 0.0178s/iter; left time: 61.9210s
Epoch: 7 cost time: 26.248085260391235
Epoch: 7, Steps: 1144 | Train Loss: 0.4543500 Vali Loss: 0.3788171 Test Loss: 0.1459122
Validation loss decreased (0.378028 --> 0.378817).  Saving model ...
Updating learning rate to 0.00010305368692688174
	iters: 100, epoch: 8 | loss: 0.3415819
	speed: 0.0881s/iter; left time: 293.5215s
	iters: 200, epoch: 8 | loss: 0.4712058
	speed: 0.0188s/iter; left time: 60.6681s
	iters: 300, epoch: 8 | loss: 0.3099376
	speed: 0.0213s/iter; left time: 66.8435s
	iters: 400, epoch: 8 | loss: 0.3221970
	speed: 0.0227s/iter; left time: 68.8387s
	iters: 500, epoch: 8 | loss: 0.3660959
	speed: 0.0233s/iter; left time: 68.2907s
	iters: 600, epoch: 8 | loss: 0.3447506
	speed: 0.0222s/iter; left time: 62.8288s
	iters: 700, epoch: 8 | loss: 0.4145192
	speed: 0.0268s/iter; left time: 73.1865s
	iters: 800, epoch: 8 | loss: 0.4036376
	speed: 0.0305s/iter; left time: 80.2348s
	iters: 900, epoch: 8 | loss: 1.2721503
	speed: 0.0245s/iter; left time: 62.0354s
	iters: 1000, epoch: 8 | loss: 0.3310603
	speed: 0.0224s/iter; left time: 54.6127s
	iters: 1100, epoch: 8 | loss: 0.4773622
	speed: 0.0250s/iter; left time: 58.2914s
Epoch: 8 cost time: 26.7067973613739
Epoch: 8, Steps: 1144 | Train Loss: 0.4504965 Vali Loss: 0.3781547 Test Loss: 0.1457872
Validation loss decreased (0.378817 --> 0.378155).  Saving model ...
Updating learning rate to 4.7745751406263163e-05
	iters: 100, epoch: 9 | loss: 0.4812158
	speed: 0.1315s/iter; left time: 287.8564s
	iters: 200, epoch: 9 | loss: 0.3065518
	speed: 0.0219s/iter; left time: 45.7654s
	iters: 300, epoch: 9 | loss: 0.3646064
	speed: 0.0207s/iter; left time: 41.1353s
	iters: 400, epoch: 9 | loss: 0.2743330
	speed: 0.0153s/iter; left time: 28.9628s
	iters: 500, epoch: 9 | loss: 0.3540831
	speed: 0.0223s/iter; left time: 39.9441s
	iters: 600, epoch: 9 | loss: 0.3834921
	speed: 0.0258s/iter; left time: 43.5105s
	iters: 700, epoch: 9 | loss: 0.2752121
	speed: 0.0201s/iter; left time: 31.9919s
	iters: 800, epoch: 9 | loss: 0.2961601
	speed: 0.0177s/iter; left time: 26.3951s
	iters: 900, epoch: 9 | loss: 0.4313778
	speed: 0.0214s/iter; left time: 29.7861s
	iters: 1000, epoch: 9 | loss: 0.3567331
	speed: 0.0140s/iter; left time: 18.0482s
	iters: 1100, epoch: 9 | loss: 0.3738816
	speed: 0.0145s/iter; left time: 17.2734s
Epoch: 9 cost time: 22.022766828536987
Epoch: 9, Steps: 1144 | Train Loss: 0.4480057 Vali Loss: 0.3797352 Test Loss: 0.1450065
Validation loss decreased (0.378155 --> 0.379735).  Saving model ...
Updating learning rate to 1.2235870926211617e-05
	iters: 100, epoch: 10 | loss: 0.3474151
	speed: 0.1995s/iter; left time: 208.4351s
	iters: 200, epoch: 10 | loss: 0.3417461
	speed: 0.0233s/iter; left time: 21.9920s
	iters: 300, epoch: 10 | loss: 0.2667561
	speed: 0.0293s/iter; left time: 24.7690s
	iters: 400, epoch: 10 | loss: 0.3416981
	speed: 0.0303s/iter; left time: 22.5693s
	iters: 500, epoch: 10 | loss: 0.3027216
	speed: 0.0243s/iter; left time: 15.6827s
	iters: 600, epoch: 10 | loss: 0.3372059
	speed: 0.0223s/iter; left time: 12.1787s
	iters: 700, epoch: 10 | loss: 0.3902485
	speed: 0.0212s/iter; left time: 9.4451s
	iters: 800, epoch: 10 | loss: 0.3397684
	speed: 0.0219s/iter; left time: 7.5634s
	iters: 900, epoch: 10 | loss: 0.3116549
	speed: 0.0289s/iter; left time: 7.0749s
	iters: 1000, epoch: 10 | loss: 1.3509831
	speed: 0.0304s/iter; left time: 4.4086s
	iters: 1100, epoch: 10 | loss: 0.3640055
	speed: 0.0234s/iter; left time: 1.0545s
Epoch: 10 cost time: 29.128887176513672
Epoch: 10, Steps: 1144 | Train Loss: 0.4470238 Vali Loss: 0.3792252 Test Loss: 0.1457875
Validation loss decreased (0.379735 --> 0.379225).  Saving model ...
Updating learning rate to 0.0
>>>>>>>testing : long_term_forecast_weather_192_96_None_patch6_b1.0_TimeFilter_custom_addlossNone_numpairsmax_patchlen16_alpha1.0_beta0.1<<<<<<<<<<<<<<<<<<<<<<<<<<<<<<<<<
test 10444
mse:0.14598439633846283, mae:0.19548465311527252
================================================================================
Model Profiling Summary
Total Params             : 226,640
Inference Time (s)       : 0.004948
GPU Mem Footprint (MB)   : 24.59
Peak Mem (MB)            : 40.04
================================================================================
Deleted model checkpoint at: ./checkpoints/long_term_forecast_weather_192_96_None_patch6_b1.0_TimeFilter_custom_addlossNone_numpairsmax_patchlen16_alpha1.0_beta0.1/checkpoint.pth
[OK] TimeFilter | seq_len=192 | pred_len=96 | mse=0.146 | mae=0.195
======================================================
Running | model=TimeFilter | table_name=CvLoss | seq_len=192 | pred_len=192 | add_loss=fcv
======================================================
Args in experiment:
[1mBasic Config[0m
  Task Name:          long_term_forecast  Is Training:        2                   
  Model ID:           weather_192_192_fcv_patch6_b1.0Model:              TimeFilter          

[1mData Loader[0m
  Data:               custom              Root Path:          ./data              
  Data Path:          weather.csv         Features:           M                   
  Target:             OT                  Freq:               h                   
  Checkpoints:        ./checkpoints/      

[1mForecasting Task[0m
  Seq Len:            192                 Label Len:          48                  
  Pred Len:           192                 Seasonal Patterns:  Monthly             
  Inverse:            0                   

[1mModel Parameters[0m
  Top k:              5                   Num Kernels:        6                   
  Enc In:             21                  Dec In:             21                  
  C Out:              21                  d model:            128                 
  n heads:            4                   e layers:           2                   
  d layers:           1                   d FF:               256                 
  Moving Avg:         25                  Factor:             3                   
  Distil:             1                   Dropout:            0.3                 
  Embed:              timeF               Activation:         gelu                
  Output Attention:   0                   

[1mRun Parameters[0m
  Num Workers:        1                   Itr:                1                   
  Train Epochs:       10                  Batch Size:         32                  
  Patience:           3                   Learning Rate:      0.0005              
  Des:                Exp                 Loss:               MSE                 
  Lradj:              cosine              Use Amp:            0                   

[1mGPU[0m
  Use GPU:            1                   GPU:                0                   
  Use Multi GPU:      0                   Devices:            0,1,2,3             

[1mDe-stationary Projector Params[0m
  P Hidden Dims:      128, 128            P Hidden Layers:    2                   

Use GPU: cuda:0
>>>>>>>start training : long_term_forecast_weather_192_192_fcv_patch6_b1.0_TimeFilter_custom_addlossfcv_numpairsmax_patchlen6_alpha0.0_beta1.0>>>>>>>>>>>>>>>>>>>>>>>>>>
train 36504
val 5079
test 10348
	iters: 100, epoch: 1 | loss: 0.6512141
	speed: 0.0594s/iter; left time: 671.4929s
	iters: 200, epoch: 1 | loss: 0.6461882
	speed: 0.0298s/iter; left time: 334.3826s
	iters: 300, epoch: 1 | loss: 0.6432397
	speed: 0.0418s/iter; left time: 464.6825s
	iters: 400, epoch: 1 | loss: 0.6748793
	speed: 0.0415s/iter; left time: 456.6290s
	iters: 500, epoch: 1 | loss: 0.6304935
	speed: 0.0422s/iter; left time: 460.5801s
	iters: 600, epoch: 1 | loss: 0.6337725
	speed: 0.0423s/iter; left time: 457.4512s
	iters: 700, epoch: 1 | loss: 0.6558715
	speed: 0.0421s/iter; left time: 450.6791s
	iters: 800, epoch: 1 | loss: 0.6238972
	speed: 0.0472s/iter; left time: 500.7917s
	iters: 900, epoch: 1 | loss: 0.5549891
	speed: 0.0380s/iter; left time: 399.4712s
	iters: 1000, epoch: 1 | loss: 0.6100326
	speed: 0.0422s/iter; left time: 439.8221s
	iters: 1100, epoch: 1 | loss: 0.6062985
	speed: 0.0472s/iter; left time: 486.6872s
Epoch: 1 cost time: 48.97000694274902
Epoch: 1, Steps: 1141 | Train Loss: 0.6357489 Vali Loss: 0.4563909 Test Loss: 0.1965934
Validation loss decreased (inf --> 0.456391).  Saving model ...
Updating learning rate to 0.0004877641290737884
	iters: 100, epoch: 2 | loss: 0.5819061
	speed: 0.1540s/iter; left time: 1566.5812s
	iters: 200, epoch: 2 | loss: 0.5411713
	speed: 0.0429s/iter; left time: 432.0617s
	iters: 300, epoch: 2 | loss: 0.5654684
	speed: 0.0371s/iter; left time: 370.3532s
	iters: 400, epoch: 2 | loss: 0.6197017
	speed: 0.0370s/iter; left time: 364.8404s
	iters: 500, epoch: 2 | loss: 0.6302090
	speed: 0.0400s/iter; left time: 391.1321s
	iters: 600, epoch: 2 | loss: 0.5666287
	speed: 0.0446s/iter; left time: 431.7290s
	iters: 700, epoch: 2 | loss: 0.6356309
	speed: 0.0342s/iter; left time: 326.8422s
	iters: 800, epoch: 2 | loss: 0.6622016
	speed: 0.0467s/iter; left time: 441.9305s
	iters: 900, epoch: 2 | loss: 0.5583865
	speed: 0.0480s/iter; left time: 449.3814s
	iters: 1000, epoch: 2 | loss: 0.6317911
	speed: 0.0493s/iter; left time: 457.3479s
	iters: 1100, epoch: 2 | loss: 0.5316699
	speed: 0.0414s/iter; left time: 380.0855s
Epoch: 2 cost time: 48.03508424758911
Epoch: 2, Steps: 1141 | Train Loss: 0.5935363 Vali Loss: 0.4516505 Test Loss: 0.1925870
Validation loss decreased (0.456391 --> 0.451650).  Saving model ...
Updating learning rate to 0.0004522542485937369
	iters: 100, epoch: 3 | loss: 0.5789093
	speed: 0.1869s/iter; left time: 1687.2414s
	iters: 200, epoch: 3 | loss: 0.6072435
	speed: 0.0448s/iter; left time: 400.3395s
	iters: 300, epoch: 3 | loss: 0.5638698
	speed: 0.0474s/iter; left time: 418.8668s
	iters: 400, epoch: 3 | loss: 0.5774847
	speed: 0.0485s/iter; left time: 423.2363s
	iters: 500, epoch: 3 | loss: 0.5229893
	speed: 0.0384s/iter; left time: 331.2324s
	iters: 600, epoch: 3 | loss: 0.5908006
	speed: 0.0417s/iter; left time: 355.9541s
	iters: 700, epoch: 3 | loss: 0.5546439
	speed: 0.0425s/iter; left time: 357.9476s
	iters: 800, epoch: 3 | loss: 0.5722022
	speed: 0.0375s/iter; left time: 312.2539s
	iters: 900, epoch: 3 | loss: 0.5861348
	speed: 0.0368s/iter; left time: 303.2087s
	iters: 1000, epoch: 3 | loss: 0.5324651
	speed: 0.0417s/iter; left time: 339.2348s
	iters: 1100, epoch: 3 | loss: 0.6396846
	speed: 0.0408s/iter; left time: 327.6482s
Epoch: 3 cost time: 47.969173431396484
Epoch: 3, Steps: 1141 | Train Loss: 0.5793216 Vali Loss: 0.4545478 Test Loss: 0.1931504
Validation loss decreased (0.451650 --> 0.454548).  Saving model ...
Updating learning rate to 0.0003969463130731183
	iters: 100, epoch: 4 | loss: 0.5403960
	speed: 0.1673s/iter; left time: 1319.9931s
	iters: 200, epoch: 4 | loss: 0.5687017
	speed: 0.0470s/iter; left time: 366.2408s
	iters: 300, epoch: 4 | loss: 0.6127980
	speed: 0.0412s/iter; left time: 316.5406s
	iters: 400, epoch: 4 | loss: 0.5653514
	speed: 0.0397s/iter; left time: 301.0923s
	iters: 500, epoch: 4 | loss: 0.5797645
	speed: 0.0458s/iter; left time: 343.0790s
	iters: 600, epoch: 4 | loss: 0.5987346
	speed: 0.0482s/iter; left time: 355.9885s
	iters: 700, epoch: 4 | loss: 0.5810729
	speed: 0.0407s/iter; left time: 296.4266s
	iters: 800, epoch: 4 | loss: 0.5559036
	speed: 0.0402s/iter; left time: 289.2087s
	iters: 900, epoch: 4 | loss: 0.5797125
	speed: 0.0397s/iter; left time: 281.2321s
	iters: 1000, epoch: 4 | loss: 0.5950146
	speed: 0.0360s/iter; left time: 251.6093s
	iters: 1100, epoch: 4 | loss: 0.5617701
	speed: 0.0415s/iter; left time: 285.5094s
Epoch: 4 cost time: 48.21279287338257
Epoch: 4, Steps: 1141 | Train Loss: 0.5691069 Vali Loss: 0.4547831 Test Loss: 0.1916714
Validation loss decreased (0.454548 --> 0.454783).  Saving model ...
Updating learning rate to 0.00032725424859373687
	iters: 100, epoch: 5 | loss: 0.5431876
	speed: 0.1284s/iter; left time: 866.3193s
	iters: 200, epoch: 5 | loss: 0.5907968
	speed: 0.0464s/iter; left time: 308.3882s
	iters: 300, epoch: 5 | loss: 0.5303251
	speed: 0.0373s/iter; left time: 244.2295s
	iters: 400, epoch: 5 | loss: 0.5248322
	speed: 0.0514s/iter; left time: 331.3872s
	iters: 500, epoch: 5 | loss: 0.5476481
	speed: 0.0543s/iter; left time: 344.4399s
	iters: 600, epoch: 5 | loss: 0.5765794
	speed: 0.0490s/iter; left time: 306.2427s
	iters: 700, epoch: 5 | loss: 0.5708970
	speed: 0.0539s/iter; left time: 331.4914s
	iters: 800, epoch: 5 | loss: 0.5606484
	speed: 0.0494s/iter; left time: 298.6228s
	iters: 900, epoch: 5 | loss: 0.5870656
	speed: 0.0464s/iter; left time: 275.6549s
	iters: 1000, epoch: 5 | loss: 0.5581980
	speed: 0.0521s/iter; left time: 304.8437s
	iters: 1100, epoch: 5 | loss: 0.5142263
	speed: 0.0494s/iter; left time: 283.7159s
Epoch: 5 cost time: 55.22697615623474
Epoch: 5, Steps: 1141 | Train Loss: 0.5607903 Vali Loss: 0.4589160 Test Loss: 0.1910283
Validation loss decreased (0.454783 --> 0.458916).  Saving model ...
Updating learning rate to 0.00025
	iters: 100, epoch: 6 | loss: 0.5871376
	speed: 0.1852s/iter; left time: 1038.2613s
	iters: 200, epoch: 6 | loss: 0.5607696
	speed: 0.0379s/iter; left time: 208.8238s
	iters: 300, epoch: 6 | loss: 0.5291958
	speed: 0.0430s/iter; left time: 232.5149s
	iters: 400, epoch: 6 | loss: 0.5094087
	speed: 0.0412s/iter; left time: 218.8376s
	iters: 500, epoch: 6 | loss: 0.5331974
	speed: 0.0439s/iter; left time: 228.7422s
	iters: 600, epoch: 6 | loss: 0.5269793
	speed: 0.0393s/iter; left time: 200.7022s
	iters: 700, epoch: 6 | loss: 0.5223446
	speed: 0.0519s/iter; left time: 259.9142s
	iters: 800, epoch: 6 | loss: 0.5812856
	speed: 0.0480s/iter; left time: 235.6009s
	iters: 900, epoch: 6 | loss: 0.5209743
	speed: 0.0450s/iter; left time: 216.4200s
	iters: 1000, epoch: 6 | loss: 0.5863757
	speed: 0.0517s/iter; left time: 243.2045s
	iters: 1100, epoch: 6 | loss: 0.5238785
	speed: 0.0450s/iter; left time: 207.1623s
Epoch: 6 cost time: 50.840054750442505
Epoch: 6, Steps: 1141 | Train Loss: 0.5540253 Vali Loss: 0.4554892 Test Loss: 0.1915945
Validation loss decreased (0.458916 --> 0.455489).  Saving model ...
Updating learning rate to 0.00017274575140626317
	iters: 100, epoch: 7 | loss: 0.5274090
	speed: 0.1979s/iter; left time: 883.6003s
	iters: 200, epoch: 7 | loss: 0.5750685
	speed: 0.0460s/iter; left time: 200.6411s
	iters: 300, epoch: 7 | loss: 0.5787091
	speed: 0.0455s/iter; left time: 194.2027s
	iters: 400, epoch: 7 | loss: 0.5127463
	speed: 0.0441s/iter; left time: 183.5505s
	iters: 500, epoch: 7 | loss: 0.5757361
	speed: 0.0391s/iter; left time: 158.9992s
	iters: 600, epoch: 7 | loss: 0.5571954
	speed: 0.0384s/iter; left time: 152.1236s
	iters: 700, epoch: 7 | loss: 0.5346356
	speed: 0.0439s/iter; left time: 169.5679s
	iters: 800, epoch: 7 | loss: 0.5414619
	speed: 0.0403s/iter; left time: 151.6505s
	iters: 900, epoch: 7 | loss: 0.5471605
	speed: 0.0359s/iter; left time: 131.4792s
	iters: 1000, epoch: 7 | loss: 0.5403789
	speed: 0.0417s/iter; left time: 148.6457s
	iters: 1100, epoch: 7 | loss: 0.5388166
	speed: 0.0432s/iter; left time: 149.6592s
Epoch: 7 cost time: 48.49814057350159
Epoch: 7, Steps: 1141 | Train Loss: 0.5489412 Vali Loss: 0.4536975 Test Loss: 0.1901388
Validation loss decreased (0.455489 --> 0.453698).  Saving model ...
Updating learning rate to 0.00010305368692688174
	iters: 100, epoch: 8 | loss: 0.5544370
	speed: 0.1190s/iter; left time: 395.4611s
	iters: 200, epoch: 8 | loss: 0.5217785
	speed: 0.0443s/iter; left time: 142.7799s
	iters: 300, epoch: 8 | loss: 0.5579182
	speed: 0.0461s/iter; left time: 144.0312s
	iters: 400, epoch: 8 | loss: 0.5671042
	speed: 0.0459s/iter; left time: 138.7540s
	iters: 500, epoch: 8 | loss: 0.4954602
	speed: 0.0416s/iter; left time: 121.5826s
	iters: 600, epoch: 8 | loss: 0.5696087
	speed: 0.0440s/iter; left time: 124.1947s
	iters: 700, epoch: 8 | loss: 0.5573707
	speed: 0.0455s/iter; left time: 123.8796s
	iters: 800, epoch: 8 | loss: 0.5247054
	speed: 0.0464s/iter; left time: 121.7538s
	iters: 900, epoch: 8 | loss: 0.5205877
	speed: 0.0405s/iter; left time: 102.2520s
	iters: 1000, epoch: 8 | loss: 0.5157700
	speed: 0.0416s/iter; left time: 100.8836s
	iters: 1100, epoch: 8 | loss: 0.5625611
	speed: 0.0429s/iter; left time: 99.7686s
Epoch: 8 cost time: 50.14374232292175
Epoch: 8, Steps: 1141 | Train Loss: 0.5449567 Vali Loss: 0.4553289 Test Loss: 0.1899270
Validation loss decreased (0.453698 --> 0.455329).  Saving model ...
Updating learning rate to 4.7745751406263163e-05
	iters: 100, epoch: 9 | loss: 0.5367755
	speed: 0.1266s/iter; left time: 276.3811s
	iters: 200, epoch: 9 | loss: 0.5333883
	speed: 0.0380s/iter; left time: 79.1318s
	iters: 300, epoch: 9 | loss: 0.5328339
	speed: 0.0452s/iter; left time: 89.6796s
	iters: 400, epoch: 9 | loss: 0.5619264
	speed: 0.0474s/iter; left time: 89.2289s
	iters: 500, epoch: 9 | loss: 0.5087944
	speed: 0.0490s/iter; left time: 87.4073s
	iters: 600, epoch: 9 | loss: 0.5198175
	speed: 0.0410s/iter; left time: 69.0223s
	iters: 700, epoch: 9 | loss: 0.5061930
	speed: 0.0398s/iter; left time: 62.9328s
	iters: 800, epoch: 9 | loss: 0.5625854
	speed: 0.0405s/iter; left time: 60.1127s
	iters: 900, epoch: 9 | loss: 0.4882543
	speed: 0.0463s/iter; left time: 63.9947s
	iters: 1000, epoch: 9 | loss: 0.5312301
	speed: 0.0465s/iter; left time: 59.6698s
	iters: 1100, epoch: 9 | loss: 0.5170888
	speed: 0.0442s/iter; left time: 52.2336s
Epoch: 9 cost time: 49.85771894454956
Epoch: 9, Steps: 1141 | Train Loss: 0.5418880 Vali Loss: 0.4579377 Test Loss: 0.1903312
Validation loss decreased (0.455329 --> 0.457938).  Saving model ...
Updating learning rate to 1.2235870926211617e-05
	iters: 100, epoch: 10 | loss: 0.5005729
	speed: 0.1598s/iter; left time: 166.4661s
	iters: 200, epoch: 10 | loss: 0.5873871
	speed: 0.0392s/iter; left time: 36.9478s
	iters: 300, epoch: 10 | loss: 0.5154477
	speed: 0.0397s/iter; left time: 33.4071s
	iters: 400, epoch: 10 | loss: 0.5447432
	speed: 0.0362s/iter; left time: 26.8700s
	iters: 500, epoch: 10 | loss: 0.5483377
	speed: 0.0374s/iter; left time: 24.0246s
	iters: 600, epoch: 10 | loss: 0.5247750
	speed: 0.0428s/iter; left time: 23.1841s
	iters: 700, epoch: 10 | loss: 0.5675126
	speed: 0.0343s/iter; left time: 15.1799s
	iters: 800, epoch: 10 | loss: 0.5308818
	speed: 0.0484s/iter; left time: 16.5459s
	iters: 900, epoch: 10 | loss: 0.5578976
	speed: 0.0427s/iter; left time: 10.3267s
	iters: 1000, epoch: 10 | loss: 0.5484224
	speed: 0.0469s/iter; left time: 6.6606s
	iters: 1100, epoch: 10 | loss: 0.5468102
	speed: 0.0489s/iter; left time: 2.0540s
Epoch: 10 cost time: 47.8148307800293
Epoch: 10, Steps: 1141 | Train Loss: 0.5406840 Vali Loss: 0.4576278 Test Loss: 0.1908790
Validation loss decreased (0.457938 --> 0.457628).  Saving model ...
Updating learning rate to 0.0
>>>>>>>testing : long_term_forecast_weather_192_192_fcv_patch6_b1.0_TimeFilter_custom_addlossfcv_numpairsmax_patchlen6_alpha0.0_beta1.0<<<<<<<<<<<<<<<<<<<<<<<<<<<<<<<<<
test 10348
mse:0.19112662971019745, mae:0.22974173724651337
================================================================================
Model Profiling Summary
Total Params             : 275,888
Inference Time (s)       : 0.006070
GPU Mem Footprint (MB)   : 25.75
Peak Mem (MB)            : 40.95
================================================================================
Deleted model checkpoint at: ./checkpoints/long_term_forecast_weather_192_192_fcv_patch6_b1.0_TimeFilter_custom_addlossfcv_numpairsmax_patchlen6_alpha0.0_beta1.0/checkpoint.pth
[OK] CvLoss | seq_len=192 | pred_len=192 | mse=0.191 | mae=0.230
======================================================
Running | model=TimeFilter | table_name=TimeFilter | seq_len=192 | pred_len=192 | add_loss=None
======================================================
Args in experiment:
[1mBasic Config[0m
  Task Name:          long_term_forecast  Is Training:        2                   
  Model ID:           weather_192_192_None_patch6_b1.0Model:              TimeFilter          

[1mData Loader[0m
  Data:               custom              Root Path:          ./data              
  Data Path:          weather.csv         Features:           M                   
  Target:             OT                  Freq:               h                   
  Checkpoints:        ./checkpoints/      

[1mForecasting Task[0m
  Seq Len:            192                 Label Len:          48                  
  Pred Len:           192                 Seasonal Patterns:  Monthly             
  Inverse:            0                   

[1mModel Parameters[0m
  Top k:              5                   Num Kernels:        6                   
  Enc In:             21                  Dec In:             21                  
  C Out:              21                  d model:            128                 
  n heads:            4                   e layers:           2                   
  d layers:           1                   d FF:               256                 
  Moving Avg:         25                  Factor:             3                   
  Distil:             1                   Dropout:            0.3                 
  Embed:              timeF               Activation:         gelu                
  Output Attention:   0                   

[1mRun Parameters[0m
  Num Workers:        1                   Itr:                1                   
  Train Epochs:       10                  Batch Size:         32                  
  Patience:           3                   Learning Rate:      0.0005              
  Des:                Exp                 Loss:               MSE                 
  Lradj:              cosine              Use Amp:            0                   

[1mGPU[0m
  Use GPU:            1                   GPU:                0                   
  Use Multi GPU:      0                   Devices:            0,1,2,3             

[1mDe-stationary Projector Params[0m
  P Hidden Dims:      128, 128            P Hidden Layers:    2                   

Use GPU: cuda:0
>>>>>>>start training : long_term_forecast_weather_192_192_None_patch6_b1.0_TimeFilter_custom_addlossNone_numpairsmax_patchlen16_alpha1.0_beta0.1>>>>>>>>>>>>>>>>>>>>>>>>>>
train 36504
val 5079
test 10348
	iters: 100, epoch: 1 | loss: 0.4743602
	speed: 0.0372s/iter; left time: 420.6969s
	iters: 200, epoch: 1 | loss: 0.4917756
	speed: 0.0152s/iter; left time: 169.8928s
	iters: 300, epoch: 1 | loss: 0.5669988
	speed: 0.0167s/iter; left time: 185.1412s
	iters: 400, epoch: 1 | loss: 1.5195434
	speed: 0.0168s/iter; left time: 184.7805s
	iters: 500, epoch: 1 | loss: 0.4626334
	speed: 0.0138s/iter; left time: 150.8572s
	iters: 600, epoch: 1 | loss: 0.5069852
	speed: 0.0158s/iter; left time: 170.6997s
	iters: 700, epoch: 1 | loss: 0.5773199
	speed: 0.0178s/iter; left time: 191.0347s
	iters: 800, epoch: 1 | loss: 0.4822756
	speed: 0.0155s/iter; left time: 164.2744s
	iters: 900, epoch: 1 | loss: 0.3864488
	speed: 0.0132s/iter; left time: 138.5563s
	iters: 1000, epoch: 1 | loss: 0.4218991
	speed: 0.0177s/iter; left time: 184.6326s
	iters: 1100, epoch: 1 | loss: 0.4927872
	speed: 0.0151s/iter; left time: 155.8350s
Epoch: 1 cost time: 19.33716654777527
Epoch: 1, Steps: 1141 | Train Loss: 0.6000246 Vali Loss: 0.4448953 Test Loss: 0.1971682
Validation loss decreased (inf --> 0.444895).  Saving model ...
Updating learning rate to 0.0004877641290737884
	iters: 100, epoch: 2 | loss: 0.4363792
	speed: 0.0705s/iter; left time: 717.4499s
	iters: 200, epoch: 2 | loss: 0.3923836
	speed: 0.0144s/iter; left time: 144.7984s
	iters: 300, epoch: 2 | loss: 0.4315383
	speed: 0.0164s/iter; left time: 163.0415s
	iters: 400, epoch: 2 | loss: 0.9650285
	speed: 0.0267s/iter; left time: 263.5651s
	iters: 500, epoch: 2 | loss: 0.5036470
	speed: 0.0205s/iter; left time: 200.5525s
	iters: 600, epoch: 2 | loss: 0.4176704
	speed: 0.0234s/iter; left time: 225.9611s
	iters: 700, epoch: 2 | loss: 0.9341957
	speed: 0.0256s/iter; left time: 244.6557s
	iters: 800, epoch: 2 | loss: 0.5544654
	speed: 0.0233s/iter; left time: 220.2312s
	iters: 900, epoch: 2 | loss: 0.4625764
	speed: 0.0211s/iter; left time: 197.6786s
	iters: 1000, epoch: 2 | loss: 0.9662612
	speed: 0.0207s/iter; left time: 192.2219s
	iters: 1100, epoch: 2 | loss: 0.3915653
	speed: 0.0208s/iter; left time: 190.5715s
Epoch: 2 cost time: 24.006352424621582
Epoch: 2, Steps: 1141 | Train Loss: 0.5518959 Vali Loss: 0.4456625 Test Loss: 0.1946463
Validation loss decreased (0.444895 --> 0.445662).  Saving model ...
Updating learning rate to 0.0004522542485937369
	iters: 100, epoch: 3 | loss: 0.4223804
	speed: 0.1540s/iter; left time: 1390.2466s
	iters: 200, epoch: 3 | loss: 0.4992314
	speed: 0.0209s/iter; left time: 186.3238s
	iters: 300, epoch: 3 | loss: 0.4256867
	speed: 0.0198s/iter; left time: 174.4048s
	iters: 400, epoch: 3 | loss: 0.8585450
	speed: 0.0214s/iter; left time: 186.6008s
	iters: 500, epoch: 3 | loss: 0.4197147
	speed: 0.0208s/iter; left time: 179.8467s
	iters: 600, epoch: 3 | loss: 1.3524054
	speed: 0.0196s/iter; left time: 167.4503s
	iters: 700, epoch: 3 | loss: 0.4486444
	speed: 0.0261s/iter; left time: 219.9703s
	iters: 800, epoch: 3 | loss: 0.3677308
	speed: 0.0249s/iter; left time: 207.4047s
	iters: 900, epoch: 3 | loss: 0.4349097
	speed: 0.0238s/iter; left time: 195.9449s
	iters: 1000, epoch: 3 | loss: 0.3876024
	speed: 0.0168s/iter; left time: 136.9043s
	iters: 1100, epoch: 3 | loss: 1.0699468
	speed: 0.0177s/iter; left time: 141.7652s
Epoch: 3 cost time: 24.929359912872314
Epoch: 3, Steps: 1141 | Train Loss: 0.5357129 Vali Loss: 0.4475021 Test Loss: 0.1949418
Validation loss decreased (0.445662 --> 0.447502).  Saving model ...
Updating learning rate to 0.0003969463130731183
	iters: 100, epoch: 4 | loss: 0.3981036
	speed: 0.1000s/iter; left time: 788.9185s
	iters: 200, epoch: 4 | loss: 0.4458968
	speed: 0.0227s/iter; left time: 177.0202s
	iters: 300, epoch: 4 | loss: 1.4129536
	speed: 0.0183s/iter; left time: 140.7890s
	iters: 400, epoch: 4 | loss: 0.8032699
	speed: 0.0239s/iter; left time: 181.2842s
	iters: 500, epoch: 4 | loss: 0.4209279
	speed: 0.0263s/iter; left time: 196.6067s
	iters: 600, epoch: 4 | loss: 0.9363798
	speed: 0.0153s/iter; left time: 112.9482s
	iters: 700, epoch: 4 | loss: 0.4857379
	speed: 0.0140s/iter; left time: 102.2229s
	iters: 800, epoch: 4 | loss: 0.4050612
	speed: 0.0145s/iter; left time: 104.1855s
	iters: 900, epoch: 4 | loss: 0.4443687
	speed: 0.0214s/iter; left time: 151.8136s
	iters: 1000, epoch: 4 | loss: 0.5835887
	speed: 0.0234s/iter; left time: 163.5341s
	iters: 1100, epoch: 4 | loss: 0.4710293
	speed: 0.0213s/iter; left time: 146.5891s
Epoch: 4 cost time: 23.07525897026062
Epoch: 4, Steps: 1141 | Train Loss: 0.5237213 Vali Loss: 0.4586175 Test Loss: 0.1928733
Validation loss decreased (0.447502 --> 0.458617).  Saving model ...
Updating learning rate to 0.00032725424859373687
	iters: 100, epoch: 5 | loss: 0.4846387
	speed: 0.1440s/iter; left time: 971.2363s
	iters: 200, epoch: 5 | loss: 0.4422014
	speed: 0.0235s/iter; left time: 156.1451s
	iters: 300, epoch: 5 | loss: 0.3534328
	speed: 0.0203s/iter; left time: 133.0159s
	iters: 400, epoch: 5 | loss: 0.3532281
	speed: 0.0192s/iter; left time: 123.7194s
	iters: 500, epoch: 5 | loss: 0.4656996
	speed: 0.0256s/iter; left time: 162.3754s
	iters: 600, epoch: 5 | loss: 0.4431806
	speed: 0.0228s/iter; left time: 142.6222s
	iters: 700, epoch: 5 | loss: 0.4283982
	speed: 0.0276s/iter; left time: 169.5744s
	iters: 800, epoch: 5 | loss: 0.8763038
	speed: 0.0205s/iter; left time: 124.1069s
	iters: 900, epoch: 5 | loss: 0.4316189
	speed: 0.0202s/iter; left time: 120.1258s
	iters: 1000, epoch: 5 | loss: 0.4446343
	speed: 0.0192s/iter; left time: 112.1825s
	iters: 1100, epoch: 5 | loss: 0.3361829
	speed: 0.0197s/iter; left time: 113.3649s
Epoch: 5 cost time: 25.016626834869385
Epoch: 5, Steps: 1141 | Train Loss: 0.5146169 Vali Loss: 0.4647333 Test Loss: 0.1933586
Validation loss decreased (0.458617 --> 0.464733).  Saving model ...
Updating learning rate to 0.00025
	iters: 100, epoch: 6 | loss: 1.0596749
	speed: 0.1284s/iter; left time: 719.6704s
	iters: 200, epoch: 6 | loss: 0.4464507
	speed: 0.0212s/iter; left time: 116.7937s
	iters: 300, epoch: 6 | loss: 0.4057578
	speed: 0.0155s/iter; left time: 83.5555s
	iters: 400, epoch: 6 | loss: 0.3885195
	speed: 0.0181s/iter; left time: 95.8240s
	iters: 500, epoch: 6 | loss: 0.3770136
	speed: 0.0203s/iter; left time: 105.5889s
	iters: 600, epoch: 6 | loss: 0.4531175
	speed: 0.0156s/iter; left time: 79.5926s
	iters: 700, epoch: 6 | loss: 0.3465909
	speed: 0.0148s/iter; left time: 74.3242s
	iters: 800, epoch: 6 | loss: 0.8931107
	speed: 0.0199s/iter; left time: 97.6201s
	iters: 900, epoch: 6 | loss: 0.3499237
	speed: 0.0197s/iter; left time: 94.4540s
	iters: 1000, epoch: 6 | loss: 0.9056271
	speed: 0.0247s/iter; left time: 116.2527s
	iters: 1100, epoch: 6 | loss: 0.3936116
	speed: 0.0259s/iter; left time: 119.2065s
Epoch: 6 cost time: 23.035743951797485
Epoch: 6, Steps: 1141 | Train Loss: 0.5070283 Vali Loss: 0.4686186 Test Loss: 0.1937661
Validation loss decreased (0.464733 --> 0.468619).  Saving model ...
Updating learning rate to 0.00017274575140626317
	iters: 100, epoch: 7 | loss: 0.4665859
	speed: 0.1164s/iter; left time: 519.7050s
	iters: 200, epoch: 7 | loss: 0.9059883
	speed: 0.0224s/iter; left time: 97.7142s
	iters: 300, epoch: 7 | loss: 0.5475166
	speed: 0.0283s/iter; left time: 120.5144s
	iters: 400, epoch: 7 | loss: 0.3856102
	speed: 0.0262s/iter; left time: 109.1243s
	iters: 500, epoch: 7 | loss: 1.3477730
	speed: 0.0267s/iter; left time: 108.6851s
	iters: 600, epoch: 7 | loss: 0.7738413
	speed: 0.0208s/iter; left time: 82.4354s
	iters: 700, epoch: 7 | loss: 0.3558176
	speed: 0.0241s/iter; left time: 93.1992s
	iters: 800, epoch: 7 | loss: 0.4727925
	speed: 0.0221s/iter; left time: 83.1399s
	iters: 900, epoch: 7 | loss: 0.4647745
	speed: 0.0211s/iter; left time: 77.2812s
	iters: 1000, epoch: 7 | loss: 0.4031118
	speed: 0.0220s/iter; left time: 78.2658s
	iters: 1100, epoch: 7 | loss: 0.4101785
	speed: 0.0267s/iter; left time: 92.4731s
Epoch: 7 cost time: 27.606184482574463
Epoch: 7, Steps: 1141 | Train Loss: 0.5023003 Vali Loss: 0.4595925 Test Loss: 0.1933533
Validation loss decreased (0.468619 --> 0.459593).  Saving model ...
Updating learning rate to 0.00010305368692688174
	iters: 100, epoch: 8 | loss: 0.5321264
	speed: 0.1446s/iter; left time: 480.5117s
	iters: 200, epoch: 8 | loss: 0.3602499
	speed: 0.0242s/iter; left time: 77.9500s
	iters: 300, epoch: 8 | loss: 0.8990571
	speed: 0.0224s/iter; left time: 70.0739s
	iters: 400, epoch: 8 | loss: 0.4510019
	speed: 0.0182s/iter; left time: 55.0850s
	iters: 500, epoch: 8 | loss: 0.3301144
	speed: 0.0235s/iter; left time: 68.8346s
	iters: 600, epoch: 8 | loss: 0.4317934
	speed: 0.0231s/iter; left time: 65.1268s
	iters: 700, epoch: 8 | loss: 0.4467614
	speed: 0.0225s/iter; left time: 61.2415s
	iters: 800, epoch: 8 | loss: 0.4318750
	speed: 0.0193s/iter; left time: 50.7188s
	iters: 900, epoch: 8 | loss: 0.3897345
	speed: 0.0222s/iter; left time: 55.9598s
	iters: 1000, epoch: 8 | loss: 0.3470011
	speed: 0.0144s/iter; left time: 34.8771s
	iters: 1100, epoch: 8 | loss: 0.5140710
	speed: 0.0146s/iter; left time: 33.9550s
Epoch: 8 cost time: 23.804757833480835
Epoch: 8, Steps: 1141 | Train Loss: 0.4974535 Vali Loss: 0.4594882 Test Loss: 0.1929817
Validation loss decreased (0.459593 --> 0.459488).  Saving model ...
Updating learning rate to 4.7745751406263163e-05
	iters: 100, epoch: 9 | loss: 0.3890335
	speed: 0.0760s/iter; left time: 165.8122s
	iters: 200, epoch: 9 | loss: 0.3799759
	speed: 0.0139s/iter; left time: 28.8859s
	iters: 300, epoch: 9 | loss: 0.4085331
	speed: 0.0146s/iter; left time: 28.9613s
	iters: 400, epoch: 9 | loss: 0.4842387
	speed: 0.0152s/iter; left time: 28.6766s
	iters: 500, epoch: 9 | loss: 0.3510148
	speed: 0.0217s/iter; left time: 38.6729s
	iters: 600, epoch: 9 | loss: 0.3665274
	speed: 0.0186s/iter; left time: 31.3619s
	iters: 700, epoch: 9 | loss: 0.3297355
	speed: 0.0175s/iter; left time: 27.6342s
	iters: 800, epoch: 9 | loss: 0.9167388
	speed: 0.0180s/iter; left time: 26.7087s
	iters: 900, epoch: 9 | loss: 0.3716655
	speed: 0.0190s/iter; left time: 26.2647s
	iters: 1000, epoch: 9 | loss: 0.4590842
	speed: 0.0197s/iter; left time: 25.2890s
	iters: 1100, epoch: 9 | loss: 0.5042347
	speed: 0.0189s/iter; left time: 22.3325s
Epoch: 9 cost time: 20.71806240081787
Epoch: 9, Steps: 1141 | Train Loss: 0.4946849 Vali Loss: 0.4639092 Test Loss: 0.1929808
Validation loss decreased (0.459488 --> 0.463909).  Saving model ...
Updating learning rate to 1.2235870926211617e-05
	iters: 100, epoch: 10 | loss: 0.4908551
	speed: 0.1295s/iter; left time: 134.9741s
	iters: 200, epoch: 10 | loss: 0.9654522
	speed: 0.0183s/iter; left time: 17.2565s
	iters: 300, epoch: 10 | loss: 0.4443274
	speed: 0.0193s/iter; left time: 16.2754s
	iters: 400, epoch: 10 | loss: 0.3866187
	speed: 0.0202s/iter; left time: 15.0185s
	iters: 500, epoch: 10 | loss: 0.4914007
	speed: 0.0271s/iter; left time: 17.4046s
	iters: 600, epoch: 10 | loss: 0.3991770
	speed: 0.0289s/iter; left time: 15.6837s
	iters: 700, epoch: 10 | loss: 0.4632148
	speed: 0.0193s/iter; left time: 8.5481s
	iters: 800, epoch: 10 | loss: 0.4195926
	speed: 0.0200s/iter; left time: 6.8507s
	iters: 900, epoch: 10 | loss: 0.8834238
	speed: 0.0183s/iter; left time: 4.4343s
	iters: 1000, epoch: 10 | loss: 0.8938354
	speed: 0.0166s/iter; left time: 2.3599s
	iters: 1100, epoch: 10 | loss: 0.5299003
	speed: 0.0174s/iter; left time: 0.7328s
Epoch: 10 cost time: 23.326847553253174
Epoch: 10, Steps: 1141 | Train Loss: 0.4930784 Vali Loss: 0.4645010 Test Loss: 0.1939539
Validation loss decreased (0.463909 --> 0.464501).  Saving model ...
Updating learning rate to 0.0
>>>>>>>testing : long_term_forecast_weather_192_192_None_patch6_b1.0_TimeFilter_custom_addlossNone_numpairsmax_patchlen16_alpha1.0_beta0.1<<<<<<<<<<<<<<<<<<<<<<<<<<<<<<<<<
test 10348
mse:0.19425737857818604, mae:0.24267683923244476
================================================================================
Model Profiling Summary
Total Params             : 275,888
Inference Time (s)       : 0.006327
GPU Mem Footprint (MB)   : 25.75
Peak Mem (MB)            : 40.95
================================================================================
Deleted model checkpoint at: ./checkpoints/long_term_forecast_weather_192_192_None_patch6_b1.0_TimeFilter_custom_addlossNone_numpairsmax_patchlen16_alpha1.0_beta0.1/checkpoint.pth
[OK] TimeFilter | seq_len=192 | pred_len=192 | mse=0.194 | mae=0.243
======================================================
Running | model=TimeFilter | table_name=CvLoss | seq_len=192 | pred_len=336 | add_loss=fcv
======================================================
Args in experiment:
[1mBasic Config[0m
  Task Name:          long_term_forecast  Is Training:        2                   
  Model ID:           weather_192_336_fcv_patch6_b0.5Model:              TimeFilter          

[1mData Loader[0m
  Data:               custom              Root Path:          ./data              
  Data Path:          weather.csv         Features:           M                   
  Target:             OT                  Freq:               h                   
  Checkpoints:        ./checkpoints/      

[1mForecasting Task[0m
  Seq Len:            192                 Label Len:          48                  
  Pred Len:           336                 Seasonal Patterns:  Monthly             
  Inverse:            0                   

[1mModel Parameters[0m
  Top k:              5                   Num Kernels:        6                   
  Enc In:             21                  Dec In:             21                  
  C Out:              21                  d model:            128                 
  n heads:            4                   e layers:           2                   
  d layers:           1                   d FF:               256                 
  Moving Avg:         25                  Factor:             3                   
  Distil:             1                   Dropout:            0.3                 
  Embed:              timeF               Activation:         gelu                
  Output Attention:   0                   

[1mRun Parameters[0m
  Num Workers:        1                   Itr:                1                   
  Train Epochs:       10                  Batch Size:         32                  
  Patience:           3                   Learning Rate:      0.0005              
  Des:                Exp                 Loss:               MSE                 
  Lradj:              cosine              Use Amp:            0                   

[1mGPU[0m
  Use GPU:            1                   GPU:                0                   
  Use Multi GPU:      0                   Devices:            0,1,2,3             

[1mDe-stationary Projector Params[0m
  P Hidden Dims:      128, 128            P Hidden Layers:    2                   

Use GPU: cuda:0
>>>>>>>start training : long_term_forecast_weather_192_336_fcv_patch6_b0.5_TimeFilter_custom_addlossfcv_numpairsmax_patchlen6_alpha0.5_beta0.5>>>>>>>>>>>>>>>>>>>>>>>>>>
train 36360
val 4935
test 10204
	iters: 100, epoch: 1 | loss: 0.7100267
	speed: 0.0623s/iter; left time: 702.4916s
	iters: 200, epoch: 1 | loss: 0.7082065
	speed: 0.0462s/iter; left time: 516.3444s
	iters: 300, epoch: 1 | loss: 0.6414979
	speed: 0.0421s/iter; left time: 466.3833s
	iters: 400, epoch: 1 | loss: 0.8875017
	speed: 0.0392s/iter; left time: 430.2569s
	iters: 500, epoch: 1 | loss: 0.6018471
	speed: 0.0415s/iter; left time: 451.4352s
	iters: 600, epoch: 1 | loss: 0.6021243
	speed: 0.0472s/iter; left time: 508.7709s
	iters: 700, epoch: 1 | loss: 0.7692828
	speed: 0.0414s/iter; left time: 441.6671s
	iters: 800, epoch: 1 | loss: 0.6087673
	speed: 0.0400s/iter; left time: 423.2206s
	iters: 900, epoch: 1 | loss: 0.9041824
	speed: 0.0446s/iter; left time: 466.9765s
	iters: 1000, epoch: 1 | loss: 0.6182637
	speed: 0.0415s/iter; left time: 430.1876s
	iters: 1100, epoch: 1 | loss: 0.6233528
	speed: 0.0384s/iter; left time: 393.9711s
Epoch: 1 cost time: 49.313910484313965
Epoch: 1, Steps: 1137 | Train Loss: 0.6781999 Vali Loss: 0.5300213 Test Loss: 0.2546098
Validation loss decreased (inf --> 0.530021).  Saving model ...
Updating learning rate to 0.0004877641290737884
	iters: 100, epoch: 2 | loss: 0.7021043
	speed: 0.1529s/iter; left time: 1549.3775s
	iters: 200, epoch: 2 | loss: 0.7650050
	speed: 0.0390s/iter; left time: 391.1076s
	iters: 300, epoch: 2 | loss: 0.6265219
	speed: 0.0418s/iter; left time: 415.3261s
	iters: 400, epoch: 2 | loss: 0.5458270
	speed: 0.0366s/iter; left time: 360.4093s
	iters: 500, epoch: 2 | loss: 0.6139499
	speed: 0.0359s/iter; left time: 349.8725s
	iters: 600, epoch: 2 | loss: 0.6251279
	speed: 0.0407s/iter; left time: 391.8961s
	iters: 700, epoch: 2 | loss: 0.5981675
	speed: 0.0349s/iter; left time: 332.9420s
	iters: 800, epoch: 2 | loss: 0.6456657
	speed: 0.0523s/iter; left time: 492.9777s
	iters: 900, epoch: 2 | loss: 0.5542811
	speed: 0.0462s/iter; left time: 430.9823s
	iters: 1000, epoch: 2 | loss: 0.5466934
	speed: 0.0504s/iter; left time: 465.5417s
	iters: 1100, epoch: 2 | loss: 0.5895991
	speed: 0.0467s/iter; left time: 426.4337s
Epoch: 2 cost time: 48.00245475769043
Epoch: 2, Steps: 1137 | Train Loss: 0.6339238 Vali Loss: 0.5259032 Test Loss: 0.2491350
Validation loss decreased (0.530021 --> 0.525903).  Saving model ...
Updating learning rate to 0.0004522542485937369
	iters: 100, epoch: 3 | loss: 0.6614656
	speed: 0.1959s/iter; left time: 1762.5194s
	iters: 200, epoch: 3 | loss: 0.5929677
	speed: 0.0436s/iter; left time: 388.2491s
	iters: 300, epoch: 3 | loss: 0.5851985
	speed: 0.0509s/iter; left time: 448.1596s
	iters: 400, epoch: 3 | loss: 0.6099024
	speed: 0.0410s/iter; left time: 356.5789s
	iters: 500, epoch: 3 | loss: 0.6019238
	speed: 0.0424s/iter; left time: 364.3879s
	iters: 600, epoch: 3 | loss: 0.6074187
	speed: 0.0404s/iter; left time: 343.3117s
	iters: 700, epoch: 3 | loss: 0.5659061
	speed: 0.0408s/iter; left time: 342.5427s
	iters: 800, epoch: 3 | loss: 0.6947189
	speed: 0.0387s/iter; left time: 320.7141s
	iters: 900, epoch: 3 | loss: 0.6544521
	speed: 0.0380s/iter; left time: 311.8564s
	iters: 1000, epoch: 3 | loss: 0.7160026
	speed: 0.0447s/iter; left time: 361.5339s
	iters: 1100, epoch: 3 | loss: 0.5866757
	speed: 0.0390s/iter; left time: 311.6591s
Epoch: 3 cost time: 48.34254431724548
Epoch: 3, Steps: 1137 | Train Loss: 0.6186753 Vali Loss: 0.5291833 Test Loss: 0.2463851
Validation loss decreased (0.525903 --> 0.529183).  Saving model ...
Updating learning rate to 0.0003969463130731183
	iters: 100, epoch: 4 | loss: 0.5829756
	speed: 0.1790s/iter; left time: 1407.2680s
	iters: 200, epoch: 4 | loss: 0.5348461
	speed: 0.0408s/iter; left time: 316.5121s
	iters: 300, epoch: 4 | loss: 0.5595286
	speed: 0.0458s/iter; left time: 351.0301s
	iters: 400, epoch: 4 | loss: 0.7105868
	speed: 0.0467s/iter; left time: 353.3168s
	iters: 500, epoch: 4 | loss: 0.6782286
	speed: 0.0428s/iter; left time: 319.0398s
	iters: 600, epoch: 4 | loss: 0.7164909
	speed: 0.0432s/iter; left time: 317.9077s
	iters: 700, epoch: 4 | loss: 0.5487086
	speed: 0.0476s/iter; left time: 345.3666s
	iters: 800, epoch: 4 | loss: 0.6140768
	speed: 0.0437s/iter; left time: 312.9362s
	iters: 900, epoch: 4 | loss: 0.7662190
	speed: 0.0376s/iter; left time: 265.4397s
	iters: 1000, epoch: 4 | loss: 0.6210884
	speed: 0.0387s/iter; left time: 269.3897s
	iters: 1100, epoch: 4 | loss: 0.7160242
	speed: 0.0363s/iter; left time: 249.1307s
Epoch: 4 cost time: 48.47325563430786
Epoch: 4, Steps: 1137 | Train Loss: 0.6072840 Vali Loss: 0.5281008 Test Loss: 0.2460524
Validation loss decreased (0.529183 --> 0.528101).  Saving model ...
Updating learning rate to 0.00032725424859373687
	iters: 100, epoch: 5 | loss: 0.5419838
	speed: 0.1170s/iter; left time: 786.7550s
	iters: 200, epoch: 5 | loss: 0.5763020
	speed: 0.0372s/iter; left time: 246.2167s
	iters: 300, epoch: 5 | loss: 0.5676550
	speed: 0.0509s/iter; left time: 331.9317s
	iters: 400, epoch: 5 | loss: 0.7114838
	speed: 0.0420s/iter; left time: 269.9308s
	iters: 500, epoch: 5 | loss: 0.5417553
	speed: 0.0439s/iter; left time: 277.5050s
	iters: 600, epoch: 5 | loss: 0.7789372
	speed: 0.0488s/iter; left time: 303.5649s
	iters: 700, epoch: 5 | loss: 0.5836453
	speed: 0.0450s/iter; left time: 275.7092s
	iters: 800, epoch: 5 | loss: 0.5157470
	speed: 0.0475s/iter; left time: 286.1964s
	iters: 900, epoch: 5 | loss: 0.5867328
	speed: 0.0468s/iter; left time: 276.9386s
	iters: 1000, epoch: 5 | loss: 0.5712118
	speed: 0.0473s/iter; left time: 275.5733s
	iters: 1100, epoch: 5 | loss: 0.5942599
	speed: 0.0432s/iter; left time: 247.2221s
Epoch: 5 cost time: 51.19176244735718
Epoch: 5, Steps: 1137 | Train Loss: 0.5984336 Vali Loss: 0.5407828 Test Loss: 0.2493113
Validation loss decreased (0.528101 --> 0.540783).  Saving model ...
Updating learning rate to 0.00025
	iters: 100, epoch: 6 | loss: 0.6956456
	speed: 0.1622s/iter; left time: 906.1491s
	iters: 200, epoch: 6 | loss: 0.5606548
	speed: 0.0380s/iter; left time: 208.3030s
	iters: 300, epoch: 6 | loss: 0.5674884
	speed: 0.0359s/iter; left time: 193.2094s
	iters: 400, epoch: 6 | loss: 0.5081204
	speed: 0.0422s/iter; left time: 223.2217s
	iters: 500, epoch: 6 | loss: 0.6527270
	speed: 0.0393s/iter; left time: 204.0659s
	iters: 600, epoch: 6 | loss: 0.5053489
	speed: 0.0385s/iter; left time: 195.9293s
	iters: 700, epoch: 6 | loss: 0.5976759
	speed: 0.0436s/iter; left time: 217.3866s
	iters: 800, epoch: 6 | loss: 0.7070801
	speed: 0.0497s/iter; left time: 242.8294s
	iters: 900, epoch: 6 | loss: 0.5377720
	speed: 0.0411s/iter; left time: 196.7096s
	iters: 1000, epoch: 6 | loss: 0.7279491
	speed: 0.0399s/iter; left time: 186.8331s
	iters: 1100, epoch: 6 | loss: 0.5469632
	speed: 0.0456s/iter; left time: 209.3378s
Epoch: 6 cost time: 47.43798542022705
Epoch: 6, Steps: 1137 | Train Loss: 0.5906182 Vali Loss: 0.5400626 Test Loss: 0.2453339
Validation loss decreased (0.540783 --> 0.540063).  Saving model ...
Updating learning rate to 0.00017274575140626317
	iters: 100, epoch: 7 | loss: 0.5123299
	speed: 0.1829s/iter; left time: 813.9363s
	iters: 200, epoch: 7 | loss: 0.5445541
	speed: 0.0431s/iter; left time: 187.5820s
	iters: 300, epoch: 7 | loss: 0.5888053
	speed: 0.0465s/iter; left time: 197.3894s
	iters: 400, epoch: 7 | loss: 0.6871089
	speed: 0.0428s/iter; left time: 177.3875s
	iters: 500, epoch: 7 | loss: 0.6143621
	speed: 0.0372s/iter; left time: 150.5230s
	iters: 600, epoch: 7 | loss: 0.5255315
	speed: 0.0398s/iter; left time: 157.2900s
	iters: 700, epoch: 7 | loss: 0.5355716
	speed: 0.0388s/iter; left time: 149.4991s
	iters: 800, epoch: 7 | loss: 0.5206286
	speed: 0.0394s/iter; left time: 147.8160s
	iters: 900, epoch: 7 | loss: 0.5177106
	speed: 0.0386s/iter; left time: 140.9987s
	iters: 1000, epoch: 7 | loss: 0.5315930
	speed: 0.0371s/iter; left time: 131.5840s
	iters: 1100, epoch: 7 | loss: 0.5305772
	speed: 0.0411s/iter; left time: 141.8620s
Epoch: 7 cost time: 45.8908953666687
Epoch: 7, Steps: 1137 | Train Loss: 0.5846585 Vali Loss: 0.5371783 Test Loss: 0.2483834
Validation loss decreased (0.540063 --> 0.537178).  Saving model ...
Updating learning rate to 0.00010305368692688174
	iters: 100, epoch: 8 | loss: 0.7187196
	speed: 0.1807s/iter; left time: 598.5094s
	iters: 200, epoch: 8 | loss: 0.5042011
	speed: 0.0467s/iter; left time: 150.0631s
	iters: 300, epoch: 8 | loss: 0.5262287
	speed: 0.0421s/iter; left time: 131.0036s
	iters: 400, epoch: 8 | loss: 0.4995970
	speed: 0.0443s/iter; left time: 133.3945s
	iters: 500, epoch: 8 | loss: 0.5312278
	speed: 0.0482s/iter; left time: 140.4114s
	iters: 600, epoch: 8 | loss: 0.5285308
	speed: 0.0423s/iter; left time: 119.0235s
	iters: 700, epoch: 8 | loss: 0.6546376
	speed: 0.0434s/iter; left time: 117.5821s
	iters: 800, epoch: 8 | loss: 0.4657468
	speed: 0.0454s/iter; left time: 118.5065s
	iters: 900, epoch: 8 | loss: 0.8395531
	speed: 0.0427s/iter; left time: 107.1977s
	iters: 1000, epoch: 8 | loss: 0.5606019
	speed: 0.0414s/iter; left time: 99.9214s
	iters: 1100, epoch: 8 | loss: 0.6691391
	speed: 0.0383s/iter; left time: 88.5671s
Epoch: 8 cost time: 49.687148571014404
Epoch: 8, Steps: 1137 | Train Loss: 0.5801230 Vali Loss: 0.5458013 Test Loss: 0.2490481
Validation loss decreased (0.537178 --> 0.545801).  Saving model ...
Updating learning rate to 4.7745751406263163e-05
	iters: 100, epoch: 9 | loss: 0.6020846
	speed: 0.1285s/iter; left time: 279.3793s
	iters: 200, epoch: 9 | loss: 0.5691784
	speed: 0.0389s/iter; left time: 80.7631s
	iters: 300, epoch: 9 | loss: 0.5214140
	speed: 0.0441s/iter; left time: 87.1733s
	iters: 400, epoch: 9 | loss: 0.6840845
	speed: 0.0460s/iter; left time: 86.2627s
	iters: 500, epoch: 9 | loss: 0.6201940
	speed: 0.0414s/iter; left time: 73.5193s
	iters: 600, epoch: 9 | loss: 0.5330954
	speed: 0.0443s/iter; left time: 74.1672s
	iters: 700, epoch: 9 | loss: 0.5519206
	speed: 0.0474s/iter; left time: 74.7149s
	iters: 800, epoch: 9 | loss: 0.5731795
	speed: 0.0409s/iter; left time: 60.3253s
	iters: 900, epoch: 9 | loss: 0.5177604
	speed: 0.0418s/iter; left time: 57.4900s
	iters: 1000, epoch: 9 | loss: 0.7234709
	speed: 0.0488s/iter; left time: 62.2640s
	iters: 1100, epoch: 9 | loss: 0.7272267
	speed: 0.0432s/iter; left time: 50.7572s
Epoch: 9 cost time: 49.20523691177368
Epoch: 9, Steps: 1137 | Train Loss: 0.5768581 Vali Loss: 0.5416938 Test Loss: 0.2511941
Validation loss decreased (0.545801 --> 0.541694).  Saving model ...
Updating learning rate to 1.2235870926211617e-05
	iters: 100, epoch: 10 | loss: 0.4968729
	speed: 0.1654s/iter; left time: 171.7155s
	iters: 200, epoch: 10 | loss: 0.7929980
	speed: 0.0384s/iter; left time: 35.9868s
	iters: 300, epoch: 10 | loss: 0.5628939
	speed: 0.0387s/iter; left time: 32.3900s
	iters: 400, epoch: 10 | loss: 0.5713055
	speed: 0.0396s/iter; left time: 29.1929s
	iters: 500, epoch: 10 | loss: 0.5902346
	speed: 0.0385s/iter; left time: 24.5317s
	iters: 600, epoch: 10 | loss: 0.5159955
	speed: 0.0394s/iter; left time: 21.2129s
	iters: 700, epoch: 10 | loss: 0.5606331
	speed: 0.0359s/iter; left time: 15.7320s
	iters: 800, epoch: 10 | loss: 0.5905684
	speed: 0.0442s/iter; left time: 14.9384s
	iters: 900, epoch: 10 | loss: 0.6511884
	speed: 0.0434s/iter; left time: 10.3219s
	iters: 1000, epoch: 10 | loss: 0.5554233
	speed: 0.0452s/iter; left time: 6.2376s
	iters: 1100, epoch: 10 | loss: 0.6498066
	speed: 0.0418s/iter; left time: 1.5888s
Epoch: 10 cost time: 46.17409348487854
Epoch: 10, Steps: 1137 | Train Loss: 0.5755098 Vali Loss: 0.5412401 Test Loss: 0.2502072
Validation loss decreased (0.541694 --> 0.541240).  Saving model ...
Updating learning rate to 0.0
>>>>>>>testing : long_term_forecast_weather_192_336_fcv_patch6_b0.5_TimeFilter_custom_addlossfcv_numpairsmax_patchlen6_alpha0.5_beta0.5<<<<<<<<<<<<<<<<<<<<<<<<<<<<<<<<<
test 10204
mse:0.25024330615997314, mae:0.2777048945426941
================================================================================
Model Profiling Summary
Total Params             : 349,760
Inference Time (s)       : 0.007153
GPU Mem Footprint (MB)   : 27.50
Peak Mem (MB)            : 42.32
================================================================================
Deleted model checkpoint at: ./checkpoints/long_term_forecast_weather_192_336_fcv_patch6_b0.5_TimeFilter_custom_addlossfcv_numpairsmax_patchlen6_alpha0.5_beta0.5/checkpoint.pth
[OK] CvLoss | seq_len=192 | pred_len=336 | mse=0.250 | mae=0.278
======================================================
Running | model=TimeFilter | table_name=TimeFilter | seq_len=192 | pred_len=336 | add_loss=None
======================================================
Args in experiment:
[1mBasic Config[0m
  Task Name:          long_term_forecast  Is Training:        2                   
  Model ID:           weather_192_336_None_patch6_b0.5Model:              TimeFilter          

[1mData Loader[0m
  Data:               custom              Root Path:          ./data              
  Data Path:          weather.csv         Features:           M                   
  Target:             OT                  Freq:               h                   
  Checkpoints:        ./checkpoints/      

[1mForecasting Task[0m
  Seq Len:            192                 Label Len:          48                  
  Pred Len:           336                 Seasonal Patterns:  Monthly             
  Inverse:            0                   

[1mModel Parameters[0m
  Top k:              5                   Num Kernels:        6                   
  Enc In:             21                  Dec In:             21                  
  C Out:              21                  d model:            128                 
  n heads:            4                   e layers:           2                   
  d layers:           1                   d FF:               256                 
  Moving Avg:         25                  Factor:             3                   
  Distil:             1                   Dropout:            0.3                 
  Embed:              timeF               Activation:         gelu                
  Output Attention:   0                   

[1mRun Parameters[0m
  Num Workers:        1                   Itr:                1                   
  Train Epochs:       10                  Batch Size:         32                  
  Patience:           3                   Learning Rate:      0.0005              
  Des:                Exp                 Loss:               MSE                 
  Lradj:              cosine              Use Amp:            0                   

[1mGPU[0m
  Use GPU:            1                   GPU:                0                   
  Use Multi GPU:      0                   Devices:            0,1,2,3             

[1mDe-stationary Projector Params[0m
  P Hidden Dims:      128, 128            P Hidden Layers:    2                   

Use GPU: cuda:0
>>>>>>>start training : long_term_forecast_weather_192_336_None_patch6_b0.5_TimeFilter_custom_addlossNone_numpairsmax_patchlen16_alpha1.0_beta0.1>>>>>>>>>>>>>>>>>>>>>>>>>>
train 36360
val 4935
test 10204
	iters: 100, epoch: 1 | loss: 0.6598527
	speed: 0.0425s/iter; left time: 479.1676s
	iters: 200, epoch: 1 | loss: 0.6601055
	speed: 0.0186s/iter; left time: 208.2980s
	iters: 300, epoch: 1 | loss: 0.5633063
	speed: 0.0188s/iter; left time: 208.2514s
	iters: 400, epoch: 1 | loss: 1.0780249
	speed: 0.0225s/iter; left time: 247.0780s
	iters: 500, epoch: 1 | loss: 0.5216150
	speed: 0.0285s/iter; left time: 309.4110s
	iters: 600, epoch: 1 | loss: 0.5422866
	speed: 0.0176s/iter; left time: 189.2091s
	iters: 700, epoch: 1 | loss: 0.8327494
	speed: 0.0157s/iter; left time: 168.0395s
	iters: 800, epoch: 1 | loss: 0.5627211
	speed: 0.0189s/iter; left time: 199.8744s
	iters: 900, epoch: 1 | loss: 1.1156151
	speed: 0.0163s/iter; left time: 171.1324s
	iters: 1000, epoch: 1 | loss: 0.5691705
	speed: 0.0153s/iter; left time: 158.2936s
	iters: 1100, epoch: 1 | loss: 0.5380986
	speed: 0.0173s/iter; left time: 178.1242s
Epoch: 1 cost time: 23.687174320220947
Epoch: 1, Steps: 1137 | Train Loss: 0.6563746 Vali Loss: 0.5300896 Test Loss: 0.2554389
Validation loss decreased (inf --> 0.530090).  Saving model ...
Updating learning rate to 0.0004877641290737884
	iters: 100, epoch: 2 | loss: 0.7468134
	speed: 0.1341s/iter; left time: 1359.1874s
	iters: 200, epoch: 2 | loss: 0.8614935
	speed: 0.0247s/iter; left time: 247.5262s
	iters: 300, epoch: 2 | loss: 0.5823432
	speed: 0.0214s/iter; left time: 212.2886s
	iters: 400, epoch: 2 | loss: 0.4597953
	speed: 0.0229s/iter; left time: 225.5395s
	iters: 500, epoch: 2 | loss: 0.5812150
	speed: 0.0235s/iter; left time: 228.8588s
	iters: 600, epoch: 2 | loss: 0.5713738
	speed: 0.0284s/iter; left time: 273.6016s
	iters: 700, epoch: 2 | loss: 0.5311245
	speed: 0.0296s/iter; left time: 282.1399s
	iters: 800, epoch: 2 | loss: 0.6169685
	speed: 0.0284s/iter; left time: 267.5008s
	iters: 900, epoch: 2 | loss: 0.4898213
	speed: 0.0218s/iter; left time: 203.8628s
	iters: 1000, epoch: 2 | loss: 0.4713589
	speed: 0.0229s/iter; left time: 211.0321s
	iters: 1100, epoch: 2 | loss: 0.5216618
	speed: 0.0224s/iter; left time: 204.7390s
Epoch: 2 cost time: 27.976141691207886
Epoch: 2, Steps: 1137 | Train Loss: 0.6078818 Vali Loss: 0.5274202 Test Loss: 0.2548865
Validation loss decreased (0.530090 --> 0.527420).  Saving model ...
Updating learning rate to 0.0004522542485937369
	iters: 100, epoch: 3 | loss: 0.6136347
	speed: 0.1679s/iter; left time: 1510.9419s
	iters: 200, epoch: 3 | loss: 0.5639232
	speed: 0.0208s/iter; left time: 185.3490s
	iters: 300, epoch: 3 | loss: 0.5067011
	speed: 0.0215s/iter; left time: 189.3065s
	iters: 400, epoch: 3 | loss: 0.5506594
	speed: 0.0138s/iter; left time: 120.2616s
	iters: 500, epoch: 3 | loss: 0.5501391
	speed: 0.0184s/iter; left time: 158.3411s
	iters: 600, epoch: 3 | loss: 0.5619509
	speed: 0.0185s/iter; left time: 156.9750s
	iters: 700, epoch: 3 | loss: 0.4729789
	speed: 0.0228s/iter; left time: 191.1779s
	iters: 800, epoch: 3 | loss: 0.7262652
	speed: 0.0261s/iter; left time: 216.8497s
	iters: 900, epoch: 3 | loss: 0.6711616
	speed: 0.0216s/iter; left time: 176.8029s
	iters: 1000, epoch: 3 | loss: 0.7903875
	speed: 0.0154s/iter; left time: 125.0089s
	iters: 1100, epoch: 3 | loss: 0.5401460
	speed: 0.0168s/iter; left time: 134.4387s
Epoch: 3 cost time: 22.701806783676147
Epoch: 3, Steps: 1137 | Train Loss: 0.5902572 Vali Loss: 0.5277580 Test Loss: 0.2516897
Validation loss decreased (0.527420 --> 0.527758).  Saving model ...
Updating learning rate to 0.0003969463130731183
	iters: 100, epoch: 4 | loss: 0.5286138
	speed: 0.1095s/iter; left time: 861.0054s
	iters: 200, epoch: 4 | loss: 0.4443728
	speed: 0.0210s/iter; left time: 163.1622s
	iters: 300, epoch: 4 | loss: 0.4762572
	speed: 0.0338s/iter; left time: 259.2184s
	iters: 400, epoch: 4 | loss: 0.7751175
	speed: 0.0210s/iter; left time: 158.8700s
	iters: 500, epoch: 4 | loss: 0.7479962
	speed: 0.0203s/iter; left time: 151.5910s
	iters: 600, epoch: 4 | loss: 0.7993169
	speed: 0.0198s/iter; left time: 145.9927s
	iters: 700, epoch: 4 | loss: 0.4981100
	speed: 0.0212s/iter; left time: 153.6769s
	iters: 800, epoch: 4 | loss: 0.5518193
	speed: 0.0203s/iter; left time: 145.6985s
	iters: 900, epoch: 4 | loss: 0.8606032
	speed: 0.0218s/iter; left time: 154.2605s
	iters: 1000, epoch: 4 | loss: 0.5839252
	speed: 0.0254s/iter; left time: 176.7753s
	iters: 1100, epoch: 4 | loss: 0.7770505
	speed: 0.0318s/iter; left time: 218.0987s
Epoch: 4 cost time: 26.439212560653687
Epoch: 4, Steps: 1137 | Train Loss: 0.5780148 Vali Loss: 0.5306647 Test Loss: 0.2466419
Validation loss decreased (0.527758 --> 0.530665).  Saving model ...
Updating learning rate to 0.00032725424859373687
	iters: 100, epoch: 5 | loss: 0.4752016
	speed: 0.1412s/iter; left time: 949.6192s
	iters: 200, epoch: 5 | loss: 0.4963833
	speed: 0.0270s/iter; left time: 179.0157s
	iters: 300, epoch: 5 | loss: 0.4833520
	speed: 0.0293s/iter; left time: 190.9117s
	iters: 400, epoch: 5 | loss: 0.7935035
	speed: 0.0245s/iter; left time: 157.1239s
	iters: 500, epoch: 5 | loss: 0.4836055
	speed: 0.0268s/iter; left time: 169.6652s
	iters: 600, epoch: 5 | loss: 0.9704246
	speed: 0.0207s/iter; left time: 128.5137s
	iters: 700, epoch: 5 | loss: 0.5151179
	speed: 0.0197s/iter; left time: 120.3939s
	iters: 800, epoch: 5 | loss: 0.4385203
	speed: 0.0163s/iter; left time: 98.3328s
	iters: 900, epoch: 5 | loss: 0.5411196
	speed: 0.0179s/iter; left time: 106.0782s
	iters: 1000, epoch: 5 | loss: 0.4896947
	speed: 0.0183s/iter; left time: 106.6031s
	iters: 1100, epoch: 5 | loss: 0.5547979
	speed: 0.0182s/iter; left time: 103.9992s
Epoch: 5 cost time: 24.671927213668823
Epoch: 5, Steps: 1137 | Train Loss: 0.5686767 Vali Loss: 0.5515632 Test Loss: 0.2565181
Validation loss decreased (0.530665 --> 0.551563).  Saving model ...
Updating learning rate to 0.00025
	iters: 100, epoch: 6 | loss: 0.7599904
	speed: 0.0886s/iter; left time: 494.9810s
	iters: 200, epoch: 6 | loss: 0.4898232
	speed: 0.0195s/iter; left time: 106.7289s
	iters: 300, epoch: 6 | loss: 0.5063609
	speed: 0.0142s/iter; left time: 76.3035s
	iters: 400, epoch: 6 | loss: 0.4213513
	speed: 0.0165s/iter; left time: 87.1477s
	iters: 500, epoch: 6 | loss: 0.7341680
	speed: 0.0234s/iter; left time: 121.6069s
	iters: 600, epoch: 6 | loss: 0.4126633
	speed: 0.0189s/iter; left time: 95.9882s
	iters: 700, epoch: 6 | loss: 0.5261064
	speed: 0.0238s/iter; left time: 118.6764s
	iters: 800, epoch: 6 | loss: 0.7593198
	speed: 0.0266s/iter; left time: 130.1103s
	iters: 900, epoch: 6 | loss: 0.4494649
	speed: 0.0246s/iter; left time: 117.5776s
	iters: 1000, epoch: 6 | loss: 0.8185556
	speed: 0.0222s/iter; left time: 104.1669s
	iters: 1100, epoch: 6 | loss: 0.4601660
	speed: 0.0221s/iter; left time: 101.5564s
Epoch: 6 cost time: 23.85015630722046
Epoch: 6, Steps: 1137 | Train Loss: 0.5608508 Vali Loss: 0.5407329 Test Loss: 0.2509360
Validation loss decreased (0.551563 --> 0.540733).  Saving model ...
Updating learning rate to 0.00017274575140626317
	iters: 100, epoch: 7 | loss: 0.4284179
	speed: 0.1632s/iter; left time: 726.0059s
	iters: 200, epoch: 7 | loss: 0.4579729
	speed: 0.0234s/iter; left time: 101.5563s
	iters: 300, epoch: 7 | loss: 0.5370020
	speed: 0.0203s/iter; left time: 86.1240s
	iters: 400, epoch: 7 | loss: 0.7813582
	speed: 0.0221s/iter; left time: 91.5262s
	iters: 500, epoch: 7 | loss: 0.5618985
	speed: 0.0266s/iter; left time: 107.7882s
	iters: 600, epoch: 7 | loss: 0.4420954
	speed: 0.0304s/iter; left time: 119.9026s
	iters: 700, epoch: 7 | loss: 0.4581956
	speed: 0.0236s/iter; left time: 91.0154s
	iters: 800, epoch: 7 | loss: 0.4634121
	speed: 0.0226s/iter; left time: 84.6809s
	iters: 900, epoch: 7 | loss: 0.4184538
	speed: 0.0263s/iter; left time: 96.0337s
	iters: 1000, epoch: 7 | loss: 0.4434780
	speed: 0.0226s/iter; left time: 80.0528s
	iters: 1100, epoch: 7 | loss: 0.4619333
	speed: 0.0212s/iter; left time: 73.0895s
Epoch: 7 cost time: 27.39521813392639
Epoch: 7, Steps: 1137 | Train Loss: 0.5543982 Vali Loss: 0.5420396 Test Loss: 0.2551101
Validation loss decreased (0.540733 --> 0.542040).  Saving model ...
Updating learning rate to 0.00010305368692688174
	iters: 100, epoch: 8 | loss: 0.7953072
	speed: 0.1265s/iter; left time: 419.0352s
	iters: 200, epoch: 8 | loss: 0.4076827
	speed: 0.0197s/iter; left time: 63.2894s
	iters: 300, epoch: 8 | loss: 0.4672706
	speed: 0.0137s/iter; left time: 42.7264s
	iters: 400, epoch: 8 | loss: 0.4369133
	speed: 0.0161s/iter; left time: 48.4214s
	iters: 500, epoch: 8 | loss: 0.4760544
	speed: 0.0199s/iter; left time: 57.9140s
	iters: 600, epoch: 8 | loss: 0.4499840
	speed: 0.0195s/iter; left time: 54.9299s
	iters: 700, epoch: 8 | loss: 0.7020528
	speed: 0.0223s/iter; left time: 60.4637s
	iters: 800, epoch: 8 | loss: 0.3665189
	speed: 0.0248s/iter; left time: 64.7144s
	iters: 900, epoch: 8 | loss: 1.0544862
	speed: 0.0191s/iter; left time: 48.0697s
	iters: 1000, epoch: 8 | loss: 0.5188267
	speed: 0.0237s/iter; left time: 57.1509s
	iters: 1100, epoch: 8 | loss: 0.7380695
	speed: 0.0254s/iter; left time: 58.7429s
Epoch: 8 cost time: 23.65137004852295
Epoch: 8, Steps: 1137 | Train Loss: 0.5495905 Vali Loss: 0.5526885 Test Loss: 0.2552935
Validation loss decreased (0.542040 --> 0.552689).  Saving model ...
Updating learning rate to 4.7745751406263163e-05
	iters: 100, epoch: 9 | loss: 0.5444967
	speed: 0.1639s/iter; left time: 356.5005s
	iters: 200, epoch: 9 | loss: 0.5004917
	speed: 0.0223s/iter; left time: 46.2934s
	iters: 300, epoch: 9 | loss: 0.4652838
	speed: 0.0213s/iter; left time: 42.0524s
	iters: 400, epoch: 9 | loss: 0.7355746
	speed: 0.0221s/iter; left time: 41.3448s
	iters: 500, epoch: 9 | loss: 0.6538151
	speed: 0.0222s/iter; left time: 39.4202s
	iters: 600, epoch: 9 | loss: 0.4606671
	speed: 0.0276s/iter; left time: 46.2286s
	iters: 700, epoch: 9 | loss: 0.4718372
	speed: 0.0268s/iter; left time: 42.1535s
	iters: 800, epoch: 9 | loss: 0.5369309
	speed: 0.0271s/iter; left time: 39.9776s
	iters: 900, epoch: 9 | loss: 0.4342825
	speed: 0.0236s/iter; left time: 32.5163s
	iters: 1000, epoch: 9 | loss: 0.8160886
	speed: 0.0216s/iter; left time: 27.5539s
	iters: 1100, epoch: 9 | loss: 0.8036454
	speed: 0.0232s/iter; left time: 27.2813s
Epoch: 9 cost time: 27.199023485183716
Epoch: 9, Steps: 1137 | Train Loss: 0.5459271 Vali Loss: 0.5498160 Test Loss: 0.2574952
Validation loss decreased (0.552689 --> 0.549816).  Saving model ...
Updating learning rate to 1.2235870926211617e-05
	iters: 100, epoch: 10 | loss: 0.4201136
	speed: 0.1311s/iter; left time: 136.0925s
	iters: 200, epoch: 10 | loss: 0.9795069
	speed: 0.0194s/iter; left time: 18.1718s
	iters: 300, epoch: 10 | loss: 0.4932562
	speed: 0.0221s/iter; left time: 18.5318s
	iters: 400, epoch: 10 | loss: 0.5080578
	speed: 0.0171s/iter; left time: 12.6341s
	iters: 500, epoch: 10 | loss: 0.5423455
	speed: 0.0141s/iter; left time: 9.0194s
	iters: 600, epoch: 10 | loss: 0.4363693
	speed: 0.0153s/iter; left time: 8.2394s
	iters: 700, epoch: 10 | loss: 0.5083585
	speed: 0.0202s/iter; left time: 8.8320s
	iters: 800, epoch: 10 | loss: 0.5541047
	speed: 0.0165s/iter; left time: 5.5678s
	iters: 900, epoch: 10 | loss: 0.6959184
	speed: 0.0152s/iter; left time: 3.6277s
	iters: 1000, epoch: 10 | loss: 0.4791989
	speed: 0.0186s/iter; left time: 2.5618s
	iters: 1100, epoch: 10 | loss: 0.6888679
	speed: 0.0161s/iter; left time: 0.6101s
Epoch: 10 cost time: 20.555794954299927
Epoch: 10, Steps: 1137 | Train Loss: 0.5447574 Vali Loss: 0.5476686 Test Loss: 0.2556709
Validation loss decreased (0.549816 --> 0.547669).  Saving model ...
Updating learning rate to 0.0
>>>>>>>testing : long_term_forecast_weather_192_336_None_patch6_b0.5_TimeFilter_custom_addlossNone_numpairsmax_patchlen16_alpha1.0_beta0.1<<<<<<<<<<<<<<<<<<<<<<<<<<<<<<<<<
test 10204
mse:0.25571122765541077, mae:0.28854745626449585
================================================================================
Model Profiling Summary
Total Params             : 349,760
Inference Time (s)       : 0.007416
GPU Mem Footprint (MB)   : 27.50
Peak Mem (MB)            : 42.32
================================================================================
Deleted model checkpoint at: ./checkpoints/long_term_forecast_weather_192_336_None_patch6_b0.5_TimeFilter_custom_addlossNone_numpairsmax_patchlen16_alpha1.0_beta0.1/checkpoint.pth
[OK] TimeFilter | seq_len=192 | pred_len=336 | mse=0.256 | mae=0.289
======================================================
Running | model=TimeFilter | table_name=CvLoss | seq_len=192 | pred_len=720 | add_loss=fcv
======================================================
Args in experiment:
[1mBasic Config[0m
  Task Name:          long_term_forecast  Is Training:        2                   
  Model ID:           weather_192_720_fcv_patch6_b1.0Model:              TimeFilter          

[1mData Loader[0m
  Data:               custom              Root Path:          ./data              
  Data Path:          weather.csv         Features:           M                   
  Target:             OT                  Freq:               h                   
  Checkpoints:        ./checkpoints/      

[1mForecasting Task[0m
  Seq Len:            192                 Label Len:          48                  
  Pred Len:           720                 Seasonal Patterns:  Monthly             
  Inverse:            0                   

[1mModel Parameters[0m
  Top k:              5                   Num Kernels:        6                   
  Enc In:             21                  Dec In:             21                  
  C Out:              21                  d model:            128                 
  n heads:            4                   e layers:           2                   
  d layers:           1                   d FF:               256                 
  Moving Avg:         25                  Factor:             3                   
  Distil:             1                   Dropout:            0.3                 
  Embed:              timeF               Activation:         gelu                
  Output Attention:   0                   

[1mRun Parameters[0m
  Num Workers:        1                   Itr:                1                   
  Train Epochs:       10                  Batch Size:         32                  
  Patience:           3                   Learning Rate:      0.0005              
  Des:                Exp                 Loss:               MSE                 
  Lradj:              cosine              Use Amp:            0                   

[1mGPU[0m
  Use GPU:            1                   GPU:                0                   
  Use Multi GPU:      0                   Devices:            0,1,2,3             

[1mDe-stationary Projector Params[0m
  P Hidden Dims:      128, 128            P Hidden Layers:    2                   

Use GPU: cuda:0
>>>>>>>start training : long_term_forecast_weather_192_720_fcv_patch6_b1.0_TimeFilter_custom_addlossfcv_numpairsmax_patchlen6_alpha0.0_beta1.0>>>>>>>>>>>>>>>>>>>>>>>>>>
train 35976
val 4551
test 9820
	iters: 100, epoch: 1 | loss: 0.7947102
	speed: 0.0656s/iter; left time: 731.2837s
	iters: 200, epoch: 1 | loss: 0.8232077
	speed: 0.0482s/iter; left time: 532.5483s
	iters: 300, epoch: 1 | loss: 0.7523145
	speed: 0.0444s/iter; left time: 486.1461s
	iters: 400, epoch: 1 | loss: 0.7730121
	speed: 0.0427s/iter; left time: 463.3167s
	iters: 500, epoch: 1 | loss: 0.7946086
	speed: 0.0462s/iter; left time: 497.0242s
	iters: 600, epoch: 1 | loss: 0.7376170
	speed: 0.0462s/iter; left time: 492.3976s
	iters: 700, epoch: 1 | loss: 0.7512088
	speed: 0.0424s/iter; left time: 447.1376s
	iters: 800, epoch: 1 | loss: 0.7619430
	speed: 0.0423s/iter; left time: 442.3644s
	iters: 900, epoch: 1 | loss: 0.7779629
	speed: 0.0381s/iter; left time: 394.0162s
	iters: 1000, epoch: 1 | loss: 0.7406800
	speed: 0.0391s/iter; left time: 400.7207s
	iters: 1100, epoch: 1 | loss: 0.7518988
	speed: 0.0417s/iter; left time: 423.5457s
Epoch: 1 cost time: 50.30603337287903
Epoch: 1, Steps: 1125 | Train Loss: 0.7711585 Vali Loss: 0.6591812 Test Loss: 0.3293408
Validation loss decreased (inf --> 0.659181).  Saving model ...
Updating learning rate to 0.0004877641290737884
	iters: 100, epoch: 2 | loss: 0.7425080
	speed: 0.1301s/iter; left time: 1304.3517s
	iters: 200, epoch: 2 | loss: 0.7290305
	speed: 0.0460s/iter; left time: 456.3109s
	iters: 300, epoch: 2 | loss: 0.7419766
	speed: 0.0497s/iter; left time: 488.1579s
	iters: 400, epoch: 2 | loss: 0.7591086
	speed: 0.0467s/iter; left time: 454.6748s
	iters: 500, epoch: 2 | loss: 0.7686804
	speed: 0.0433s/iter; left time: 417.2044s
	iters: 600, epoch: 2 | loss: 0.7396867
	speed: 0.0428s/iter; left time: 408.1656s
	iters: 700, epoch: 2 | loss: 0.7584118
	speed: 0.0479s/iter; left time: 451.0828s
	iters: 800, epoch: 2 | loss: 0.7343183
	speed: 0.0489s/iter; left time: 455.7569s
	iters: 900, epoch: 2 | loss: 0.7632717
	speed: 0.0446s/iter; left time: 411.8153s
	iters: 1000, epoch: 2 | loss: 0.7440326
	speed: 0.0415s/iter; left time: 378.7363s
	iters: 1100, epoch: 2 | loss: 0.7240183
	speed: 0.0434s/iter; left time: 392.1355s
Epoch: 2 cost time: 51.58700656890869
Epoch: 2, Steps: 1125 | Train Loss: 0.7345433 Vali Loss: 0.6456265 Test Loss: 0.3236865
Validation loss decreased (0.659181 --> 0.645627).  Saving model ...
Updating learning rate to 0.0004522542485937369
	iters: 100, epoch: 3 | loss: 0.7051294
	speed: 0.1611s/iter; left time: 1434.3531s
	iters: 200, epoch: 3 | loss: 0.7065524
	speed: 0.0389s/iter; left time: 342.6121s
	iters: 300, epoch: 3 | loss: 0.7372776
	speed: 0.0393s/iter; left time: 341.8195s
	iters: 400, epoch: 3 | loss: 0.7150837
	speed: 0.0377s/iter; left time: 324.1643s
	iters: 500, epoch: 3 | loss: 0.6723598
	speed: 0.0467s/iter; left time: 397.3922s
	iters: 600, epoch: 3 | loss: 0.7327890
	speed: 0.0436s/iter; left time: 365.8692s
	iters: 700, epoch: 3 | loss: 0.7012259
	speed: 0.0488s/iter; left time: 404.9553s
	iters: 800, epoch: 3 | loss: 0.6949378
	speed: 0.0455s/iter; left time: 372.8494s
	iters: 900, epoch: 3 | loss: 0.7126370
	speed: 0.0490s/iter; left time: 397.1994s
	iters: 1000, epoch: 3 | loss: 0.7336033
	speed: 0.0471s/iter; left time: 376.8422s
	iters: 1100, epoch: 3 | loss: 0.6931331
	speed: 0.0461s/iter; left time: 364.3378s
Epoch: 3 cost time: 49.6786150932312
Epoch: 3, Steps: 1125 | Train Loss: 0.7203645 Vali Loss: 0.6514843 Test Loss: 0.3251041
Validation loss decreased (0.645627 --> 0.651484).  Saving model ...
Updating learning rate to 0.0003969463130731183
	iters: 100, epoch: 4 | loss: 0.7063806
	speed: 0.1984s/iter; left time: 1542.3763s
	iters: 200, epoch: 4 | loss: 0.6998001
	speed: 0.0421s/iter; left time: 323.1792s
	iters: 300, epoch: 4 | loss: 0.7314137
	speed: 0.0421s/iter; left time: 318.7460s
	iters: 400, epoch: 4 | loss: 0.7329657
	speed: 0.0440s/iter; left time: 328.9042s
	iters: 500, epoch: 4 | loss: 0.7001323
	speed: 0.0419s/iter; left time: 309.0539s
	iters: 600, epoch: 4 | loss: 0.7176680
	speed: 0.0379s/iter; left time: 275.5851s
	iters: 700, epoch: 4 | loss: 0.7127166
	speed: 0.0440s/iter; left time: 316.0797s
	iters: 800, epoch: 4 | loss: 0.7153329
	speed: 0.0509s/iter; left time: 360.1289s
	iters: 900, epoch: 4 | loss: 0.7016572
	speed: 0.0460s/iter; left time: 320.7547s
	iters: 1000, epoch: 4 | loss: 0.7024998
	speed: 0.0459s/iter; left time: 315.5669s
	iters: 1100, epoch: 4 | loss: 0.7105139
	speed: 0.0484s/iter; left time: 328.0822s
Epoch: 4 cost time: 50.163092851638794
Epoch: 4, Steps: 1125 | Train Loss: 0.7085056 Vali Loss: 0.6531530 Test Loss: 0.3327006
Validation loss decreased (0.651484 --> 0.653153).  Saving model ...
Updating learning rate to 0.00032725424859373687
	iters: 100, epoch: 5 | loss: 0.7147219
	speed: 0.2027s/iter; left time: 1348.1030s
	iters: 200, epoch: 5 | loss: 0.6635790
	speed: 0.0469s/iter; left time: 307.2144s
	iters: 300, epoch: 5 | loss: 0.6993105
	speed: 0.0509s/iter; left time: 328.2766s
	iters: 400, epoch: 5 | loss: 0.7628972
	speed: 0.0475s/iter; left time: 301.4982s
	iters: 500, epoch: 5 | loss: 0.6783707
	speed: 0.0406s/iter; left time: 253.6939s
	iters: 600, epoch: 5 | loss: 0.7021204
	speed: 0.0467s/iter; left time: 287.1235s
	iters: 700, epoch: 5 | loss: 0.6683630
	speed: 0.0441s/iter; left time: 266.8747s
	iters: 800, epoch: 5 | loss: 0.6421782
	speed: 0.0427s/iter; left time: 254.2891s
	iters: 900, epoch: 5 | loss: 0.7204090
	speed: 0.0407s/iter; left time: 237.9230s
	iters: 1000, epoch: 5 | loss: 0.6893948
	speed: 0.0437s/iter; left time: 251.0716s
	iters: 1100, epoch: 5 | loss: 0.6888528
	speed: 0.0536s/iter; left time: 302.6496s
Epoch: 5 cost time: 51.495222330093384
Epoch: 5, Steps: 1125 | Train Loss: 0.6984478 Vali Loss: 0.6599110 Test Loss: 0.3275158
Validation loss decreased (0.653153 --> 0.659911).  Saving model ...
Updating learning rate to 0.00025
	iters: 100, epoch: 6 | loss: 0.7041688
	speed: 0.1681s/iter; left time: 928.9558s
	iters: 200, epoch: 6 | loss: 0.6741019
	speed: 0.0455s/iter; left time: 246.6313s
	iters: 300, epoch: 6 | loss: 0.7107571
	speed: 0.0416s/iter; left time: 221.6168s
	iters: 400, epoch: 6 | loss: 0.6817180
	speed: 0.0441s/iter; left time: 230.6962s
	iters: 500, epoch: 6 | loss: 0.6935213
	speed: 0.0414s/iter; left time: 212.2820s
	iters: 600, epoch: 6 | loss: 0.6738728
	speed: 0.0442s/iter; left time: 222.3143s
	iters: 700, epoch: 6 | loss: 0.6639460
	speed: 0.0466s/iter; left time: 229.6120s
	iters: 800, epoch: 6 | loss: 0.6721825
	speed: 0.0422s/iter; left time: 203.8234s
	iters: 900, epoch: 6 | loss: 0.7397037
	speed: 0.0413s/iter; left time: 194.9929s
	iters: 1000, epoch: 6 | loss: 0.6886826
	speed: 0.0416s/iter; left time: 192.5027s
	iters: 1100, epoch: 6 | loss: 0.6775871
	speed: 0.0381s/iter; left time: 172.6231s
Epoch: 6 cost time: 48.32989954948425
Epoch: 6, Steps: 1125 | Train Loss: 0.6904178 Vali Loss: 0.6613665 Test Loss: 0.3309972
Validation loss decreased (0.659911 --> 0.661367).  Saving model ...
Updating learning rate to 0.00017274575140626317
	iters: 100, epoch: 7 | loss: 0.6668383
	speed: 0.1150s/iter; left time: 505.9955s
	iters: 200, epoch: 7 | loss: 0.6889202
	speed: 0.0413s/iter; left time: 177.4752s
	iters: 300, epoch: 7 | loss: 0.6912456
	speed: 0.0425s/iter; left time: 178.5743s
	iters: 400, epoch: 7 | loss: 0.6804131
	speed: 0.0430s/iter; left time: 176.2840s
	iters: 500, epoch: 7 | loss: 0.6853767
	speed: 0.0423s/iter; left time: 169.1612s
	iters: 600, epoch: 7 | loss: 0.6873405
	speed: 0.0422s/iter; left time: 164.6551s
	iters: 700, epoch: 7 | loss: 0.7093878
	speed: 0.0431s/iter; left time: 163.9843s
	iters: 800, epoch: 7 | loss: 0.6851216
	speed: 0.0414s/iter; left time: 153.0613s
	iters: 900, epoch: 7 | loss: 0.6732741
	speed: 0.0442s/iter; left time: 159.1857s
	iters: 1000, epoch: 7 | loss: 0.6937097
	speed: 0.0423s/iter; left time: 148.1060s
	iters: 1100, epoch: 7 | loss: 0.6905416
	speed: 0.0418s/iter; left time: 142.1599s
Epoch: 7 cost time: 47.762184143066406
Epoch: 7, Steps: 1125 | Train Loss: 0.6843357 Vali Loss: 0.6534808 Test Loss: 0.3316835
Validation loss decreased (0.661367 --> 0.653481).  Saving model ...
Updating learning rate to 0.00010305368692688174
	iters: 100, epoch: 8 | loss: 0.6688374
	speed: 0.1263s/iter; left time: 413.6443s
	iters: 200, epoch: 8 | loss: 0.6521233
	speed: 0.0392s/iter; left time: 124.5203s
	iters: 300, epoch: 8 | loss: 0.7067673
	speed: 0.0390s/iter; left time: 120.0960s
	iters: 400, epoch: 8 | loss: 0.6614034
	speed: 0.0364s/iter; left time: 108.2645s
	iters: 500, epoch: 8 | loss: 0.6832398
	speed: 0.0350s/iter; left time: 100.5725s
	iters: 600, epoch: 8 | loss: 0.6457024
	speed: 0.0397s/iter; left time: 110.0864s
	iters: 700, epoch: 8 | loss: 0.6500986
	speed: 0.0405s/iter; left time: 108.3695s
	iters: 800, epoch: 8 | loss: 0.6447356
	speed: 0.0415s/iter; left time: 106.8236s
	iters: 900, epoch: 8 | loss: 0.6833161
	speed: 0.0419s/iter; left time: 103.7785s
	iters: 1000, epoch: 8 | loss: 0.6836205
	speed: 0.0408s/iter; left time: 96.9364s
	iters: 1100, epoch: 8 | loss: 0.6645951
	speed: 0.0406s/iter; left time: 92.3686s
Epoch: 8 cost time: 44.66259145736694
Epoch: 8, Steps: 1125 | Train Loss: 0.6796755 Vali Loss: 0.6621878 Test Loss: 0.3318813
Validation loss decreased (0.653481 --> 0.662188).  Saving model ...
Updating learning rate to 4.7745751406263163e-05
	iters: 100, epoch: 9 | loss: 0.6409630
	speed: 0.1260s/iter; left time: 271.0045s
	iters: 200, epoch: 9 | loss: 0.6626028
	speed: 0.0415s/iter; left time: 85.1206s
	iters: 300, epoch: 9 | loss: 0.6658192
	speed: 0.0411s/iter; left time: 80.1776s
	iters: 400, epoch: 9 | loss: 0.6817843
	speed: 0.0415s/iter; left time: 76.8376s
	iters: 500, epoch: 9 | loss: 0.6890436
	speed: 0.0479s/iter; left time: 83.8054s
	iters: 600, epoch: 9 | loss: 0.6442550
	speed: 0.0380s/iter; left time: 62.7848s
	iters: 700, epoch: 9 | loss: 0.6706374
	speed: 0.0390s/iter; left time: 60.4950s
	iters: 800, epoch: 9 | loss: 0.6542222
	speed: 0.0407s/iter; left time: 59.0620s
	iters: 900, epoch: 9 | loss: 0.6627507
	speed: 0.0376s/iter; left time: 50.8540s
	iters: 1000, epoch: 9 | loss: 0.7037702
	speed: 0.0363s/iter; left time: 45.3948s
	iters: 1100, epoch: 9 | loss: 0.7018768
	speed: 0.0410s/iter; left time: 47.1531s
Epoch: 9 cost time: 45.67009520530701
Epoch: 9, Steps: 1125 | Train Loss: 0.6766886 Vali Loss: 0.6605373 Test Loss: 0.3344378
Validation loss decreased (0.662188 --> 0.660537).  Saving model ...
Updating learning rate to 1.2235870926211617e-05
	iters: 100, epoch: 10 | loss: 0.6738020
	speed: 0.1227s/iter; left time: 125.8861s
	iters: 200, epoch: 10 | loss: 0.6680753
	speed: 0.0381s/iter; left time: 35.2492s
	iters: 300, epoch: 10 | loss: 0.6686104
	speed: 0.0380s/iter; left time: 31.3690s
	iters: 400, epoch: 10 | loss: 0.7055190
	speed: 0.0384s/iter; left time: 27.8856s
	iters: 500, epoch: 10 | loss: 0.6755139
	speed: 0.0402s/iter; left time: 25.1514s
	iters: 600, epoch: 10 | loss: 0.6563092
	speed: 0.0401s/iter; left time: 21.1032s
	iters: 700, epoch: 10 | loss: 0.6912478
	speed: 0.0397s/iter; left time: 16.9022s
	iters: 800, epoch: 10 | loss: 0.6890386
	speed: 0.0378s/iter; left time: 12.3148s
	iters: 900, epoch: 10 | loss: 0.6611605
	speed: 0.0376s/iter; left time: 8.5030s
	iters: 1000, epoch: 10 | loss: 0.6776528
	speed: 0.0378s/iter; left time: 4.7593s
	iters: 1100, epoch: 10 | loss: 0.6519094
	speed: 0.0391s/iter; left time: 1.0175s
Epoch: 10 cost time: 43.64745020866394
Epoch: 10, Steps: 1125 | Train Loss: 0.6749952 Vali Loss: 0.6596487 Test Loss: 0.3328562
Validation loss decreased (0.660537 --> 0.659649).  Saving model ...
Updating learning rate to 0.0
>>>>>>>testing : long_term_forecast_weather_192_720_fcv_patch6_b1.0_TimeFilter_custom_addlossfcv_numpairsmax_patchlen6_alpha0.0_beta1.0<<<<<<<<<<<<<<<<<<<<<<<<<<<<<<<<<
test 9820
mse:0.33278688788414, mae:0.33060222864151
================================================================================
Model Profiling Summary
Total Params             : 546,752
Inference Time (s)       : 0.011328
GPU Mem Footprint (MB)   : 32.48
Peak Mem (MB)            : 47.17
================================================================================
Deleted model checkpoint at: ./checkpoints/long_term_forecast_weather_192_720_fcv_patch6_b1.0_TimeFilter_custom_addlossfcv_numpairsmax_patchlen6_alpha0.0_beta1.0/checkpoint.pth
[OK] CvLoss | seq_len=192 | pred_len=720 | mse=0.333 | mae=0.331
======================================================
Running | model=TimeFilter | table_name=TimeFilter | seq_len=192 | pred_len=720 | add_loss=None
======================================================
Args in experiment:
[1mBasic Config[0m
  Task Name:          long_term_forecast  Is Training:        2                   
  Model ID:           weather_192_720_None_patch6_b1.0Model:              TimeFilter          

[1mData Loader[0m
  Data:               custom              Root Path:          ./data              
  Data Path:          weather.csv         Features:           M                   
  Target:             OT                  Freq:               h                   
  Checkpoints:        ./checkpoints/      

[1mForecasting Task[0m
  Seq Len:            192                 Label Len:          48                  
  Pred Len:           720                 Seasonal Patterns:  Monthly             
  Inverse:            0                   

[1mModel Parameters[0m
  Top k:              5                   Num Kernels:        6                   
  Enc In:             21                  Dec In:             21                  
  C Out:              21                  d model:            128                 
  n heads:            4                   e layers:           2                   
  d layers:           1                   d FF:               256                 
  Moving Avg:         25                  Factor:             3                   
  Distil:             1                   Dropout:            0.3                 
  Embed:              timeF               Activation:         gelu                
  Output Attention:   0                   

[1mRun Parameters[0m
  Num Workers:        1                   Itr:                1                   
  Train Epochs:       10                  Batch Size:         32                  
  Patience:           3                   Learning Rate:      0.0005              
  Des:                Exp                 Loss:               MSE                 
  Lradj:              cosine              Use Amp:            0                   

[1mGPU[0m
  Use GPU:            1                   GPU:                0                   
  Use Multi GPU:      0                   Devices:            0,1,2,3             

[1mDe-stationary Projector Params[0m
  P Hidden Dims:      128, 128            P Hidden Layers:    2                   

Use GPU: cuda:0
>>>>>>>start training : long_term_forecast_weather_192_720_None_patch6_b1.0_TimeFilter_custom_addlossNone_numpairsmax_patchlen16_alpha1.0_beta0.1>>>>>>>>>>>>>>>>>>>>>>>>>>
train 35976
val 4551
test 9820
	iters: 100, epoch: 1 | loss: 0.6446796
	speed: 0.0365s/iter; left time: 407.2420s
	iters: 200, epoch: 1 | loss: 0.6906229
	speed: 0.0215s/iter; left time: 237.6153s
	iters: 300, epoch: 1 | loss: 0.6188932
	speed: 0.0201s/iter; left time: 220.2601s
	iters: 400, epoch: 1 | loss: 0.7733559
	speed: 0.0179s/iter; left time: 194.4041s
	iters: 500, epoch: 1 | loss: 1.0905954
	speed: 0.0196s/iter; left time: 210.3508s
	iters: 600, epoch: 1 | loss: 0.7916188
	speed: 0.0195s/iter; left time: 207.4055s
	iters: 700, epoch: 1 | loss: 0.7064630
	speed: 0.0196s/iter; left time: 207.2482s
	iters: 800, epoch: 1 | loss: 0.7187239
	speed: 0.0199s/iter; left time: 208.4456s
	iters: 900, epoch: 1 | loss: 0.6727014
	speed: 0.0194s/iter; left time: 200.3000s
	iters: 1000, epoch: 1 | loss: 0.6877546
	speed: 0.0185s/iter; left time: 189.2567s
	iters: 1100, epoch: 1 | loss: 0.6529253
	speed: 0.0205s/iter; left time: 207.8114s
Epoch: 1 cost time: 23.202285289764404
Epoch: 1, Steps: 1125 | Train Loss: 0.7341611 Vali Loss: 0.6496787 Test Loss: 0.3322187
Validation loss decreased (inf --> 0.649679).  Saving model ...
Updating learning rate to 0.0004877641290737884
	iters: 100, epoch: 2 | loss: 0.8891373
	speed: 0.0842s/iter; left time: 844.4039s
	iters: 200, epoch: 2 | loss: 0.7903565
	speed: 0.0208s/iter; left time: 206.1868s
	iters: 300, epoch: 2 | loss: 0.6659648
	speed: 0.0197s/iter; left time: 193.4669s
	iters: 400, epoch: 2 | loss: 0.6409488
	speed: 0.0195s/iter; left time: 189.2672s
	iters: 500, epoch: 2 | loss: 0.6519679
	speed: 0.0189s/iter; left time: 181.7321s
	iters: 600, epoch: 2 | loss: 0.8387610
	speed: 0.0190s/iter; left time: 180.5860s
	iters: 700, epoch: 2 | loss: 0.6778877
	speed: 0.0198s/iter; left time: 186.8497s
	iters: 800, epoch: 2 | loss: 0.6025897
	speed: 0.0181s/iter; left time: 169.0171s
	iters: 900, epoch: 2 | loss: 0.6386559
	speed: 0.0188s/iter; left time: 173.6658s
	iters: 1000, epoch: 2 | loss: 0.6551878
	speed: 0.0206s/iter; left time: 187.7084s
	iters: 1100, epoch: 2 | loss: 0.8253930
	speed: 0.0194s/iter; left time: 175.0629s
Epoch: 2 cost time: 22.193617582321167
Epoch: 2, Steps: 1125 | Train Loss: 0.6865304 Vali Loss: 0.6375396 Test Loss: 0.3251984
Validation loss decreased (0.649679 --> 0.637540).  Saving model ...
Updating learning rate to 0.0004522542485937369
	iters: 100, epoch: 3 | loss: 0.6458577
	speed: 0.0944s/iter; left time: 840.3332s
	iters: 200, epoch: 3 | loss: 0.6555419
	speed: 0.0197s/iter; left time: 173.7840s
	iters: 300, epoch: 3 | loss: 0.7039267
	speed: 0.0163s/iter; left time: 141.9762s
	iters: 400, epoch: 3 | loss: 0.5792528
	speed: 0.0146s/iter; left time: 125.9887s
	iters: 500, epoch: 3 | loss: 0.5110869
	speed: 0.0184s/iter; left time: 156.2387s
	iters: 600, epoch: 3 | loss: 0.6746151
	speed: 0.0151s/iter; left time: 126.7235s
	iters: 700, epoch: 3 | loss: 0.5967138
	speed: 0.0143s/iter; left time: 118.6419s
	iters: 800, epoch: 3 | loss: 0.6581756
	speed: 0.0162s/iter; left time: 133.1507s
	iters: 900, epoch: 3 | loss: 0.6608042
	speed: 0.0201s/iter; left time: 162.8691s
	iters: 1000, epoch: 3 | loss: 0.7609163
	speed: 0.0146s/iter; left time: 116.8025s
	iters: 1100, epoch: 3 | loss: 0.5339975
	speed: 0.0147s/iter; left time: 115.7542s
Epoch: 3 cost time: 18.97361993789673
Epoch: 3, Steps: 1125 | Train Loss: 0.6664782 Vali Loss: 0.6410410 Test Loss: 0.3281807
Validation loss decreased (0.637540 --> 0.641041).  Saving model ...
Updating learning rate to 0.0003969463130731183
	iters: 100, epoch: 4 | loss: 0.6572731
	speed: 0.1125s/iter; left time: 875.0266s
	iters: 200, epoch: 4 | loss: 0.5333931
	speed: 0.0193s/iter; left time: 148.5061s
	iters: 300, epoch: 4 | loss: 0.5973645
	speed: 0.0190s/iter; left time: 143.9101s
	iters: 400, epoch: 4 | loss: 0.5847507
	speed: 0.0204s/iter; left time: 152.5316s
	iters: 500, epoch: 4 | loss: 0.5736770
	speed: 0.0197s/iter; left time: 145.0196s
	iters: 600, epoch: 4 | loss: 0.8167462
	speed: 0.0193s/iter; left time: 140.3183s
	iters: 700, epoch: 4 | loss: 1.0386542
	speed: 0.0196s/iter; left time: 140.4098s
	iters: 800, epoch: 4 | loss: 0.8483652
	speed: 0.0193s/iter; left time: 136.7332s
	iters: 900, epoch: 4 | loss: 0.5377618
	speed: 0.0205s/iter; left time: 142.8578s
	iters: 1000, epoch: 4 | loss: 0.5994894
	speed: 0.0216s/iter; left time: 148.6509s
	iters: 1100, epoch: 4 | loss: 0.5423036
	speed: 0.0204s/iter; left time: 138.5430s
Epoch: 4 cost time: 22.552412748336792
Epoch: 4, Steps: 1125 | Train Loss: 0.6516026 Vali Loss: 0.6452812 Test Loss: 0.3304214
Validation loss decreased (0.641041 --> 0.645281).  Saving model ...
Updating learning rate to 0.00032725424859373687
	iters: 100, epoch: 5 | loss: 0.7499925
	speed: 0.1017s/iter; left time: 676.4236s
	iters: 200, epoch: 5 | loss: 0.6348848
	speed: 0.0201s/iter; left time: 131.6951s
	iters: 300, epoch: 5 | loss: 0.5309183
	speed: 0.0191s/iter; left time: 123.4905s
	iters: 400, epoch: 5 | loss: 0.7188956
	speed: 0.0194s/iter; left time: 123.1691s
	iters: 500, epoch: 5 | loss: 0.5381295
	speed: 0.0193s/iter; left time: 120.5742s
	iters: 600, epoch: 5 | loss: 0.5620418
	speed: 0.0156s/iter; left time: 95.8200s
	iters: 700, epoch: 5 | loss: 0.5833409
	speed: 0.0187s/iter; left time: 113.0882s
	iters: 800, epoch: 5 | loss: 0.5922771
	speed: 0.0198s/iter; left time: 117.6513s
	iters: 900, epoch: 5 | loss: 0.6938354
	speed: 0.0152s/iter; left time: 89.2212s
	iters: 1000, epoch: 5 | loss: 0.7980769
	speed: 0.0196s/iter; left time: 112.5183s
	iters: 1100, epoch: 5 | loss: 0.8282723
	speed: 0.0181s/iter; left time: 102.5285s
Epoch: 5 cost time: 20.905237913131714
Epoch: 5, Steps: 1125 | Train Loss: 0.6394940 Vali Loss: 0.6586019 Test Loss: 0.3328601
Validation loss decreased (0.645281 --> 0.658602).  Saving model ...
Updating learning rate to 0.00025
	iters: 100, epoch: 6 | loss: 0.6665989
	speed: 0.0836s/iter; left time: 461.9524s
	iters: 200, epoch: 6 | loss: 0.4876863
	speed: 0.0160s/iter; left time: 86.6885s
	iters: 300, epoch: 6 | loss: 0.6108801
	speed: 0.0181s/iter; left time: 96.1724s
	iters: 400, epoch: 6 | loss: 0.5779858
	speed: 0.0132s/iter; left time: 69.1380s
	iters: 500, epoch: 6 | loss: 0.6678833
	speed: 0.0134s/iter; left time: 68.9084s
	iters: 600, epoch: 6 | loss: 0.5101367
	speed: 0.0188s/iter; left time: 94.6141s
	iters: 700, epoch: 6 | loss: 0.5129991
	speed: 0.0227s/iter; left time: 111.5914s
	iters: 800, epoch: 6 | loss: 0.7810380
	speed: 0.0204s/iter; left time: 98.2268s
	iters: 900, epoch: 6 | loss: 0.8546554
	speed: 0.0213s/iter; left time: 100.5559s
	iters: 1000, epoch: 6 | loss: 0.5124411
	speed: 0.0221s/iter; left time: 102.0819s
	iters: 1100, epoch: 6 | loss: 0.5290163
	speed: 0.0211s/iter; left time: 95.2942s
Epoch: 6 cost time: 20.8610200881958
Epoch: 6, Steps: 1125 | Train Loss: 0.6296096 Vali Loss: 0.6514290 Test Loss: 0.3301309
Validation loss decreased (0.658602 --> 0.651429).  Saving model ...
Updating learning rate to 0.00017274575140626317
	iters: 100, epoch: 7 | loss: 0.6169710
	speed: 0.1025s/iter; left time: 451.0072s
	iters: 200, epoch: 7 | loss: 0.6331634
	speed: 0.0202s/iter; left time: 86.9687s
	iters: 300, epoch: 7 | loss: 0.7716033
	speed: 0.0193s/iter; left time: 81.1945s
	iters: 400, epoch: 7 | loss: 0.4902508
	speed: 0.0210s/iter; left time: 86.1922s
	iters: 500, epoch: 7 | loss: 0.5342776
	speed: 0.0190s/iter; left time: 76.1750s
	iters: 600, epoch: 7 | loss: 0.5278948
	speed: 0.0193s/iter; left time: 75.2437s
	iters: 700, epoch: 7 | loss: 0.5976813
	speed: 0.0197s/iter; left time: 74.9307s
	iters: 800, epoch: 7 | loss: 0.5148216
	speed: 0.0212s/iter; left time: 78.5377s
	iters: 900, epoch: 7 | loss: 0.6260916
	speed: 0.0210s/iter; left time: 75.5461s
	iters: 1000, epoch: 7 | loss: 0.6508262
	speed: 0.0204s/iter; left time: 71.3906s
	iters: 1100, epoch: 7 | loss: 0.5122268
	speed: 0.0195s/iter; left time: 66.3324s
Epoch: 7 cost time: 22.817983150482178
Epoch: 7, Steps: 1125 | Train Loss: 0.6218479 Vali Loss: 0.6407440 Test Loss: 0.3276148
Validation loss decreased (0.651429 --> 0.640744).  Saving model ...
Updating learning rate to 0.00010305368692688174
	iters: 100, epoch: 8 | loss: 0.5215569
	speed: 0.1012s/iter; left time: 331.4093s
	iters: 200, epoch: 8 | loss: 0.5963915
	speed: 0.0184s/iter; left time: 58.5662s
	iters: 300, epoch: 8 | loss: 0.7201266
	speed: 0.0166s/iter; left time: 51.1323s
	iters: 400, epoch: 8 | loss: 0.6789308
	speed: 0.0193s/iter; left time: 57.3381s
	iters: 500, epoch: 8 | loss: 0.6522195
	speed: 0.0196s/iter; left time: 56.5119s
	iters: 600, epoch: 8 | loss: 0.4937892
	speed: 0.0146s/iter; left time: 40.4560s
	iters: 700, epoch: 8 | loss: 0.4991564
	speed: 0.0152s/iter; left time: 40.6313s
	iters: 800, epoch: 8 | loss: 0.4776586
	speed: 0.0195s/iter; left time: 50.1903s
	iters: 900, epoch: 8 | loss: 0.5342727
	speed: 0.0171s/iter; left time: 42.2670s
	iters: 1000, epoch: 8 | loss: 0.6210057
	speed: 0.0166s/iter; left time: 39.3644s
	iters: 1100, epoch: 8 | loss: 0.4798288
	speed: 0.0225s/iter; left time: 51.3226s
Epoch: 8 cost time: 20.426560163497925
Epoch: 8, Steps: 1125 | Train Loss: 0.6163301 Vali Loss: 0.6532850 Test Loss: 0.3331065
Validation loss decreased (0.640744 --> 0.653285).  Saving model ...
Updating learning rate to 4.7745751406263163e-05
	iters: 100, epoch: 9 | loss: 0.4944788
	speed: 0.0962s/iter; left time: 206.8216s
	iters: 200, epoch: 9 | loss: 0.6536921
	speed: 0.0194s/iter; left time: 39.8229s
	iters: 300, epoch: 9 | loss: 0.5149943
	speed: 0.0208s/iter; left time: 40.6246s
	iters: 400, epoch: 9 | loss: 0.6375611
	speed: 0.0197s/iter; left time: 36.5221s
	iters: 500, epoch: 9 | loss: 0.6557399
	speed: 0.0188s/iter; left time: 32.9613s
	iters: 600, epoch: 9 | loss: 0.5941138
	speed: 0.0192s/iter; left time: 31.7081s
	iters: 700, epoch: 9 | loss: 0.6437983
	speed: 0.0199s/iter; left time: 30.8080s
	iters: 800, epoch: 9 | loss: 0.4857945
	speed: 0.0190s/iter; left time: 27.5194s
	iters: 900, epoch: 9 | loss: 0.5133200
	speed: 0.0189s/iter; left time: 25.4928s
	iters: 1000, epoch: 9 | loss: 0.6486652
	speed: 0.0192s/iter; left time: 24.0095s
	iters: 1100, epoch: 9 | loss: 0.8200799
	speed: 0.0206s/iter; left time: 23.7340s
Epoch: 9 cost time: 22.42471194267273
Epoch: 9, Steps: 1125 | Train Loss: 0.6128609 Vali Loss: 0.6541165 Test Loss: 0.3359880
Validation loss decreased (0.653285 --> 0.654116).  Saving model ...
Updating learning rate to 1.2235870926211617e-05
	iters: 100, epoch: 10 | loss: 0.5471492
	speed: 0.1068s/iter; left time: 109.5430s
	iters: 200, epoch: 10 | loss: 0.8007087
	speed: 0.0192s/iter; left time: 17.7776s
	iters: 300, epoch: 10 | loss: 0.4898605
	speed: 0.0198s/iter; left time: 16.3398s
	iters: 400, epoch: 10 | loss: 0.6759283
	speed: 0.0194s/iter; left time: 14.1036s
	iters: 500, epoch: 10 | loss: 0.5457672
	speed: 0.0181s/iter; left time: 11.3424s
	iters: 600, epoch: 10 | loss: 0.7297856
	speed: 0.0200s/iter; left time: 10.5051s
	iters: 700, epoch: 10 | loss: 0.6655521
	speed: 0.0194s/iter; left time: 8.2559s
	iters: 800, epoch: 10 | loss: 0.5496268
	speed: 0.0192s/iter; left time: 6.2437s
	iters: 900, epoch: 10 | loss: 0.8591747
	speed: 0.0150s/iter; left time: 3.3847s
	iters: 1000, epoch: 10 | loss: 0.5074003
	speed: 0.0196s/iter; left time: 2.4710s
	iters: 1100, epoch: 10 | loss: 0.5989105
	speed: 0.0187s/iter; left time: 0.4857s
Epoch: 10 cost time: 21.473031997680664
Epoch: 10, Steps: 1125 | Train Loss: 0.6109974 Vali Loss: 0.6505253 Test Loss: 0.3338120
Validation loss decreased (0.654116 --> 0.650525).  Saving model ...
Updating learning rate to 0.0
>>>>>>>testing : long_term_forecast_weather_192_720_None_patch6_b1.0_TimeFilter_custom_addlossNone_numpairsmax_patchlen16_alpha1.0_beta0.1<<<<<<<<<<<<<<<<<<<<<<<<<<<<<<<<<
test 9820
mse:0.3337263762950897, mae:0.3410344123840332
================================================================================
Model Profiling Summary
Total Params             : 546,752
Inference Time (s)       : 0.008636
GPU Mem Footprint (MB)   : 32.48
Peak Mem (MB)            : 47.17
================================================================================
Deleted model checkpoint at: ./checkpoints/long_term_forecast_weather_192_720_None_patch6_b1.0_TimeFilter_custom_addlossNone_numpairsmax_patchlen16_alpha1.0_beta0.1/checkpoint.pth
[OK] TimeFilter | seq_len=192 | pred_len=720 | mse=0.334 | mae=0.341
======================================================
Running | model=TimeFilter | table_name=CvLoss | seq_len=336 | pred_len=96 | add_loss=fcv
======================================================
Args in experiment:
[1mBasic Config[0m
  Task Name:          long_term_forecast  Is Training:        2                   
  Model ID:           weather_336_96_fcv_patch6_b1.0Model:              TimeFilter          

[1mData Loader[0m
  Data:               custom              Root Path:          ./data              
  Data Path:          weather.csv         Features:           M                   
  Target:             OT                  Freq:               h                   
  Checkpoints:        ./checkpoints/      

[1mForecasting Task[0m
  Seq Len:            336                 Label Len:          48                  
  Pred Len:           96                  Seasonal Patterns:  Monthly             
  Inverse:            0                   

[1mModel Parameters[0m
  Top k:              5                   Num Kernels:        6                   
  Enc In:             21                  Dec In:             21                  
  C Out:              21                  d model:            128                 
  n heads:            4                   e layers:           2                   
  d layers:           1                   d FF:               256                 
  Moving Avg:         25                  Factor:             3                   
  Distil:             1                   Dropout:            0.3                 
  Embed:              timeF               Activation:         gelu                
  Output Attention:   0                   

[1mRun Parameters[0m
  Num Workers:        1                   Itr:                1                   
  Train Epochs:       10                  Batch Size:         32                  
  Patience:           3                   Learning Rate:      0.0005              
  Des:                Exp                 Loss:               MSE                 
  Lradj:              cosine              Use Amp:            0                   

[1mGPU[0m
  Use GPU:            1                   GPU:                0                   
  Use Multi GPU:      0                   Devices:            0,1,2,3             

[1mDe-stationary Projector Params[0m
  P Hidden Dims:      128, 128            P Hidden Layers:    2                   

Use GPU: cuda:0
>>>>>>>start training : long_term_forecast_weather_336_96_fcv_patch6_b1.0_TimeFilter_custom_addlossfcv_numpairsmax_patchlen6_alpha0.0_beta1.0>>>>>>>>>>>>>>>>>>>>>>>>>>
train 36456
val 5175
test 10444
	iters: 100, epoch: 1 | loss: 0.5649924
	speed: 0.0627s/iter; left time: 708.9985s
	iters: 200, epoch: 1 | loss: 0.5743424
	speed: 0.0403s/iter; left time: 450.9341s
	iters: 300, epoch: 1 | loss: 0.6078796
	speed: 0.0411s/iter; left time: 456.6325s
	iters: 400, epoch: 1 | loss: 0.5517097
	speed: 0.0398s/iter; left time: 437.8853s
	iters: 500, epoch: 1 | loss: 0.5803457
	speed: 0.0404s/iter; left time: 439.9356s
	iters: 600, epoch: 1 | loss: 0.5056067
	speed: 0.0401s/iter; left time: 433.3973s
	iters: 700, epoch: 1 | loss: 0.4977116
	speed: 0.0387s/iter; left time: 414.5942s
	iters: 800, epoch: 1 | loss: 0.5458862
	speed: 0.0396s/iter; left time: 419.4135s
	iters: 900, epoch: 1 | loss: 0.4625405
	speed: 0.0402s/iter; left time: 421.9507s
	iters: 1000, epoch: 1 | loss: 0.4703289
	speed: 0.0367s/iter; left time: 381.3976s
	iters: 1100, epoch: 1 | loss: 0.5322554
	speed: 0.0368s/iter; left time: 379.2764s
Epoch: 1 cost time: 46.45789980888367
Epoch: 1, Steps: 1140 | Train Loss: 0.5568534 Vali Loss: 0.3890169 Test Loss: 0.1472773
Validation loss decreased (inf --> 0.389017).  Saving model ...
Updating learning rate to 0.0004877641290737884
	iters: 100, epoch: 2 | loss: 0.5090581
	speed: 0.0963s/iter; left time: 978.0405s
	iters: 200, epoch: 2 | loss: 0.5386268
	speed: 0.0387s/iter; left time: 389.6416s
	iters: 300, epoch: 2 | loss: 0.5692896
	speed: 0.0342s/iter; left time: 340.4718s
	iters: 400, epoch: 2 | loss: 0.5393559
	speed: 0.0423s/iter; left time: 417.0092s
	iters: 500, epoch: 2 | loss: 0.4227604
	speed: 0.0396s/iter; left time: 387.0081s
	iters: 600, epoch: 2 | loss: 0.4613538
	speed: 0.0404s/iter; left time: 390.7814s
	iters: 700, epoch: 2 | loss: 0.5986445
	speed: 0.0401s/iter; left time: 382.9392s
	iters: 800, epoch: 2 | loss: 0.4868043
	speed: 0.0377s/iter; left time: 356.3497s
	iters: 900, epoch: 2 | loss: 0.4838764
	speed: 0.0395s/iter; left time: 369.9525s
	iters: 1000, epoch: 2 | loss: 0.5524468
	speed: 0.0394s/iter; left time: 365.0734s
	iters: 1100, epoch: 2 | loss: 0.5235889
	speed: 0.0390s/iter; left time: 357.1681s
Epoch: 2 cost time: 44.450958251953125
Epoch: 2, Steps: 1140 | Train Loss: 0.5171124 Vali Loss: 0.3927484 Test Loss: 0.1505484
Validation loss decreased (0.389017 --> 0.392748).  Saving model ...
Updating learning rate to 0.0004522542485937369
	iters: 100, epoch: 3 | loss: 0.4749798
	speed: 0.1116s/iter; left time: 1006.9240s
	iters: 200, epoch: 3 | loss: 0.5493360
	speed: 0.0399s/iter; left time: 355.5770s
	iters: 300, epoch: 3 | loss: 0.4968968
	speed: 0.0353s/iter; left time: 311.4516s
	iters: 400, epoch: 3 | loss: 0.4554083
	speed: 0.0395s/iter; left time: 344.3744s
	iters: 500, epoch: 3 | loss: 0.5325758
	speed: 0.0359s/iter; left time: 309.6346s
	iters: 600, epoch: 3 | loss: 0.4650446
	speed: 0.0366s/iter; left time: 312.0362s
	iters: 700, epoch: 3 | loss: 0.4697389
	speed: 0.0369s/iter; left time: 310.9419s
	iters: 800, epoch: 3 | loss: 0.4883285
	speed: 0.0343s/iter; left time: 285.5953s
	iters: 900, epoch: 3 | loss: 0.4977291
	speed: 0.0362s/iter; left time: 298.0084s
	iters: 1000, epoch: 3 | loss: 0.5320313
	speed: 0.0391s/iter; left time: 317.6120s
	iters: 1100, epoch: 3 | loss: 0.4783072
	speed: 0.0425s/iter; left time: 340.5388s
Epoch: 3 cost time: 43.519665479660034
Epoch: 3, Steps: 1140 | Train Loss: 0.5036761 Vali Loss: 0.4005805 Test Loss: 0.1476570
Validation loss decreased (0.392748 --> 0.400580).  Saving model ...
Updating learning rate to 0.0003969463130731183
	iters: 100, epoch: 4 | loss: 0.4659593
	speed: 0.1112s/iter; left time: 876.0819s
	iters: 200, epoch: 4 | loss: 0.4717334
	speed: 0.0415s/iter; left time: 323.0424s
	iters: 300, epoch: 4 | loss: 0.4785141
	speed: 0.0396s/iter; left time: 304.5457s
	iters: 400, epoch: 4 | loss: 0.4817621
	speed: 0.0411s/iter; left time: 311.3860s
	iters: 500, epoch: 4 | loss: 0.4912276
	speed: 0.0403s/iter; left time: 301.5923s
	iters: 600, epoch: 4 | loss: 0.4356799
	speed: 0.0390s/iter; left time: 287.8336s
	iters: 700, epoch: 4 | loss: 0.5031014
	speed: 0.0394s/iter; left time: 286.9380s
	iters: 800, epoch: 4 | loss: 0.5515044
	speed: 0.0400s/iter; left time: 286.9318s
	iters: 900, epoch: 4 | loss: 0.5055223
	speed: 0.0398s/iter; left time: 281.8337s
	iters: 1000, epoch: 4 | loss: 0.5046278
	speed: 0.0364s/iter; left time: 254.1175s
	iters: 1100, epoch: 4 | loss: 0.4732498
	speed: 0.0367s/iter; left time: 252.2113s
Epoch: 4 cost time: 44.99296808242798
Epoch: 4, Steps: 1140 | Train Loss: 0.4931239 Vali Loss: 0.4044291 Test Loss: 0.1494357
Validation loss decreased (0.400580 --> 0.404429).  Saving model ...
Updating learning rate to 0.00032725424859373687
	iters: 100, epoch: 5 | loss: 0.4900658
	speed: 0.1002s/iter; left time: 675.1227s
	iters: 200, epoch: 5 | loss: 0.4938954
	speed: 0.0377s/iter; left time: 250.4377s
	iters: 300, epoch: 5 | loss: 0.4335208
	speed: 0.0345s/iter; left time: 225.7716s
	iters: 400, epoch: 5 | loss: 0.4530156
	speed: 0.0420s/iter; left time: 270.4469s
	iters: 500, epoch: 5 | loss: 0.5256078
	speed: 0.0417s/iter; left time: 264.1099s
	iters: 600, epoch: 5 | loss: 0.5162679
	speed: 0.0404s/iter; left time: 252.3644s
	iters: 700, epoch: 5 | loss: 0.4827898
	speed: 0.0394s/iter; left time: 241.9957s
	iters: 800, epoch: 5 | loss: 0.5254389
	speed: 0.0404s/iter; left time: 243.7562s
	iters: 900, epoch: 5 | loss: 0.5126765
	speed: 0.0410s/iter; left time: 243.7528s
	iters: 1000, epoch: 5 | loss: 0.4938911
	speed: 0.0400s/iter; left time: 233.6904s
	iters: 1100, epoch: 5 | loss: 0.4807135
	speed: 0.0391s/iter; left time: 224.5815s
Epoch: 5 cost time: 44.87648129463196
Epoch: 5, Steps: 1140 | Train Loss: 0.4843569 Vali Loss: 0.4057311 Test Loss: 0.1483019
Validation loss decreased (0.404429 --> 0.405731).  Saving model ...
Updating learning rate to 0.00025
	iters: 100, epoch: 6 | loss: 0.4666114
	speed: 0.1095s/iter; left time: 613.4369s
	iters: 200, epoch: 6 | loss: 0.4681770
	speed: 0.0405s/iter; left time: 222.9508s
	iters: 300, epoch: 6 | loss: 0.4432878
	speed: 0.0363s/iter; left time: 196.3157s
	iters: 400, epoch: 6 | loss: 0.4819701
	speed: 0.0387s/iter; left time: 204.8934s
	iters: 500, epoch: 6 | loss: 0.4508273
	speed: 0.0362s/iter; left time: 188.2583s
	iters: 600, epoch: 6 | loss: 0.4829143
	speed: 0.0383s/iter; left time: 195.1904s
	iters: 700, epoch: 6 | loss: 0.4609436
	speed: 0.0370s/iter; left time: 185.1597s
	iters: 800, epoch: 6 | loss: 0.4703208
	speed: 0.0394s/iter; left time: 193.1945s
	iters: 900, epoch: 6 | loss: 0.4640214
	speed: 0.0336s/iter; left time: 161.4763s
	iters: 1000, epoch: 6 | loss: 0.4749440
	speed: 0.0380s/iter; left time: 178.6208s
	iters: 1100, epoch: 6 | loss: 0.5010338
	speed: 0.0382s/iter; left time: 175.9449s
Epoch: 6 cost time: 43.21716547012329
Epoch: 6, Steps: 1140 | Train Loss: 0.4773405 Vali Loss: 0.4172604 Test Loss: 0.1512109
Validation loss decreased (0.405731 --> 0.417260).  Saving model ...
Updating learning rate to 0.00017274575140626317
	iters: 100, epoch: 7 | loss: 0.4481513
	speed: 0.0996s/iter; left time: 444.3707s
	iters: 200, epoch: 7 | loss: 0.4221058
	speed: 0.0361s/iter; left time: 157.2723s
	iters: 300, epoch: 7 | loss: 0.4823653
	speed: 0.0365s/iter; left time: 155.5738s
	iters: 400, epoch: 7 | loss: 0.4626396
	speed: 0.0364s/iter; left time: 151.3489s
	iters: 500, epoch: 7 | loss: 0.4782309
	speed: 0.0375s/iter; left time: 152.4220s
	iters: 600, epoch: 7 | loss: 0.4782931
	speed: 0.0346s/iter; left time: 136.8692s
	iters: 700, epoch: 7 | loss: 0.4749808
	speed: 0.0317s/iter; left time: 122.5326s
	iters: 800, epoch: 7 | loss: 0.4561711
	speed: 0.0364s/iter; left time: 136.8315s
	iters: 900, epoch: 7 | loss: 0.4805241
	speed: 0.0362s/iter; left time: 132.4908s
	iters: 1000, epoch: 7 | loss: 0.5015851
	speed: 0.0361s/iter; left time: 128.5556s
	iters: 1100, epoch: 7 | loss: 0.4547512
	speed: 0.0356s/iter; left time: 123.2473s
Epoch: 7 cost time: 41.001739740371704
Epoch: 7, Steps: 1140 | Train Loss: 0.4711648 Vali Loss: 0.4319663 Test Loss: 0.1541643
Validation loss decreased (0.417260 --> 0.431966).  Saving model ...
Updating learning rate to 0.00010305368692688174
	iters: 100, epoch: 8 | loss: 0.4531040
	speed: 0.1048s/iter; left time: 347.9410s
	iters: 200, epoch: 8 | loss: 0.4438159
	speed: 0.0329s/iter; left time: 105.8341s
	iters: 300, epoch: 8 | loss: 0.4882491
	speed: 0.0347s/iter; left time: 108.1725s
	iters: 400, epoch: 8 | loss: 0.4946491
	speed: 0.0389s/iter; left time: 117.6104s
	iters: 500, epoch: 8 | loss: 0.4327124
	speed: 0.0337s/iter; left time: 98.4492s
	iters: 600, epoch: 8 | loss: 0.4663568
	speed: 0.0402s/iter; left time: 113.5420s
	iters: 700, epoch: 8 | loss: 0.4087711
	speed: 0.0399s/iter; left time: 108.5627s
	iters: 800, epoch: 8 | loss: 0.4692851
	speed: 0.0400s/iter; left time: 104.8788s
	iters: 900, epoch: 8 | loss: 0.4703316
	speed: 0.0395s/iter; left time: 99.6502s
	iters: 1000, epoch: 8 | loss: 0.4211549
	speed: 0.0408s/iter; left time: 98.7689s
	iters: 1100, epoch: 8 | loss: 0.4312921
	speed: 0.0392s/iter; left time: 91.0676s
Epoch: 8 cost time: 43.19318175315857
Epoch: 8, Steps: 1140 | Train Loss: 0.4665833 Vali Loss: 0.4210400 Test Loss: 0.1523433
Validation loss decreased (0.431966 --> 0.421040).  Saving model ...
Updating learning rate to 4.7745751406263163e-05
	iters: 100, epoch: 9 | loss: 0.4542240
	speed: 0.1138s/iter; left time: 248.2886s
	iters: 200, epoch: 9 | loss: 0.4509893
	speed: 0.0398s/iter; left time: 82.8054s
	iters: 300, epoch: 9 | loss: 0.4202118
	speed: 0.0386s/iter; left time: 76.3931s
	iters: 400, epoch: 9 | loss: 0.4716846
	speed: 0.0392s/iter; left time: 73.7506s
	iters: 500, epoch: 9 | loss: 0.4990967
	speed: 0.0358s/iter; left time: 63.7504s
	iters: 600, epoch: 9 | loss: 0.4345990
	speed: 0.0380s/iter; left time: 63.8222s
	iters: 700, epoch: 9 | loss: 0.4808414
	speed: 0.0368s/iter; left time: 58.1738s
	iters: 800, epoch: 9 | loss: 0.4912437
	speed: 0.0347s/iter; left time: 51.4309s
	iters: 900, epoch: 9 | loss: 0.4427171
	speed: 0.0364s/iter; left time: 50.2386s
	iters: 1000, epoch: 9 | loss: 0.4365407
	speed: 0.0373s/iter; left time: 47.8222s
	iters: 1100, epoch: 9 | loss: 0.4440764
	speed: 0.0334s/iter; left time: 39.4934s
Epoch: 9 cost time: 42.70530557632446
Epoch: 9, Steps: 1140 | Train Loss: 0.4638165 Vali Loss: 0.4136899 Test Loss: 0.1518133
Validation loss decreased (0.421040 --> 0.413690).  Saving model ...
Updating learning rate to 1.2235870926211617e-05
	iters: 100, epoch: 10 | loss: 0.5048454
	speed: 0.1153s/iter; left time: 120.0225s
	iters: 200, epoch: 10 | loss: 0.4776829
	speed: 0.0389s/iter; left time: 36.6207s
	iters: 300, epoch: 10 | loss: 0.4612950
	speed: 0.0395s/iter; left time: 33.2180s
	iters: 400, epoch: 10 | loss: 0.5322456
	speed: 0.0388s/iter; left time: 28.7557s
	iters: 500, epoch: 10 | loss: 0.4048361
	speed: 0.0397s/iter; left time: 25.4165s
	iters: 600, epoch: 10 | loss: 0.4544800
	speed: 0.0394s/iter; left time: 21.3214s
	iters: 700, epoch: 10 | loss: 0.4958849
	speed: 0.0404s/iter; left time: 17.7953s
	iters: 800, epoch: 10 | loss: 0.4425263
	speed: 0.0406s/iter; left time: 13.8519s
	iters: 900, epoch: 10 | loss: 0.4932732
	speed: 0.0398s/iter; left time: 9.5817s
	iters: 1000, epoch: 10 | loss: 0.5224022
	speed: 0.0396s/iter; left time: 5.5808s
	iters: 1100, epoch: 10 | loss: 0.4335032
	speed: 0.0377s/iter; left time: 1.5458s
Epoch: 10 cost time: 44.951374769210815
Epoch: 10, Steps: 1140 | Train Loss: 0.4621037 Vali Loss: 0.4221486 Test Loss: 0.1526161
Validation loss decreased (0.413690 --> 0.422149).  Saving model ...
Updating learning rate to 0.0
>>>>>>>testing : long_term_forecast_weather_336_96_fcv_patch6_b1.0_TimeFilter_custom_addlossfcv_numpairsmax_patchlen6_alpha0.0_beta1.0<<<<<<<<<<<<<<<<<<<<<<<<<<<<<<<<<
test 10444
mse:0.15284740924835205, mae:0.19248391687870026
================================================================================
Model Profiling Summary
Total Params             : 264,260
Inference Time (s)       : 0.006944
GPU Mem Footprint (MB)   : 25.49
Peak Mem (MB)            : 64.19
================================================================================
Deleted model checkpoint at: ./checkpoints/long_term_forecast_weather_336_96_fcv_patch6_b1.0_TimeFilter_custom_addlossfcv_numpairsmax_patchlen6_alpha0.0_beta1.0/checkpoint.pth
[OK] CvLoss | seq_len=336 | pred_len=96 | mse=0.153 | mae=0.192
======================================================
Running | model=TimeFilter | table_name=TimeFilter | seq_len=336 | pred_len=96 | add_loss=None
======================================================
Args in experiment:
[1mBasic Config[0m
  Task Name:          long_term_forecast  Is Training:        2                   
  Model ID:           weather_336_96_None_patch6_b1.0Model:              TimeFilter          

[1mData Loader[0m
  Data:               custom              Root Path:          ./data              
  Data Path:          weather.csv         Features:           M                   
  Target:             OT                  Freq:               h                   
  Checkpoints:        ./checkpoints/      

[1mForecasting Task[0m
  Seq Len:            336                 Label Len:          48                  
  Pred Len:           96                  Seasonal Patterns:  Monthly             
  Inverse:            0                   

[1mModel Parameters[0m
  Top k:              5                   Num Kernels:        6                   
  Enc In:             21                  Dec In:             21                  
  C Out:              21                  d model:            128                 
  n heads:            4                   e layers:           2                   
  d layers:           1                   d FF:               256                 
  Moving Avg:         25                  Factor:             3                   
  Distil:             1                   Dropout:            0.3                 
  Embed:              timeF               Activation:         gelu                
  Output Attention:   0                   

[1mRun Parameters[0m
  Num Workers:        1                   Itr:                1                   
  Train Epochs:       10                  Batch Size:         32                  
  Patience:           3                   Learning Rate:      0.0005              
  Des:                Exp                 Loss:               MSE                 
  Lradj:              cosine              Use Amp:            0                   

[1mGPU[0m
  Use GPU:            1                   GPU:                0                   
  Use Multi GPU:      0                   Devices:            0,1,2,3             

[1mDe-stationary Projector Params[0m
  P Hidden Dims:      128, 128            P Hidden Layers:    2                   

Use GPU: cuda:0
>>>>>>>start training : long_term_forecast_weather_336_96_None_patch6_b1.0_TimeFilter_custom_addlossNone_numpairsmax_patchlen16_alpha1.0_beta0.1>>>>>>>>>>>>>>>>>>>>>>>>>>
train 36456
val 5175
test 10444
	iters: 100, epoch: 1 | loss: 0.3694262
	speed: 0.0365s/iter; left time: 412.9010s
	iters: 200, epoch: 1 | loss: 0.4383766
	speed: 0.0121s/iter; left time: 135.7310s
	iters: 300, epoch: 1 | loss: 0.5097319
	speed: 0.0141s/iter; left time: 156.2956s
	iters: 400, epoch: 1 | loss: 0.5175204
	speed: 0.0209s/iter; left time: 229.8872s
	iters: 500, epoch: 1 | loss: 0.4941671
	speed: 0.0188s/iter; left time: 204.8162s
	iters: 600, epoch: 1 | loss: 0.3336744
	speed: 0.0184s/iter; left time: 198.6116s
	iters: 700, epoch: 1 | loss: 0.3467296
	speed: 0.0182s/iter; left time: 194.8161s
	iters: 800, epoch: 1 | loss: 0.4526594
	speed: 0.0187s/iter; left time: 198.3343s
	iters: 900, epoch: 1 | loss: 0.3380072
	speed: 0.0184s/iter; left time: 193.4149s
	iters: 1000, epoch: 1 | loss: 0.3232408
	speed: 0.0199s/iter; left time: 206.4753s
	iters: 1100, epoch: 1 | loss: 0.4333588
	speed: 0.0172s/iter; left time: 176.9748s
Epoch: 1 cost time: 21.279606819152832
Epoch: 1, Steps: 1140 | Train Loss: 0.5229977 Vali Loss: 0.3893982 Test Loss: 0.1497144
Validation loss decreased (inf --> 0.389398).  Saving model ...
Updating learning rate to 0.0004877641290737884
	iters: 100, epoch: 2 | loss: 0.4888834
	speed: 0.0769s/iter; left time: 781.4568s
	iters: 200, epoch: 2 | loss: 0.4324583
	speed: 0.0180s/iter; left time: 180.8202s
	iters: 300, epoch: 2 | loss: 0.4776518
	speed: 0.0180s/iter; left time: 179.7919s
	iters: 400, epoch: 2 | loss: 0.3962261
	speed: 0.0177s/iter; left time: 174.4890s
	iters: 500, epoch: 2 | loss: 0.2679940
	speed: 0.0183s/iter; left time: 178.7129s
	iters: 600, epoch: 2 | loss: 0.2869887
	speed: 0.0191s/iter; left time: 184.3813s
	iters: 700, epoch: 2 | loss: 1.4472154
	speed: 0.0183s/iter; left time: 174.6137s
	iters: 800, epoch: 2 | loss: 0.3046249
	speed: 0.0173s/iter; left time: 164.0673s
	iters: 900, epoch: 2 | loss: 0.3457910
	speed: 0.0196s/iter; left time: 183.2335s
	iters: 1000, epoch: 2 | loss: 0.4650330
	speed: 0.0180s/iter; left time: 166.4079s
	iters: 1100, epoch: 2 | loss: 0.3940697
	speed: 0.0178s/iter; left time: 163.4690s
Epoch: 2 cost time: 20.993337154388428
Epoch: 2, Steps: 1140 | Train Loss: 0.4827854 Vali Loss: 0.3869739 Test Loss: 0.1539801
Validation loss decreased (0.389398 --> 0.386974).  Saving model ...
Updating learning rate to 0.0004522542485937369
	iters: 100, epoch: 3 | loss: 0.4568984
	speed: 0.0823s/iter; left time: 742.0036s
	iters: 200, epoch: 3 | loss: 1.0841941
	speed: 0.0158s/iter; left time: 140.9290s
	iters: 300, epoch: 3 | loss: 0.3439923
	speed: 0.0191s/iter; left time: 168.7732s
	iters: 400, epoch: 3 | loss: 0.3120112
	speed: 0.0186s/iter; left time: 161.9676s
	iters: 500, epoch: 3 | loss: 0.4546784
	speed: 0.0170s/iter; left time: 146.1441s
	iters: 600, epoch: 3 | loss: 0.3126474
	speed: 0.0164s/iter; left time: 139.7255s
	iters: 700, epoch: 3 | loss: 0.3597274
	speed: 0.0167s/iter; left time: 140.3404s
	iters: 800, epoch: 3 | loss: 0.3522820
	speed: 0.0126s/iter; left time: 105.1393s
	iters: 900, epoch: 3 | loss: 0.3626102
	speed: 0.0136s/iter; left time: 111.7256s
	iters: 1000, epoch: 3 | loss: 1.3069139
	speed: 0.0157s/iter; left time: 127.6193s
	iters: 1100, epoch: 3 | loss: 0.3332565
	speed: 0.0141s/iter; left time: 112.7970s
Epoch: 3 cost time: 18.869788885116577
Epoch: 3, Steps: 1140 | Train Loss: 0.4706581 Vali Loss: 0.3969230 Test Loss: 0.1558574
Validation loss decreased (0.386974 --> 0.396923).  Saving model ...
Updating learning rate to 0.0003969463130731183
	iters: 100, epoch: 4 | loss: 0.3568863
	speed: 0.0706s/iter; left time: 556.4752s
	iters: 200, epoch: 4 | loss: 0.2929546
	speed: 0.0155s/iter; left time: 120.7968s
	iters: 300, epoch: 4 | loss: 0.3470632
	speed: 0.0182s/iter; left time: 139.4351s
	iters: 400, epoch: 4 | loss: 0.3500764
	speed: 0.0205s/iter; left time: 155.1919s
	iters: 500, epoch: 4 | loss: 0.3254694
	speed: 0.0177s/iter; left time: 132.5259s
	iters: 600, epoch: 4 | loss: 0.2671811
	speed: 0.0178s/iter; left time: 131.4943s
	iters: 700, epoch: 4 | loss: 0.3850316
	speed: 0.0187s/iter; left time: 136.2956s
	iters: 800, epoch: 4 | loss: 1.3932706
	speed: 0.0185s/iter; left time: 133.0449s
	iters: 900, epoch: 4 | loss: 0.3865943
	speed: 0.0183s/iter; left time: 129.5626s
	iters: 1000, epoch: 4 | loss: 0.5287424
	speed: 0.0198s/iter; left time: 138.2072s
	iters: 1100, epoch: 4 | loss: 0.3376390
	speed: 0.0191s/iter; left time: 131.5877s
Epoch: 4 cost time: 20.868826150894165
Epoch: 4, Steps: 1140 | Train Loss: 0.4598529 Vali Loss: 0.3934528 Test Loss: 0.1493118
Validation loss decreased (0.396923 --> 0.393453).  Saving model ...
Updating learning rate to 0.00032725424859373687
	iters: 100, epoch: 5 | loss: 0.5279487
	speed: 0.0774s/iter; left time: 521.6663s
	iters: 200, epoch: 5 | loss: 0.4284784
	speed: 0.0184s/iter; left time: 122.1070s
	iters: 300, epoch: 5 | loss: 0.2822168
	speed: 0.0183s/iter; left time: 119.9403s
	iters: 400, epoch: 5 | loss: 0.9306483
	speed: 0.0207s/iter; left time: 133.4483s
	iters: 500, epoch: 5 | loss: 1.1803845
	speed: 0.0186s/iter; left time: 117.8908s
	iters: 600, epoch: 5 | loss: 0.5146684
	speed: 0.0184s/iter; left time: 114.7937s
	iters: 700, epoch: 5 | loss: 0.3404439
	speed: 0.0196s/iter; left time: 120.3745s
	iters: 800, epoch: 5 | loss: 1.3102210
	speed: 0.0194s/iter; left time: 117.0869s
	iters: 900, epoch: 5 | loss: 0.3963860
	speed: 0.0181s/iter; left time: 107.7059s
	iters: 1000, epoch: 5 | loss: 0.3436642
	speed: 0.0189s/iter; left time: 110.4643s
	iters: 1100, epoch: 5 | loss: 0.3590584
	speed: 0.0190s/iter; left time: 108.8162s
Epoch: 5 cost time: 21.621501684188843
Epoch: 5, Steps: 1140 | Train Loss: 0.4507682 Vali Loss: 0.3967370 Test Loss: 0.1503343
Validation loss decreased (0.393453 --> 0.396737).  Saving model ...
Updating learning rate to 0.00025
	iters: 100, epoch: 6 | loss: 0.4862660
	speed: 0.0744s/iter; left time: 416.6517s
	iters: 200, epoch: 6 | loss: 0.3313044
	speed: 0.0164s/iter; left time: 90.3371s
	iters: 300, epoch: 6 | loss: 0.3427997
	speed: 0.0174s/iter; left time: 93.8226s
	iters: 400, epoch: 6 | loss: 0.3734555
	speed: 0.0135s/iter; left time: 71.6087s
	iters: 500, epoch: 6 | loss: 0.3259433
	speed: 0.0179s/iter; left time: 92.9240s
	iters: 600, epoch: 6 | loss: 0.3632951
	speed: 0.0145s/iter; left time: 74.0898s
	iters: 700, epoch: 6 | loss: 0.3192941
	speed: 0.0157s/iter; left time: 78.3119s
	iters: 800, epoch: 6 | loss: 0.2967659
	speed: 0.0125s/iter; left time: 61.2112s
	iters: 900, epoch: 6 | loss: 0.3154456
	speed: 0.0152s/iter; left time: 73.2049s
	iters: 1000, epoch: 6 | loss: 0.3342364
	speed: 0.0172s/iter; left time: 80.9177s
	iters: 1100, epoch: 6 | loss: 0.3728091
	speed: 0.0149s/iter; left time: 68.7749s
Epoch: 6 cost time: 17.868221044540405
Epoch: 6, Steps: 1140 | Train Loss: 0.4434617 Vali Loss: 0.4072469 Test Loss: 0.1538579
Validation loss decreased (0.396737 --> 0.407247).  Saving model ...
Updating learning rate to 0.00017274575140626317
	iters: 100, epoch: 7 | loss: 0.2853678
	speed: 0.0711s/iter; left time: 317.2235s
	iters: 200, epoch: 7 | loss: 0.2644333
	speed: 0.0134s/iter; left time: 58.2582s
	iters: 300, epoch: 7 | loss: 0.3801716
	speed: 0.0216s/iter; left time: 91.8950s
	iters: 400, epoch: 7 | loss: 0.3320336
	speed: 0.0188s/iter; left time: 78.0578s
	iters: 500, epoch: 7 | loss: 0.3691799
	speed: 0.0192s/iter; left time: 78.1427s
	iters: 600, epoch: 7 | loss: 0.4480430
	speed: 0.0191s/iter; left time: 75.8400s
	iters: 700, epoch: 7 | loss: 0.3605461
	speed: 0.0193s/iter; left time: 74.7055s
	iters: 800, epoch: 7 | loss: 0.2958731
	speed: 0.0189s/iter; left time: 71.0888s
	iters: 900, epoch: 7 | loss: 0.4807788
	speed: 0.0194s/iter; left time: 71.0322s
	iters: 1000, epoch: 7 | loss: 0.3564862
	speed: 0.0185s/iter; left time: 65.7043s
	iters: 1100, epoch: 7 | loss: 0.3161134
	speed: 0.0192s/iter; left time: 66.3601s
Epoch: 7 cost time: 21.26789355278015
Epoch: 7, Steps: 1140 | Train Loss: 0.4374848 Vali Loss: 0.4148884 Test Loss: 0.1518872
Validation loss decreased (0.407247 --> 0.414888).  Saving model ...
Updating learning rate to 0.00010305368692688174
	iters: 100, epoch: 8 | loss: 0.3495198
	speed: 0.0795s/iter; left time: 264.1511s
	iters: 200, epoch: 8 | loss: 0.2985437
	speed: 0.0206s/iter; left time: 66.3847s
	iters: 300, epoch: 8 | loss: 0.3692011
	speed: 0.0201s/iter; left time: 62.7849s
	iters: 400, epoch: 8 | loss: 0.3185663
	speed: 0.0183s/iter; left time: 55.1506s
	iters: 500, epoch: 8 | loss: 0.2930975
	speed: 0.0199s/iter; left time: 58.2406s
	iters: 600, epoch: 8 | loss: 0.4975558
	speed: 0.0224s/iter; left time: 63.1507s
	iters: 700, epoch: 8 | loss: 0.2805239
	speed: 0.0212s/iter; left time: 57.8196s
	iters: 800, epoch: 8 | loss: 0.3332571
	speed: 0.0192s/iter; left time: 50.2396s
	iters: 900, epoch: 8 | loss: 0.3135782
	speed: 0.0192s/iter; left time: 48.4412s
	iters: 1000, epoch: 8 | loss: 0.3071659
	speed: 0.0177s/iter; left time: 42.9519s
	iters: 1100, epoch: 8 | loss: 0.2686242
	speed: 0.0181s/iter; left time: 41.9050s
Epoch: 8 cost time: 22.48017168045044
Epoch: 8, Steps: 1140 | Train Loss: 0.4323142 Vali Loss: 0.4104354 Test Loss: 0.1525091
Validation loss decreased (0.414888 --> 0.410435).  Saving model ...
Updating learning rate to 4.7745751406263163e-05
	iters: 100, epoch: 9 | loss: 0.3621997
	speed: 0.0683s/iter; left time: 148.8887s
	iters: 200, epoch: 9 | loss: 0.3244259
	speed: 0.0161s/iter; left time: 33.5489s
	iters: 300, epoch: 9 | loss: 0.2775948
	speed: 0.0174s/iter; left time: 34.4342s
	iters: 400, epoch: 9 | loss: 0.3294996
	speed: 0.0178s/iter; left time: 33.4762s
	iters: 500, epoch: 9 | loss: 0.3649205
	speed: 0.0169s/iter; left time: 30.0803s
	iters: 600, epoch: 9 | loss: 0.3049970
	speed: 0.0175s/iter; left time: 29.4053s
	iters: 700, epoch: 9 | loss: 1.2594492
	speed: 0.0154s/iter; left time: 24.3187s
	iters: 800, epoch: 9 | loss: 0.3951762
	speed: 0.0170s/iter; left time: 25.2473s
	iters: 900, epoch: 9 | loss: 0.2812274
	speed: 0.0144s/iter; left time: 19.8486s
	iters: 1000, epoch: 9 | loss: 0.2609827
	speed: 0.0122s/iter; left time: 15.5861s
	iters: 1100, epoch: 9 | loss: 0.2769095
	speed: 0.0144s/iter; left time: 17.0104s
Epoch: 9 cost time: 18.52111291885376
Epoch: 9, Steps: 1140 | Train Loss: 0.4291255 Vali Loss: 0.4090880 Test Loss: 0.1512843
Validation loss decreased (0.410435 --> 0.409088).  Saving model ...
Updating learning rate to 1.2235870926211617e-05
	iters: 100, epoch: 10 | loss: 0.4237417
	speed: 0.0693s/iter; left time: 72.1158s
	iters: 200, epoch: 10 | loss: 0.2904956
	speed: 0.0213s/iter; left time: 20.0260s
	iters: 300, epoch: 10 | loss: 0.3491297
	speed: 0.0179s/iter; left time: 15.0289s
	iters: 400, epoch: 10 | loss: 1.2715775
	speed: 0.0177s/iter; left time: 13.0970s
	iters: 500, epoch: 10 | loss: 0.2562861
	speed: 0.0179s/iter; left time: 11.4898s
	iters: 600, epoch: 10 | loss: 0.5073087
	speed: 0.0180s/iter; left time: 9.7313s
	iters: 700, epoch: 10 | loss: 0.3343684
	speed: 0.0184s/iter; left time: 8.1135s
	iters: 800, epoch: 10 | loss: 0.3083577
	speed: 0.0191s/iter; left time: 6.5011s
	iters: 900, epoch: 10 | loss: 0.3787280
	speed: 0.0178s/iter; left time: 4.2995s
	iters: 1000, epoch: 10 | loss: 1.4721717
	speed: 0.0197s/iter; left time: 2.7711s
	iters: 1100, epoch: 10 | loss: 0.2660800
	speed: 0.0174s/iter; left time: 0.7144s
Epoch: 10 cost time: 21.040562391281128
Epoch: 10, Steps: 1140 | Train Loss: 0.4272856 Vali Loss: 0.4131100 Test Loss: 0.1528107
Validation loss decreased (0.409088 --> 0.413110).  Saving model ...
Updating learning rate to 0.0
>>>>>>>testing : long_term_forecast_weather_336_96_None_patch6_b1.0_TimeFilter_custom_addlossNone_numpairsmax_patchlen16_alpha1.0_beta0.1<<<<<<<<<<<<<<<<<<<<<<<<<<<<<<<<<
test 10444
mse:0.15299707651138306, mae:0.2017119973897934
================================================================================
Model Profiling Summary
Total Params             : 264,260
Inference Time (s)       : 0.010789
GPU Mem Footprint (MB)   : 25.49
Peak Mem (MB)            : 64.19
================================================================================
Deleted model checkpoint at: ./checkpoints/long_term_forecast_weather_336_96_None_patch6_b1.0_TimeFilter_custom_addlossNone_numpairsmax_patchlen16_alpha1.0_beta0.1/checkpoint.pth
[OK] TimeFilter | seq_len=336 | pred_len=96 | mse=0.153 | mae=0.202
======================================================
Running | model=TimeFilter | table_name=CvLoss | seq_len=336 | pred_len=192 | add_loss=fcv
======================================================
Args in experiment:
[1mBasic Config[0m
  Task Name:          long_term_forecast  Is Training:        2                   
  Model ID:           weather_336_192_fcv_patch6_b1.0Model:              TimeFilter          

[1mData Loader[0m
  Data:               custom              Root Path:          ./data              
  Data Path:          weather.csv         Features:           M                   
  Target:             OT                  Freq:               h                   
  Checkpoints:        ./checkpoints/      

[1mForecasting Task[0m
  Seq Len:            336                 Label Len:          48                  
  Pred Len:           192                 Seasonal Patterns:  Monthly             
  Inverse:            0                   

[1mModel Parameters[0m
  Top k:              5                   Num Kernels:        6                   
  Enc In:             21                  Dec In:             21                  
  C Out:              21                  d model:            128                 
  n heads:            4                   e layers:           2                   
  d layers:           1                   d FF:               256                 
  Moving Avg:         25                  Factor:             3                   
  Distil:             1                   Dropout:            0.3                 
  Embed:              timeF               Activation:         gelu                
  Output Attention:   0                   

[1mRun Parameters[0m
  Num Workers:        1                   Itr:                1                   
  Train Epochs:       10                  Batch Size:         32                  
  Patience:           3                   Learning Rate:      0.0005              
  Des:                Exp                 Loss:               MSE                 
  Lradj:              cosine              Use Amp:            0                   

[1mGPU[0m
  Use GPU:            1                   GPU:                0                   
  Use Multi GPU:      0                   Devices:            0,1,2,3             

[1mDe-stationary Projector Params[0m
  P Hidden Dims:      128, 128            P Hidden Layers:    2                   

Use GPU: cuda:0
>>>>>>>start training : long_term_forecast_weather_336_192_fcv_patch6_b1.0_TimeFilter_custom_addlossfcv_numpairsmax_patchlen6_alpha0.0_beta1.0>>>>>>>>>>>>>>>>>>>>>>>>>>
train 36360
val 5079
test 10348
	iters: 100, epoch: 1 | loss: 0.6329130
	speed: 0.0626s/iter; left time: 705.2324s
	iters: 200, epoch: 1 | loss: 0.6296412
	speed: 0.0386s/iter; left time: 430.8531s
	iters: 300, epoch: 1 | loss: 0.6202747
	speed: 0.0356s/iter; left time: 393.8698s
	iters: 400, epoch: 1 | loss: 0.6543336
	speed: 0.0361s/iter; left time: 395.6208s
	iters: 500, epoch: 1 | loss: 0.6597428
	speed: 0.0357s/iter; left time: 388.2492s
	iters: 600, epoch: 1 | loss: 0.6530615
	speed: 0.0368s/iter; left time: 396.1814s
	iters: 700, epoch: 1 | loss: 0.5872257
	speed: 0.0348s/iter; left time: 371.7463s
	iters: 800, epoch: 1 | loss: 0.6211597
	speed: 0.0366s/iter; left time: 386.7237s
	iters: 900, epoch: 1 | loss: 0.6082289
	speed: 0.0335s/iter; left time: 350.6543s
	iters: 1000, epoch: 1 | loss: 0.5566115
	speed: 0.0390s/iter; left time: 404.5190s
	iters: 1100, epoch: 1 | loss: 0.6155981
	speed: 0.0395s/iter; left time: 405.7546s
Epoch: 1 cost time: 43.68034815788269
Epoch: 1, Steps: 1137 | Train Loss: 0.6213036 Vali Loss: 0.4440645 Test Loss: 0.1874290
Validation loss decreased (inf --> 0.444065).  Saving model ...
Updating learning rate to 0.0004877641290737884
	iters: 100, epoch: 2 | loss: 0.5856904
	speed: 0.1072s/iter; left time: 1086.0107s
	iters: 200, epoch: 2 | loss: 0.6043429
	speed: 0.0391s/iter; left time: 392.6725s
	iters: 300, epoch: 2 | loss: 0.5982725
	speed: 0.0398s/iter; left time: 395.2984s
	iters: 400, epoch: 2 | loss: 0.5616324
	speed: 0.0386s/iter; left time: 379.8268s
	iters: 500, epoch: 2 | loss: 0.6233191
	speed: 0.0396s/iter; left time: 385.8505s
	iters: 600, epoch: 2 | loss: 0.6772068
	speed: 0.0389s/iter; left time: 374.9559s
	iters: 700, epoch: 2 | loss: 0.5863311
	speed: 0.0387s/iter; left time: 369.3771s
	iters: 800, epoch: 2 | loss: 0.6118254
	speed: 0.0399s/iter; left time: 376.2999s
	iters: 900, epoch: 2 | loss: 0.5401680
	speed: 0.0399s/iter; left time: 372.0548s
	iters: 1000, epoch: 2 | loss: 0.5563337
	speed: 0.0354s/iter; left time: 327.2404s
	iters: 1100, epoch: 2 | loss: 0.5825788
	speed: 0.0367s/iter; left time: 335.3787s
Epoch: 2 cost time: 44.201083183288574
Epoch: 2, Steps: 1137 | Train Loss: 0.5801369 Vali Loss: 0.4689485 Test Loss: 0.1967853
Validation loss decreased (0.444065 --> 0.468949).  Saving model ...
Updating learning rate to 0.0004522542485937369
	iters: 100, epoch: 3 | loss: 0.5577528
	speed: 0.1025s/iter; left time: 921.9195s
	iters: 200, epoch: 3 | loss: 0.5612924
	speed: 0.0374s/iter; left time: 332.8800s
	iters: 300, epoch: 3 | loss: 0.5741162
	speed: 0.0337s/iter; left time: 296.1144s
	iters: 400, epoch: 3 | loss: 0.5482187
	speed: 0.0417s/iter; left time: 362.7880s
	iters: 500, epoch: 3 | loss: 0.5648292
	speed: 0.0396s/iter; left time: 340.3966s
	iters: 600, epoch: 3 | loss: 0.5398936
	speed: 0.0402s/iter; left time: 341.4703s
	iters: 700, epoch: 3 | loss: 0.5412546
	speed: 0.0396s/iter; left time: 332.7717s
	iters: 800, epoch: 3 | loss: 0.5636149
	speed: 0.0389s/iter; left time: 322.6802s
	iters: 900, epoch: 3 | loss: 0.5507991
	speed: 0.0394s/iter; left time: 322.5948s
	iters: 1000, epoch: 3 | loss: 0.5921628
	speed: 0.0379s/iter; left time: 306.6043s
	iters: 1100, epoch: 3 | loss: 0.5026153
	speed: 0.0388s/iter; left time: 310.2168s
Epoch: 3 cost time: 44.05282950401306
Epoch: 3, Steps: 1137 | Train Loss: 0.5612673 Vali Loss: 0.4850561 Test Loss: 0.1974797
Validation loss decreased (0.468949 --> 0.485056).  Saving model ...
Updating learning rate to 0.0003969463130731183
	iters: 100, epoch: 4 | loss: 0.5707306
	speed: 0.1141s/iter; left time: 896.6067s
	iters: 200, epoch: 4 | loss: 0.5397298
	speed: 0.0387s/iter; left time: 300.4786s
	iters: 300, epoch: 4 | loss: 0.5706660
	speed: 0.0363s/iter; left time: 278.3381s
	iters: 400, epoch: 4 | loss: 0.5420900
	speed: 0.0341s/iter; left time: 257.8903s
	iters: 500, epoch: 4 | loss: 0.5673283
	speed: 0.0347s/iter; left time: 258.5535s
	iters: 600, epoch: 4 | loss: 0.5657781
	speed: 0.0360s/iter; left time: 264.7179s
	iters: 700, epoch: 4 | loss: 0.5493035
	speed: 0.0340s/iter; left time: 246.7148s
	iters: 800, epoch: 4 | loss: 0.5474374
	speed: 0.0344s/iter; left time: 246.1231s
	iters: 900, epoch: 4 | loss: 0.5184501
	speed: 0.0381s/iter; left time: 269.1701s
	iters: 1000, epoch: 4 | loss: 0.5264774
	speed: 0.0333s/iter; left time: 231.6443s
	iters: 1100, epoch: 4 | loss: 0.5594097
	speed: 0.0429s/iter; left time: 294.3620s
Epoch: 4 cost time: 41.89636540412903
Epoch: 4, Steps: 1137 | Train Loss: 0.5471684 Vali Loss: 0.4779616 Test Loss: 0.1992395
Validation loss decreased (0.485056 --> 0.477962).  Saving model ...
Updating learning rate to 0.00032725424859373687
	iters: 100, epoch: 5 | loss: 0.5252646
	speed: 0.1110s/iter; left time: 746.5514s
	iters: 200, epoch: 5 | loss: 0.5375844
	speed: 0.0391s/iter; left time: 259.0902s
	iters: 300, epoch: 5 | loss: 0.5822351
	speed: 0.0394s/iter; left time: 257.0278s
	iters: 400, epoch: 5 | loss: 0.5497607
	speed: 0.0404s/iter; left time: 259.6290s
	iters: 500, epoch: 5 | loss: 0.5150688
	speed: 0.0388s/iter; left time: 245.2404s
	iters: 600, epoch: 5 | loss: 0.5205323
	speed: 0.0387s/iter; left time: 240.8369s
	iters: 700, epoch: 5 | loss: 0.5527640
	speed: 0.0392s/iter; left time: 239.7396s
	iters: 800, epoch: 5 | loss: 0.5371104
	speed: 0.0374s/iter; left time: 225.0412s
	iters: 900, epoch: 5 | loss: 0.5562995
	speed: 0.0398s/iter; left time: 235.5465s
	iters: 1000, epoch: 5 | loss: 0.5807938
	speed: 0.0363s/iter; left time: 211.4304s
	iters: 1100, epoch: 5 | loss: 0.5437285
	speed: 0.0380s/iter; left time: 217.3386s
Epoch: 5 cost time: 43.96741008758545
Epoch: 5, Steps: 1137 | Train Loss: 0.5363412 Vali Loss: 0.4964437 Test Loss: 0.2048952
Validation loss decreased (0.477962 --> 0.496444).  Saving model ...
Updating learning rate to 0.00025
	iters: 100, epoch: 6 | loss: 0.5739139
	speed: 0.1040s/iter; left time: 580.7190s
	iters: 200, epoch: 6 | loss: 0.5168595
	speed: 0.0336s/iter; left time: 184.3438s
	iters: 300, epoch: 6 | loss: 0.4631291
	speed: 0.0366s/iter; left time: 197.3547s
	iters: 400, epoch: 6 | loss: 0.5609848
	speed: 0.0345s/iter; left time: 182.2300s
	iters: 500, epoch: 6 | loss: 0.5326619
	speed: 0.0414s/iter; left time: 214.7030s
	iters: 600, epoch: 6 | loss: 0.5603608
	speed: 0.0391s/iter; left time: 199.1036s
	iters: 700, epoch: 6 | loss: 0.5135520
	speed: 0.0402s/iter; left time: 200.4301s
	iters: 800, epoch: 6 | loss: 0.5136394
	speed: 0.0392s/iter; left time: 191.7712s
	iters: 900, epoch: 6 | loss: 0.5507292
	speed: 0.0398s/iter; left time: 190.5223s
	iters: 1000, epoch: 6 | loss: 0.4923251
	speed: 0.0393s/iter; left time: 183.9842s
	iters: 1100, epoch: 6 | loss: 0.5686138
	speed: 0.0391s/iter; left time: 179.4569s
Epoch: 6 cost time: 43.57908272743225
Epoch: 6, Steps: 1137 | Train Loss: 0.5274991 Vali Loss: 0.4932836 Test Loss: 0.2025979
Validation loss decreased (0.496444 --> 0.493284).  Saving model ...
Updating learning rate to 0.00017274575140626317
	iters: 100, epoch: 7 | loss: 0.5296977
	speed: 0.1124s/iter; left time: 500.0491s
	iters: 200, epoch: 7 | loss: 0.5318511
	speed: 0.0395s/iter; left time: 171.8538s
	iters: 300, epoch: 7 | loss: 0.5094817
	speed: 0.0385s/iter; left time: 163.5640s
	iters: 400, epoch: 7 | loss: 0.5431181
	speed: 0.0364s/iter; left time: 151.0986s
	iters: 500, epoch: 7 | loss: 0.5346134
	speed: 0.0367s/iter; left time: 148.4632s
	iters: 600, epoch: 7 | loss: 0.5479934
	speed: 0.0387s/iter; left time: 152.9607s
	iters: 700, epoch: 7 | loss: 0.5300202
	speed: 0.0343s/iter; left time: 131.8539s
	iters: 800, epoch: 7 | loss: 0.4851344
	speed: 0.0364s/iter; left time: 136.3340s
	iters: 900, epoch: 7 | loss: 0.4905696
	speed: 0.0385s/iter; left time: 140.3902s
	iters: 1000, epoch: 7 | loss: 0.5082036
	speed: 0.0336s/iter; left time: 119.1533s
	iters: 1100, epoch: 7 | loss: 0.5214819
	speed: 0.0395s/iter; left time: 136.3035s
Epoch: 7 cost time: 42.777591705322266
Epoch: 7, Steps: 1137 | Train Loss: 0.5201847 Vali Loss: 0.4968978 Test Loss: 0.2092574
Validation loss decreased (0.493284 --> 0.496898).  Saving model ...
Updating learning rate to 0.00010305368692688174
	iters: 100, epoch: 8 | loss: 0.5599152
	speed: 0.1135s/iter; left time: 375.7707s
	iters: 200, epoch: 8 | loss: 0.5030889
	speed: 0.0380s/iter; left time: 122.1038s
	iters: 300, epoch: 8 | loss: 0.5121984
	speed: 0.0396s/iter; left time: 123.3840s
	iters: 400, epoch: 8 | loss: 0.4968339
	speed: 0.0393s/iter; left time: 118.3303s
	iters: 500, epoch: 8 | loss: 0.4712162
	speed: 0.0395s/iter; left time: 115.1676s
	iters: 600, epoch: 8 | loss: 0.4998061
	speed: 0.0387s/iter; left time: 108.9281s
	iters: 700, epoch: 8 | loss: 0.5140100
	speed: 0.0395s/iter; left time: 107.1673s
	iters: 800, epoch: 8 | loss: 0.5224121
	speed: 0.0389s/iter; left time: 101.6481s
	iters: 900, epoch: 8 | loss: 0.5166070
	speed: 0.0385s/iter; left time: 96.6704s
	iters: 1000, epoch: 8 | loss: 0.5538937
	speed: 0.0357s/iter; left time: 86.0110s
	iters: 1100, epoch: 8 | loss: 0.4941426
	speed: 0.0382s/iter; left time: 88.3383s
Epoch: 8 cost time: 44.03000593185425
Epoch: 8, Steps: 1137 | Train Loss: 0.5152453 Vali Loss: 0.4947600 Test Loss: 0.2090472
Validation loss decreased (0.496898 --> 0.494760).  Saving model ...
Updating learning rate to 4.7745751406263163e-05
	iters: 100, epoch: 9 | loss: 0.4788201
	speed: 0.1044s/iter; left time: 227.0163s
	iters: 200, epoch: 9 | loss: 0.4783768
	speed: 0.0334s/iter; left time: 69.2299s
	iters: 300, epoch: 9 | loss: 0.5011379
	speed: 0.0382s/iter; left time: 75.3642s
	iters: 400, epoch: 9 | loss: 0.4894712
	speed: 0.0357s/iter; left time: 66.8977s
	iters: 500, epoch: 9 | loss: 0.5299377
	speed: 0.0430s/iter; left time: 76.3558s
	iters: 600, epoch: 9 | loss: 0.5703809
	speed: 0.0388s/iter; left time: 65.0357s
	iters: 700, epoch: 9 | loss: 0.5154099
	speed: 0.0396s/iter; left time: 62.3103s
	iters: 800, epoch: 9 | loss: 0.5131167
	speed: 0.0385s/iter; left time: 56.8142s
	iters: 900, epoch: 9 | loss: 0.5031384
	speed: 0.0387s/iter; left time: 53.1788s
	iters: 1000, epoch: 9 | loss: 0.5030488
	speed: 0.0386s/iter; left time: 49.2148s
	iters: 1100, epoch: 9 | loss: 0.4982645
	speed: 0.0411s/iter; left time: 48.2485s
Epoch: 9 cost time: 43.69371271133423
Epoch: 9, Steps: 1137 | Train Loss: 0.5113169 Vali Loss: 0.4957546 Test Loss: 0.2078038
Validation loss decreased (0.494760 --> 0.495755).  Saving model ...
Updating learning rate to 1.2235870926211617e-05
	iters: 100, epoch: 10 | loss: 0.5545349
	speed: 0.1141s/iter; left time: 118.4250s
	iters: 200, epoch: 10 | loss: 0.4786506
	speed: 0.0391s/iter; left time: 36.6832s
	iters: 300, epoch: 10 | loss: 0.4724964
	speed: 0.0385s/iter; left time: 32.2382s
	iters: 400, epoch: 10 | loss: 0.5275532
	speed: 0.0366s/iter; left time: 26.9969s
	iters: 500, epoch: 10 | loss: 0.5350313
	speed: 0.0384s/iter; left time: 24.5237s
	iters: 600, epoch: 10 | loss: 0.4810778
	speed: 0.0370s/iter; left time: 19.8856s
	iters: 700, epoch: 10 | loss: 0.4632253
	speed: 0.0353s/iter; left time: 15.4744s
	iters: 800, epoch: 10 | loss: 0.5231876
	speed: 0.0367s/iter; left time: 12.4072s
	iters: 900, epoch: 10 | loss: 0.5050527
	speed: 0.0359s/iter; left time: 8.5536s
	iters: 1000, epoch: 10 | loss: 0.5119810
	speed: 0.0326s/iter; left time: 4.5039s
	iters: 1100, epoch: 10 | loss: 0.4950584
	speed: 0.0405s/iter; left time: 1.5380s
Epoch: 10 cost time: 42.54474353790283
Epoch: 10, Steps: 1137 | Train Loss: 0.5098833 Vali Loss: 0.5008001 Test Loss: 0.2088922
Validation loss decreased (0.495755 --> 0.500800).  Saving model ...
Updating learning rate to 0.0
>>>>>>>testing : long_term_forecast_weather_336_192_fcv_patch6_b1.0_TimeFilter_custom_addlossfcv_numpairsmax_patchlen6_alpha0.0_beta1.0<<<<<<<<<<<<<<<<<<<<<<<<<<<<<<<<<
test 10348
mse:0.20922063291072845, mae:0.24113012850284576
================================================================================
Model Profiling Summary
Total Params             : 350,372
Inference Time (s)       : 0.005632
GPU Mem Footprint (MB)   : 26.93
Peak Mem (MB)            : 65.38
================================================================================
Deleted model checkpoint at: ./checkpoints/long_term_forecast_weather_336_192_fcv_patch6_b1.0_TimeFilter_custom_addlossfcv_numpairsmax_patchlen6_alpha0.0_beta1.0/checkpoint.pth
[OK] CvLoss | seq_len=336 | pred_len=192 | mse=0.209 | mae=0.241
======================================================
Running | model=TimeFilter | table_name=TimeFilter | seq_len=336 | pred_len=192 | add_loss=None
======================================================
Args in experiment:
[1mBasic Config[0m
  Task Name:          long_term_forecast  Is Training:        2                   
  Model ID:           weather_336_192_None_patch6_b1.0Model:              TimeFilter          

[1mData Loader[0m
  Data:               custom              Root Path:          ./data              
  Data Path:          weather.csv         Features:           M                   
  Target:             OT                  Freq:               h                   
  Checkpoints:        ./checkpoints/      

[1mForecasting Task[0m
  Seq Len:            336                 Label Len:          48                  
  Pred Len:           192                 Seasonal Patterns:  Monthly             
  Inverse:            0                   

[1mModel Parameters[0m
  Top k:              5                   Num Kernels:        6                   
  Enc In:             21                  Dec In:             21                  
  C Out:              21                  d model:            128                 
  n heads:            4                   e layers:           2                   
  d layers:           1                   d FF:               256                 
  Moving Avg:         25                  Factor:             3                   
  Distil:             1                   Dropout:            0.3                 
  Embed:              timeF               Activation:         gelu                
  Output Attention:   0                   

[1mRun Parameters[0m
  Num Workers:        1                   Itr:                1                   
  Train Epochs:       10                  Batch Size:         32                  
  Patience:           3                   Learning Rate:      0.0005              
  Des:                Exp                 Loss:               MSE                 
  Lradj:              cosine              Use Amp:            0                   

[1mGPU[0m
  Use GPU:            1                   GPU:                0                   
  Use Multi GPU:      0                   Devices:            0,1,2,3             

[1mDe-stationary Projector Params[0m
  P Hidden Dims:      128, 128            P Hidden Layers:    2                   

Use GPU: cuda:0
>>>>>>>start training : long_term_forecast_weather_336_192_None_patch6_b1.0_TimeFilter_custom_addlossNone_numpairsmax_patchlen16_alpha1.0_beta0.1>>>>>>>>>>>>>>>>>>>>>>>>>>
train 36360
val 5079
test 10348
	iters: 100, epoch: 1 | loss: 0.4554609
	speed: 0.0435s/iter; left time: 490.3219s
	iters: 200, epoch: 1 | loss: 0.5434415
	speed: 0.0194s/iter; left time: 217.1722s
	iters: 300, epoch: 1 | loss: 0.5047035
	speed: 0.0183s/iter; left time: 202.0831s
	iters: 400, epoch: 1 | loss: 0.5400040
	speed: 0.0187s/iter; left time: 204.7203s
	iters: 500, epoch: 1 | loss: 0.9503765
	speed: 0.0202s/iter; left time: 219.5991s
	iters: 600, epoch: 1 | loss: 0.5911027
	speed: 0.0215s/iter; left time: 231.4991s
	iters: 700, epoch: 1 | loss: 0.4051068
	speed: 0.0217s/iter; left time: 231.5167s
	iters: 800, epoch: 1 | loss: 0.5219079
	speed: 0.0206s/iter; left time: 218.0186s
	iters: 900, epoch: 1 | loss: 0.5470927
	speed: 0.0205s/iter; left time: 214.5261s
	iters: 1000, epoch: 1 | loss: 0.4082817
	speed: 0.0201s/iter; left time: 208.6522s
	iters: 1100, epoch: 1 | loss: 0.9500896
	speed: 0.0203s/iter; left time: 208.3710s
Epoch: 1 cost time: 24.384768962860107
Epoch: 1, Steps: 1137 | Train Loss: 0.5742325 Vali Loss: 0.4465683 Test Loss: 0.1922518
Validation loss decreased (inf --> 0.446568).  Saving model ...
Updating learning rate to 0.0004877641290737884
	iters: 100, epoch: 2 | loss: 0.4847861
	speed: 0.0800s/iter; left time: 810.9052s
	iters: 200, epoch: 2 | loss: 0.4668168
	speed: 0.0167s/iter; left time: 167.8102s
	iters: 300, epoch: 2 | loss: 0.9765041
	speed: 0.0169s/iter; left time: 167.5962s
	iters: 400, epoch: 2 | loss: 0.4794266
	speed: 0.0134s/iter; left time: 131.9357s
	iters: 500, epoch: 2 | loss: 0.5163783
	speed: 0.0128s/iter; left time: 124.3398s
	iters: 600, epoch: 2 | loss: 0.6308933
	speed: 0.0134s/iter; left time: 129.2590s
	iters: 700, epoch: 2 | loss: 0.4731728
	speed: 0.0169s/iter; left time: 160.6531s
	iters: 800, epoch: 2 | loss: 0.5269355
	speed: 0.0136s/iter; left time: 128.7036s
	iters: 900, epoch: 2 | loss: 0.3647171
	speed: 0.0135s/iter; left time: 125.8383s
	iters: 1000, epoch: 2 | loss: 0.4049029
	speed: 0.0207s/iter; left time: 191.3980s
	iters: 1100, epoch: 2 | loss: 0.8944405
	speed: 0.0142s/iter; left time: 130.1560s
Epoch: 2 cost time: 17.867101907730103
Epoch: 2, Steps: 1137 | Train Loss: 0.5318144 Vali Loss: 0.4628057 Test Loss: 0.2000657
Validation loss decreased (0.446568 --> 0.462806).  Saving model ...
Updating learning rate to 0.0004522542485937369
	iters: 100, epoch: 3 | loss: 0.3690090
	speed: 0.0853s/iter; left time: 767.8430s
	iters: 200, epoch: 3 | loss: 0.4704571
	speed: 0.0188s/iter; left time: 167.1125s
	iters: 300, epoch: 3 | loss: 0.5678632
	speed: 0.0184s/iter; left time: 162.1312s
	iters: 400, epoch: 3 | loss: 0.3907765
	speed: 0.0182s/iter; left time: 158.4309s
	iters: 500, epoch: 3 | loss: 0.4543256
	speed: 0.0185s/iter; left time: 159.4332s
	iters: 600, epoch: 3 | loss: 0.3899890
	speed: 0.0178s/iter; left time: 151.1312s
	iters: 700, epoch: 3 | loss: 0.7917887
	speed: 0.0180s/iter; left time: 151.0643s
	iters: 800, epoch: 3 | loss: 0.4104604
	speed: 0.0194s/iter; left time: 161.2299s
	iters: 900, epoch: 3 | loss: 0.4676979
	speed: 0.0194s/iter; left time: 159.0252s
	iters: 1000, epoch: 3 | loss: 0.4760954
	speed: 0.0185s/iter; left time: 150.1089s
	iters: 1100, epoch: 3 | loss: 0.3650448
	speed: 0.0179s/iter; left time: 143.5400s
Epoch: 3 cost time: 21.329440355300903
Epoch: 3, Steps: 1137 | Train Loss: 0.5135196 Vali Loss: 0.4699239 Test Loss: 0.2016734
Validation loss decreased (0.462806 --> 0.469924).  Saving model ...
Updating learning rate to 0.0003969463130731183
	iters: 100, epoch: 4 | loss: 0.5753952
	speed: 0.0871s/iter; left time: 684.6047s
	iters: 200, epoch: 4 | loss: 0.4298741
	speed: 0.0184s/iter; left time: 143.0427s
	iters: 300, epoch: 4 | loss: 0.9331312
	speed: 0.0178s/iter; left time: 136.4336s
	iters: 400, epoch: 4 | loss: 0.4808067
	speed: 0.0185s/iter; left time: 139.5786s
	iters: 500, epoch: 4 | loss: 0.4404986
	speed: 0.0175s/iter; left time: 130.2189s
	iters: 600, epoch: 4 | loss: 0.4400738
	speed: 0.0179s/iter; left time: 131.9285s
	iters: 700, epoch: 4 | loss: 0.4068016
	speed: 0.0185s/iter; left time: 134.5585s
	iters: 800, epoch: 4 | loss: 0.3869633
	speed: 0.0191s/iter; left time: 136.6901s
	iters: 900, epoch: 4 | loss: 0.4317386
	speed: 0.0188s/iter; left time: 132.9962s
	iters: 1000, epoch: 4 | loss: 0.4706073
	speed: 0.0152s/iter; left time: 106.1293s
	iters: 1100, epoch: 4 | loss: 0.5528619
	speed: 0.0136s/iter; left time: 93.4170s
Epoch: 4 cost time: 20.436180591583252
Epoch: 4, Steps: 1137 | Train Loss: 0.4991325 Vali Loss: 0.4753165 Test Loss: 0.2028362
Validation loss decreased (0.469924 --> 0.475316).  Saving model ...
Updating learning rate to 0.00032725424859373687
	iters: 100, epoch: 5 | loss: 0.5374675
	speed: 0.0819s/iter; left time: 550.5349s
	iters: 200, epoch: 5 | loss: 0.3997919
	speed: 0.0169s/iter; left time: 111.9554s
	iters: 300, epoch: 5 | loss: 1.4226662
	speed: 0.0127s/iter; left time: 82.8147s
	iters: 400, epoch: 5 | loss: 0.4636355
	speed: 0.0126s/iter; left time: 80.9769s
	iters: 500, epoch: 5 | loss: 0.8022841
	speed: 0.0164s/iter; left time: 103.8143s
	iters: 600, epoch: 5 | loss: 0.7456076
	speed: 0.0149s/iter; left time: 92.5074s
	iters: 700, epoch: 5 | loss: 0.4033386
	speed: 0.0130s/iter; left time: 79.6123s
	iters: 800, epoch: 5 | loss: 0.3599273
	speed: 0.0138s/iter; left time: 83.0845s
	iters: 900, epoch: 5 | loss: 0.4521559
	speed: 0.0201s/iter; left time: 119.1237s
	iters: 1000, epoch: 5 | loss: 1.0504836
	speed: 0.0149s/iter; left time: 86.5867s
	iters: 1100, epoch: 5 | loss: 0.4103101
	speed: 0.0137s/iter; left time: 78.4753s
Epoch: 5 cost time: 17.13475728034973
Epoch: 5, Steps: 1137 | Train Loss: 0.4870621 Vali Loss: 0.4927455 Test Loss: 0.2139709
Validation loss decreased (0.475316 --> 0.492746).  Saving model ...
Updating learning rate to 0.00025
	iters: 100, epoch: 6 | loss: 0.4625456
	speed: 0.0913s/iter; left time: 509.8813s
	iters: 200, epoch: 6 | loss: 0.4317028
	speed: 0.0181s/iter; left time: 99.1544s
	iters: 300, epoch: 6 | loss: 0.3016904
	speed: 0.0184s/iter; left time: 99.1806s
	iters: 400, epoch: 6 | loss: 0.8943176
	speed: 0.0197s/iter; left time: 104.1591s
	iters: 500, epoch: 6 | loss: 0.8406407
	speed: 0.0183s/iter; left time: 94.9774s
	iters: 600, epoch: 6 | loss: 0.4115970
	speed: 0.0191s/iter; left time: 97.0421s
	iters: 700, epoch: 6 | loss: 0.4373368
	speed: 0.0196s/iter; left time: 97.5344s
	iters: 800, epoch: 6 | loss: 0.3506013
	speed: 0.0185s/iter; left time: 90.1559s
	iters: 900, epoch: 6 | loss: 0.9155027
	speed: 0.0182s/iter; left time: 87.2676s
	iters: 1000, epoch: 6 | loss: 0.3823331
	speed: 0.0193s/iter; left time: 90.2514s
	iters: 1100, epoch: 6 | loss: 0.3878787
	speed: 0.0199s/iter; left time: 91.2151s
Epoch: 6 cost time: 21.625751972198486
Epoch: 6, Steps: 1137 | Train Loss: 0.4778805 Vali Loss: 0.4973741 Test Loss: 0.2110507
Validation loss decreased (0.492746 --> 0.497374).  Saving model ...
Updating learning rate to 0.00017274575140626317
	iters: 100, epoch: 7 | loss: 0.3614648
	speed: 0.0851s/iter; left time: 378.8007s
	iters: 200, epoch: 7 | loss: 0.4040948
	speed: 0.0181s/iter; left time: 78.7544s
	iters: 300, epoch: 7 | loss: 0.4301110
	speed: 0.0187s/iter; left time: 79.3533s
	iters: 400, epoch: 7 | loss: 0.7185221
	speed: 0.0202s/iter; left time: 83.9763s
	iters: 500, epoch: 7 | loss: 0.8236680
	speed: 0.0198s/iter; left time: 80.3387s
	iters: 600, epoch: 7 | loss: 0.4551458
	speed: 0.0181s/iter; left time: 71.5745s
	iters: 700, epoch: 7 | loss: 0.4754626
	speed: 0.0188s/iter; left time: 72.3572s
	iters: 800, epoch: 7 | loss: 0.3526586
	speed: 0.0168s/iter; left time: 62.7962s
	iters: 900, epoch: 7 | loss: 0.3691279
	speed: 0.0145s/iter; left time: 52.8218s
	iters: 1000, epoch: 7 | loss: 0.3645205
	speed: 0.0148s/iter; left time: 52.4455s
	iters: 1100, epoch: 7 | loss: 0.4499124
	speed: 0.0174s/iter; left time: 60.0480s
Epoch: 7 cost time: 20.308285236358643
Epoch: 7, Steps: 1137 | Train Loss: 0.4706390 Vali Loss: 0.4863367 Test Loss: 0.2108024
Validation loss decreased (0.497374 --> 0.486337).  Saving model ...
Updating learning rate to 0.00010305368692688174
	iters: 100, epoch: 8 | loss: 0.8893922
	speed: 0.0801s/iter; left time: 265.4548s
	iters: 200, epoch: 8 | loss: 0.3316932
	speed: 0.0139s/iter; left time: 44.6789s
	iters: 300, epoch: 8 | loss: 0.3368337
	speed: 0.0162s/iter; left time: 50.3611s
	iters: 400, epoch: 8 | loss: 0.4148652
	speed: 0.0125s/iter; left time: 37.7405s
	iters: 500, epoch: 8 | loss: 0.3454908
	speed: 0.0137s/iter; left time: 40.0070s
	iters: 600, epoch: 8 | loss: 0.3590472
	speed: 0.0192s/iter; left time: 53.8817s
	iters: 700, epoch: 8 | loss: 0.3356932
	speed: 0.0141s/iter; left time: 38.2767s
	iters: 800, epoch: 8 | loss: 0.3700275
	speed: 0.0134s/iter; left time: 34.8894s
	iters: 900, epoch: 8 | loss: 0.4312963
	speed: 0.0161s/iter; left time: 40.3515s
	iters: 1000, epoch: 8 | loss: 0.8704479
	speed: 0.0189s/iter; left time: 45.5435s
	iters: 1100, epoch: 8 | loss: 0.3221618
	speed: 0.0206s/iter; left time: 47.5877s
Epoch: 8 cost time: 18.266884565353394
Epoch: 8, Steps: 1137 | Train Loss: 0.4655042 Vali Loss: 0.4870299 Test Loss: 0.2159169
Validation loss decreased (0.486337 --> 0.487030).  Saving model ...
Updating learning rate to 4.7745751406263163e-05
	iters: 100, epoch: 9 | loss: 0.3288005
	speed: 0.0867s/iter; left time: 188.5385s
	iters: 200, epoch: 9 | loss: 0.3863582
	speed: 0.0183s/iter; left time: 37.9802s
	iters: 300, epoch: 9 | loss: 0.3992483
	speed: 0.0181s/iter; left time: 35.7574s
	iters: 400, epoch: 9 | loss: 0.3294877
	speed: 0.0184s/iter; left time: 34.5581s
	iters: 500, epoch: 9 | loss: 0.4619008
	speed: 0.0179s/iter; left time: 31.7004s
	iters: 600, epoch: 9 | loss: 0.4530186
	speed: 0.0194s/iter; left time: 32.4373s
	iters: 700, epoch: 9 | loss: 0.3760712
	speed: 0.0188s/iter; left time: 29.5769s
	iters: 800, epoch: 9 | loss: 0.3474442
	speed: 0.0181s/iter; left time: 26.7460s
	iters: 900, epoch: 9 | loss: 0.3422766
	speed: 0.0187s/iter; left time: 25.7317s
	iters: 1000, epoch: 9 | loss: 0.3419220
	speed: 0.0189s/iter; left time: 24.0518s
	iters: 1100, epoch: 9 | loss: 0.3684742
	speed: 0.0187s/iter; left time: 21.9795s
Epoch: 9 cost time: 21.25849962234497
Epoch: 9, Steps: 1137 | Train Loss: 0.4621917 Vali Loss: 0.4915934 Test Loss: 0.2132023
Validation loss decreased (0.487030 --> 0.491593).  Saving model ...
Updating learning rate to 1.2235870926211617e-05
	iters: 100, epoch: 10 | loss: 0.5376497
	speed: 0.0863s/iter; left time: 89.5813s
	iters: 200, epoch: 10 | loss: 0.6044483
	speed: 0.0187s/iter; left time: 17.5430s
	iters: 300, epoch: 10 | loss: 0.3294357
	speed: 0.0186s/iter; left time: 15.6086s
	iters: 400, epoch: 10 | loss: 0.4408069
	speed: 0.0190s/iter; left time: 14.0122s
	iters: 500, epoch: 10 | loss: 0.4741069
	speed: 0.0198s/iter; left time: 12.6557s
	iters: 600, epoch: 10 | loss: 0.3344074
	speed: 0.0177s/iter; left time: 9.5401s
	iters: 700, epoch: 10 | loss: 0.2844008
	speed: 0.0155s/iter; left time: 6.8022s
	iters: 800, epoch: 10 | loss: 0.3729801
	speed: 0.0171s/iter; left time: 5.7694s
	iters: 900, epoch: 10 | loss: 0.3543895
	speed: 0.0185s/iter; left time: 4.4098s
	iters: 1000, epoch: 10 | loss: 0.8665163
	speed: 0.0133s/iter; left time: 1.8300s
	iters: 1100, epoch: 10 | loss: 0.3536310
	speed: 0.0186s/iter; left time: 0.7053s
Epoch: 10 cost time: 20.25244975090027
Epoch: 10, Steps: 1137 | Train Loss: 0.4601511 Vali Loss: 0.4919110 Test Loss: 0.2151007
Validation loss decreased (0.491593 --> 0.491911).  Saving model ...
Updating learning rate to 0.0
>>>>>>>testing : long_term_forecast_weather_336_192_None_patch6_b1.0_TimeFilter_custom_addlossNone_numpairsmax_patchlen16_alpha1.0_beta0.1<<<<<<<<<<<<<<<<<<<<<<<<<<<<<<<<<
test 10348
mse:0.21540552377700806, mae:0.254834920167923
================================================================================
Model Profiling Summary
Total Params             : 350,372
Inference Time (s)       : 0.010268
GPU Mem Footprint (MB)   : 26.93
Peak Mem (MB)            : 65.38
================================================================================
Deleted model checkpoint at: ./checkpoints/long_term_forecast_weather_336_192_None_patch6_b1.0_TimeFilter_custom_addlossNone_numpairsmax_patchlen16_alpha1.0_beta0.1/checkpoint.pth
[OK] TimeFilter | seq_len=336 | pred_len=192 | mse=0.215 | mae=0.255
======================================================
Running | model=TimeFilter | table_name=CvLoss | seq_len=336 | pred_len=336 | add_loss=fcv
======================================================
Args in experiment:
[1mBasic Config[0m
  Task Name:          long_term_forecast  Is Training:        2                   
  Model ID:           weather_336_336_fcv_patch6_b0.5Model:              TimeFilter          

[1mData Loader[0m
  Data:               custom              Root Path:          ./data              
  Data Path:          weather.csv         Features:           M                   
  Target:             OT                  Freq:               h                   
  Checkpoints:        ./checkpoints/      

[1mForecasting Task[0m
  Seq Len:            336                 Label Len:          48                  
  Pred Len:           336                 Seasonal Patterns:  Monthly             
  Inverse:            0                   

[1mModel Parameters[0m
  Top k:              5                   Num Kernels:        6                   
  Enc In:             21                  Dec In:             21                  
  C Out:              21                  d model:            128                 
  n heads:            4                   e layers:           2                   
  d layers:           1                   d FF:               256                 
  Moving Avg:         25                  Factor:             3                   
  Distil:             1                   Dropout:            0.3                 
  Embed:              timeF               Activation:         gelu                
  Output Attention:   0                   

[1mRun Parameters[0m
  Num Workers:        1                   Itr:                1                   
  Train Epochs:       10                  Batch Size:         32                  
  Patience:           3                   Learning Rate:      0.0005              
  Des:                Exp                 Loss:               MSE                 
  Lradj:              cosine              Use Amp:            0                   

[1mGPU[0m
  Use GPU:            1                   GPU:                0                   
  Use Multi GPU:      0                   Devices:            0,1,2,3             

[1mDe-stationary Projector Params[0m
  P Hidden Dims:      128, 128            P Hidden Layers:    2                   

Use GPU: cuda:0
>>>>>>>start training : long_term_forecast_weather_336_336_fcv_patch6_b0.5_TimeFilter_custom_addlossfcv_numpairsmax_patchlen6_alpha0.5_beta0.5>>>>>>>>>>>>>>>>>>>>>>>>>>
train 36216
val 4935
test 10204
	iters: 100, epoch: 1 | loss: 0.6516717
	speed: 0.0674s/iter; left time: 755.7774s
	iters: 200, epoch: 1 | loss: 0.5797768
	speed: 0.0432s/iter; left time: 480.4390s
	iters: 300, epoch: 1 | loss: 0.5984426
	speed: 0.0398s/iter; left time: 438.9477s
	iters: 400, epoch: 1 | loss: 0.5666494
	speed: 0.0404s/iter; left time: 441.5502s
	iters: 500, epoch: 1 | loss: 0.5715583
	speed: 0.0402s/iter; left time: 434.9654s
	iters: 600, epoch: 1 | loss: 0.5844350
	speed: 0.0412s/iter; left time: 441.4849s
	iters: 700, epoch: 1 | loss: 0.6080458
	speed: 0.0414s/iter; left time: 439.5705s
	iters: 800, epoch: 1 | loss: 0.6151619
	speed: 0.0402s/iter; left time: 422.9091s
	iters: 900, epoch: 1 | loss: 0.5708700
	speed: 0.0421s/iter; left time: 438.8301s
	iters: 1000, epoch: 1 | loss: 0.7088511
	speed: 0.0407s/iter; left time: 420.5771s
	iters: 1100, epoch: 1 | loss: 0.7699364
	speed: 0.0429s/iter; left time: 438.4156s
Epoch: 1 cost time: 48.52088117599487
Epoch: 1, Steps: 1132 | Train Loss: 0.6547006 Vali Loss: 0.5175666 Test Loss: 0.2411516
Validation loss decreased (inf --> 0.517567).  Saving model ...
Updating learning rate to 0.0004877641290737884
	iters: 100, epoch: 2 | loss: 0.5588788
	speed: 0.1114s/iter; left time: 1123.4783s
	iters: 200, epoch: 2 | loss: 0.7177386
	speed: 0.0383s/iter; left time: 382.2087s
	iters: 300, epoch: 2 | loss: 0.6704274
	speed: 0.0403s/iter; left time: 398.4369s
	iters: 400, epoch: 2 | loss: 0.5655568
	speed: 0.0349s/iter; left time: 341.4852s
	iters: 500, epoch: 2 | loss: 0.6994115
	speed: 0.0418s/iter; left time: 404.9453s
	iters: 600, epoch: 2 | loss: 0.5854802
	speed: 0.0416s/iter; left time: 398.6599s
	iters: 700, epoch: 2 | loss: 0.7122876
	speed: 0.0428s/iter; left time: 406.5327s
	iters: 800, epoch: 2 | loss: 0.7092949
	speed: 0.0418s/iter; left time: 392.2338s
	iters: 900, epoch: 2 | loss: 0.6767356
	speed: 0.0416s/iter; left time: 386.5714s
	iters: 1000, epoch: 2 | loss: 0.6117793
	speed: 0.0409s/iter; left time: 376.0583s
	iters: 1100, epoch: 2 | loss: 0.5421132
	speed: 0.0418s/iter; left time: 379.7832s
Epoch: 2 cost time: 45.91621541976929
Epoch: 2, Steps: 1132 | Train Loss: 0.6122649 Vali Loss: 0.5362108 Test Loss: 0.2447584
Validation loss decreased (0.517567 --> 0.536211).  Saving model ...
Updating learning rate to 0.0004522542485937369
	iters: 100, epoch: 3 | loss: 0.5118450
	speed: 0.1196s/iter; left time: 1071.3975s
	iters: 200, epoch: 3 | loss: 0.6648465
	speed: 0.0413s/iter; left time: 365.5170s
	iters: 300, epoch: 3 | loss: 0.5573062
	speed: 0.0416s/iter; left time: 363.8539s
	iters: 400, epoch: 3 | loss: 0.6570459
	speed: 0.0382s/iter; left time: 330.3288s
	iters: 500, epoch: 3 | loss: 0.5549101
	speed: 0.0405s/iter; left time: 346.4473s
	iters: 600, epoch: 3 | loss: 0.5209708
	speed: 0.0412s/iter; left time: 348.1189s
	iters: 700, epoch: 3 | loss: 0.5069851
	speed: 0.0385s/iter; left time: 321.4102s
	iters: 800, epoch: 3 | loss: 0.5515128
	speed: 0.0369s/iter; left time: 305.0655s
	iters: 900, epoch: 3 | loss: 0.5771390
	speed: 0.0329s/iter; left time: 268.5648s
	iters: 1000, epoch: 3 | loss: 0.8062872
	speed: 0.0334s/iter; left time: 269.1454s
	iters: 1100, epoch: 3 | loss: 0.5528727
	speed: 0.0418s/iter; left time: 332.2969s
Epoch: 3 cost time: 44.33633780479431
Epoch: 3, Steps: 1132 | Train Loss: 0.5891386 Vali Loss: 0.5396202 Test Loss: 0.2489114
Validation loss decreased (0.536211 --> 0.539620).  Saving model ...
Updating learning rate to 0.0003969463130731183
	iters: 100, epoch: 4 | loss: 0.5277796
	speed: 0.1071s/iter; left time: 838.2480s
	iters: 200, epoch: 4 | loss: 0.7584556
	speed: 0.0371s/iter; left time: 286.8740s
	iters: 300, epoch: 4 | loss: 0.6033134
	speed: 0.0410s/iter; left time: 312.3608s
	iters: 400, epoch: 4 | loss: 0.6409392
	speed: 0.0373s/iter; left time: 280.5949s
	iters: 500, epoch: 4 | loss: 0.6735300
	speed: 0.0377s/iter; left time: 279.8275s
	iters: 600, epoch: 4 | loss: 0.5072805
	speed: 0.0380s/iter; left time: 278.6878s
	iters: 700, epoch: 4 | loss: 0.4944661
	speed: 0.0374s/iter; left time: 270.0351s
	iters: 800, epoch: 4 | loss: 0.5181292
	speed: 0.0390s/iter; left time: 277.5335s
	iters: 900, epoch: 4 | loss: 0.6410940
	speed: 0.0385s/iter; left time: 270.5859s
	iters: 1000, epoch: 4 | loss: 0.6904267
	speed: 0.0383s/iter; left time: 265.2657s
	iters: 1100, epoch: 4 | loss: 0.6077398
	speed: 0.0398s/iter; left time: 271.5517s
Epoch: 4 cost time: 43.706218957901
Epoch: 4, Steps: 1132 | Train Loss: 0.5714309 Vali Loss: 0.5564964 Test Loss: 0.2577644
Validation loss decreased (0.539620 --> 0.556496).  Saving model ...
Updating learning rate to 0.00032725424859373687
	iters: 100, epoch: 5 | loss: 0.6406223
	speed: 0.1102s/iter; left time: 737.2350s
	iters: 200, epoch: 5 | loss: 0.5233749
	speed: 0.0327s/iter; left time: 215.4104s
	iters: 300, epoch: 5 | loss: 0.5607099
	speed: 0.0413s/iter; left time: 268.4627s
	iters: 400, epoch: 5 | loss: 0.5187194
	speed: 0.0371s/iter; left time: 237.2798s
	iters: 500, epoch: 5 | loss: 0.5919012
	speed: 0.0448s/iter; left time: 281.8883s
	iters: 600, epoch: 5 | loss: 0.5154490
	speed: 0.0415s/iter; left time: 257.0141s
	iters: 700, epoch: 5 | loss: 0.5172684
	speed: 0.0422s/iter; left time: 257.3716s
	iters: 800, epoch: 5 | loss: 0.4694544
	speed: 0.0398s/iter; left time: 238.3821s
	iters: 900, epoch: 5 | loss: 0.7743123
	speed: 0.0410s/iter; left time: 241.7164s
	iters: 1000, epoch: 5 | loss: 0.5019368
	speed: 0.0420s/iter; left time: 243.1743s
	iters: 1100, epoch: 5 | loss: 0.5651184
	speed: 0.0404s/iter; left time: 229.9987s
Epoch: 5 cost time: 45.6293363571167
Epoch: 5, Steps: 1132 | Train Loss: 0.5581104 Vali Loss: 0.5587384 Test Loss: 0.2648487
Validation loss decreased (0.556496 --> 0.558738).  Saving model ...
Updating learning rate to 0.00025
	iters: 100, epoch: 6 | loss: 0.5360199
	speed: 0.1161s/iter; left time: 645.7443s
	iters: 200, epoch: 6 | loss: 0.5121254
	speed: 0.0392s/iter; left time: 213.9916s
	iters: 300, epoch: 6 | loss: 0.7330837
	speed: 0.0404s/iter; left time: 216.8210s
	iters: 400, epoch: 6 | loss: 0.4885724
	speed: 0.0408s/iter; left time: 214.8958s
	iters: 500, epoch: 6 | loss: 0.4706125
	speed: 0.0388s/iter; left time: 200.2080s
	iters: 600, epoch: 6 | loss: 0.4604365
	speed: 0.0370s/iter; left time: 187.2658s
	iters: 700, epoch: 6 | loss: 0.4921872
	speed: 0.0400s/iter; left time: 198.5650s
	iters: 800, epoch: 6 | loss: 0.6587218
	speed: 0.0377s/iter; left time: 183.3604s
	iters: 900, epoch: 6 | loss: 0.5182952
	speed: 0.0380s/iter; left time: 180.8900s
	iters: 1000, epoch: 6 | loss: 0.5757268
	speed: 0.0403s/iter; left time: 187.8253s
	iters: 1100, epoch: 6 | loss: 0.6023166
	speed: 0.0368s/iter; left time: 167.8680s
Epoch: 6 cost time: 44.429380893707275
Epoch: 6, Steps: 1132 | Train Loss: 0.5475076 Vali Loss: 0.5717125 Test Loss: 0.2649907
Validation loss decreased (0.558738 --> 0.571712).  Saving model ...
Updating learning rate to 0.00017274575140626317
	iters: 100, epoch: 7 | loss: 0.6427494
	speed: 0.1036s/iter; left time: 458.9702s
	iters: 200, epoch: 7 | loss: 0.5991283
	speed: 0.0430s/iter; left time: 186.2315s
	iters: 300, epoch: 7 | loss: 0.5342573
	speed: 0.0373s/iter; left time: 157.9081s
	iters: 400, epoch: 7 | loss: 0.5365028
	speed: 0.0366s/iter; left time: 151.1979s
	iters: 500, epoch: 7 | loss: 0.5251042
	speed: 0.0370s/iter; left time: 149.1036s
	iters: 600, epoch: 7 | loss: 0.4465849
	speed: 0.0363s/iter; left time: 142.5418s
	iters: 700, epoch: 7 | loss: 0.5176021
	speed: 0.0386s/iter; left time: 147.6703s
	iters: 800, epoch: 7 | loss: 0.7750012
	speed: 0.0390s/iter; left time: 145.3525s
	iters: 900, epoch: 7 | loss: 0.5346895
	speed: 0.0388s/iter; left time: 140.8581s
	iters: 1000, epoch: 7 | loss: 0.4905635
	speed: 0.0354s/iter; left time: 124.8869s
	iters: 1100, epoch: 7 | loss: 0.4624018
	speed: 0.0403s/iter; left time: 138.0757s
Epoch: 7 cost time: 43.38995099067688
Epoch: 7, Steps: 1132 | Train Loss: 0.5395251 Vali Loss: 0.5766013 Test Loss: 0.2653222
Validation loss decreased (0.571712 --> 0.576601).  Saving model ...
Updating learning rate to 0.00010305368692688174
	iters: 100, epoch: 8 | loss: 0.6059983
	speed: 0.1087s/iter; left time: 358.3216s
	iters: 200, epoch: 8 | loss: 0.4840983
	speed: 0.0337s/iter; left time: 107.8232s
	iters: 300, epoch: 8 | loss: 0.5076133
	speed: 0.0383s/iter; left time: 118.5195s
	iters: 400, epoch: 8 | loss: 0.5029155
	speed: 0.0399s/iter; left time: 119.7174s
	iters: 500, epoch: 8 | loss: 0.4884354
	speed: 0.0395s/iter; left time: 114.3763s
	iters: 600, epoch: 8 | loss: 0.5854889
	speed: 0.0386s/iter; left time: 107.8509s
	iters: 700, epoch: 8 | loss: 0.6083415
	speed: 0.0382s/iter; left time: 103.0799s
	iters: 800, epoch: 8 | loss: 0.4709662
	speed: 0.0382s/iter; left time: 99.1506s
	iters: 900, epoch: 8 | loss: 0.8800913
	speed: 0.0377s/iter; left time: 94.2473s
	iters: 1000, epoch: 8 | loss: 0.4706286
	speed: 0.0371s/iter; left time: 88.9436s
	iters: 1100, epoch: 8 | loss: 0.4949175
	speed: 0.0375s/iter; left time: 86.2223s
Epoch: 8 cost time: 43.05290746688843
Epoch: 8, Steps: 1132 | Train Loss: 0.5338715 Vali Loss: 0.5831425 Test Loss: 0.2724523
Validation loss decreased (0.576601 --> 0.583142).  Saving model ...
Updating learning rate to 4.7745751406263163e-05
	iters: 100, epoch: 9 | loss: 0.4526498
	speed: 0.1031s/iter; left time: 223.2619s
	iters: 200, epoch: 9 | loss: 0.4967642
	speed: 0.0370s/iter; left time: 76.3792s
	iters: 300, epoch: 9 | loss: 0.4218539
	speed: 0.0407s/iter; left time: 80.0717s
	iters: 400, epoch: 9 | loss: 0.4514568
	speed: 0.0390s/iter; left time: 72.7127s
	iters: 500, epoch: 9 | loss: 0.6800675
	speed: 0.0391s/iter; left time: 69.0148s
	iters: 600, epoch: 9 | loss: 0.5809538
	speed: 0.0383s/iter; left time: 63.7398s
	iters: 700, epoch: 9 | loss: 0.6246669
	speed: 0.0363s/iter; left time: 56.7852s
	iters: 800, epoch: 9 | loss: 0.4602715
	speed: 0.0384s/iter; left time: 56.2826s
	iters: 900, epoch: 9 | loss: 0.4998603
	speed: 0.0360s/iter; left time: 49.1323s
	iters: 1000, epoch: 9 | loss: 0.4878876
	speed: 0.0396s/iter; left time: 50.1053s
	iters: 1100, epoch: 9 | loss: 0.4657315
	speed: 0.0391s/iter; left time: 45.5042s
Epoch: 9 cost time: 43.47389554977417
Epoch: 9, Steps: 1132 | Train Loss: 0.5297857 Vali Loss: 0.5772029 Test Loss: 0.2668951
Validation loss decreased (0.583142 --> 0.577203).  Saving model ...
Updating learning rate to 1.2235870926211617e-05
	iters: 100, epoch: 10 | loss: 0.4388471
	speed: 0.0982s/iter; left time: 101.4137s
	iters: 200, epoch: 10 | loss: 0.6394265
	speed: 0.0361s/iter; left time: 33.7161s
	iters: 300, epoch: 10 | loss: 0.4733639
	speed: 0.0328s/iter; left time: 27.3423s
	iters: 400, epoch: 10 | loss: 0.4445851
	speed: 0.0302s/iter; left time: 22.1108s
	iters: 500, epoch: 10 | loss: 0.4891799
	speed: 0.0341s/iter; left time: 21.5793s
	iters: 600, epoch: 10 | loss: 0.4883659
	speed: 0.0359s/iter; left time: 19.1365s
	iters: 700, epoch: 10 | loss: 0.4993072
	speed: 0.0362s/iter; left time: 15.6772s
	iters: 800, epoch: 10 | loss: 0.5623567
	speed: 0.0364s/iter; left time: 12.1223s
	iters: 900, epoch: 10 | loss: 0.4921586
	speed: 0.0361s/iter; left time: 8.4081s
	iters: 1000, epoch: 10 | loss: 0.5027106
	speed: 0.0363s/iter; left time: 4.8219s
	iters: 1100, epoch: 10 | loss: 0.4867431
	speed: 0.0361s/iter; left time: 1.1926s
Epoch: 10 cost time: 39.85746669769287
Epoch: 10, Steps: 1132 | Train Loss: 0.5279003 Vali Loss: 0.5759566 Test Loss: 0.2686543
Validation loss decreased (0.577203 --> 0.575957).  Saving model ...
Updating learning rate to 0.0
>>>>>>>testing : long_term_forecast_weather_336_336_fcv_patch6_b0.5_TimeFilter_custom_addlossfcv_numpairsmax_patchlen6_alpha0.5_beta0.5<<<<<<<<<<<<<<<<<<<<<<<<<<<<<<<<<
test 10204
mse:0.26869672536849976, mae:0.2874760329723358
================================================================================
Model Profiling Summary
Total Params             : 479,540
Inference Time (s)       : 0.007177
GPU Mem Footprint (MB)   : 29.09
Peak Mem (MB)            : 67.72
================================================================================
Deleted model checkpoint at: ./checkpoints/long_term_forecast_weather_336_336_fcv_patch6_b0.5_TimeFilter_custom_addlossfcv_numpairsmax_patchlen6_alpha0.5_beta0.5/checkpoint.pth
[OK] CvLoss | seq_len=336 | pred_len=336 | mse=0.269 | mae=0.287
======================================================
Running | model=TimeFilter | table_name=TimeFilter | seq_len=336 | pred_len=336 | add_loss=None
======================================================
Args in experiment:
[1mBasic Config[0m
  Task Name:          long_term_forecast  Is Training:        2                   
  Model ID:           weather_336_336_None_patch6_b0.5Model:              TimeFilter          

[1mData Loader[0m
  Data:               custom              Root Path:          ./data              
  Data Path:          weather.csv         Features:           M                   
  Target:             OT                  Freq:               h                   
  Checkpoints:        ./checkpoints/      

[1mForecasting Task[0m
  Seq Len:            336                 Label Len:          48                  
  Pred Len:           336                 Seasonal Patterns:  Monthly             
  Inverse:            0                   

[1mModel Parameters[0m
  Top k:              5                   Num Kernels:        6                   
  Enc In:             21                  Dec In:             21                  
  C Out:              21                  d model:            128                 
  n heads:            4                   e layers:           2                   
  d layers:           1                   d FF:               256                 
  Moving Avg:         25                  Factor:             3                   
  Distil:             1                   Dropout:            0.3                 
  Embed:              timeF               Activation:         gelu                
  Output Attention:   0                   

[1mRun Parameters[0m
  Num Workers:        1                   Itr:                1                   
  Train Epochs:       10                  Batch Size:         32                  
  Patience:           3                   Learning Rate:      0.0005              
  Des:                Exp                 Loss:               MSE                 
  Lradj:              cosine              Use Amp:            0                   

[1mGPU[0m
  Use GPU:            1                   GPU:                0                   
  Use Multi GPU:      0                   Devices:            0,1,2,3             

[1mDe-stationary Projector Params[0m
  P Hidden Dims:      128, 128            P Hidden Layers:    2                   

Use GPU: cuda:0
>>>>>>>start training : long_term_forecast_weather_336_336_None_patch6_b0.5_TimeFilter_custom_addlossNone_numpairsmax_patchlen16_alpha1.0_beta0.1>>>>>>>>>>>>>>>>>>>>>>>>>>
train 36216
val 4935
test 10204
	iters: 100, epoch: 1 | loss: 0.5872086
	speed: 0.0393s/iter; left time: 441.4188s
	iters: 200, epoch: 1 | loss: 0.4948575
	speed: 0.0155s/iter; left time: 172.0694s
	iters: 300, epoch: 1 | loss: 0.5361490
	speed: 0.0236s/iter; left time: 260.5209s
	iters: 400, epoch: 1 | loss: 0.4756280
	speed: 0.0177s/iter; left time: 193.6986s
	iters: 500, epoch: 1 | loss: 0.5049111
	speed: 0.0146s/iter; left time: 158.1951s
	iters: 600, epoch: 1 | loss: 0.5109024
	speed: 0.0157s/iter; left time: 168.4278s
	iters: 700, epoch: 1 | loss: 0.5298081
	speed: 0.0166s/iter; left time: 175.8988s
	iters: 800, epoch: 1 | loss: 0.5423632
	speed: 0.0159s/iter; left time: 166.7903s
	iters: 900, epoch: 1 | loss: 0.4930431
	speed: 0.0160s/iter; left time: 167.0486s
	iters: 1000, epoch: 1 | loss: 0.7420992
	speed: 0.0164s/iter; left time: 168.8789s
	iters: 1100, epoch: 1 | loss: 0.8632873
	speed: 0.0156s/iter; left time: 159.1708s
Epoch: 1 cost time: 20.4634211063385
Epoch: 1, Steps: 1132 | Train Loss: 0.6269441 Vali Loss: 0.5179267 Test Loss: 0.2439796
Validation loss decreased (inf --> 0.517927).  Saving model ...
Updating learning rate to 0.0004877641290737884
	iters: 100, epoch: 2 | loss: 0.4813524
	speed: 0.0713s/iter; left time: 718.8699s
	iters: 200, epoch: 2 | loss: 0.7677513
	speed: 0.0155s/iter; left time: 154.7487s
	iters: 300, epoch: 2 | loss: 0.7412743
	speed: 0.0164s/iter; left time: 162.1208s
	iters: 400, epoch: 2 | loss: 0.4837453
	speed: 0.0154s/iter; left time: 150.6924s
	iters: 500, epoch: 2 | loss: 0.7495952
	speed: 0.0146s/iter; left time: 141.6403s
	iters: 600, epoch: 2 | loss: 0.5434621
	speed: 0.0196s/iter; left time: 187.5463s
	iters: 700, epoch: 2 | loss: 0.8119634
	speed: 0.0158s/iter; left time: 149.8226s
	iters: 800, epoch: 2 | loss: 0.8063523
	speed: 0.0146s/iter; left time: 136.9828s
	iters: 900, epoch: 2 | loss: 0.7244074
	speed: 0.0145s/iter; left time: 135.0118s
	iters: 1000, epoch: 2 | loss: 0.5468795
	speed: 0.0155s/iter; left time: 142.3305s
	iters: 1100, epoch: 2 | loss: 0.4859295
	speed: 0.0156s/iter; left time: 141.6021s
Epoch: 2 cost time: 18.100942373275757
Epoch: 2, Steps: 1132 | Train Loss: 0.5814248 Vali Loss: 0.5294461 Test Loss: 0.2531114
Validation loss decreased (0.517927 --> 0.529446).  Saving model ...
Updating learning rate to 0.0004522542485937369
	iters: 100, epoch: 3 | loss: 0.4179101
	speed: 0.0788s/iter; left time: 705.4197s
	iters: 200, epoch: 3 | loss: 0.7097294
	speed: 0.0156s/iter; left time: 138.2602s
	iters: 300, epoch: 3 | loss: 0.4886574
	speed: 0.0146s/iter; left time: 127.5901s
	iters: 400, epoch: 3 | loss: 0.6899887
	speed: 0.0159s/iter; left time: 137.2241s
	iters: 500, epoch: 3 | loss: 0.4624335
	speed: 0.0138s/iter; left time: 118.3191s
	iters: 600, epoch: 3 | loss: 0.4335688
	speed: 0.0174s/iter; left time: 147.2643s
	iters: 700, epoch: 3 | loss: 0.4086959
	speed: 0.0154s/iter; left time: 128.5400s
	iters: 800, epoch: 3 | loss: 0.4848307
	speed: 0.0163s/iter; left time: 134.8949s
	iters: 900, epoch: 3 | loss: 0.5145404
	speed: 0.0173s/iter; left time: 140.8892s
	iters: 1000, epoch: 3 | loss: 0.9599625
	speed: 0.0146s/iter; left time: 117.5425s
	iters: 1100, epoch: 3 | loss: 0.5016165
	speed: 0.0177s/iter; left time: 140.8675s
Epoch: 3 cost time: 18.067712545394897
Epoch: 3, Steps: 1132 | Train Loss: 0.5567098 Vali Loss: 0.5514559 Test Loss: 0.2582504
Validation loss decreased (0.529446 --> 0.551456).  Saving model ...
Updating learning rate to 0.0003969463130731183
	iters: 100, epoch: 4 | loss: 0.4377120
	speed: 0.0779s/iter; left time: 609.3756s
	iters: 200, epoch: 4 | loss: 0.9316420
	speed: 0.0206s/iter; left time: 159.0936s
	iters: 300, epoch: 4 | loss: 0.6463935
	speed: 0.0153s/iter; left time: 116.9384s
	iters: 400, epoch: 4 | loss: 0.7267265
	speed: 0.0152s/iter; left time: 114.6155s
	iters: 500, epoch: 4 | loss: 0.7248535
	speed: 0.0150s/iter; left time: 111.6891s
	iters: 600, epoch: 4 | loss: 0.4192782
	speed: 0.0193s/iter; left time: 141.2393s
	iters: 700, epoch: 4 | loss: 0.4141005
	speed: 0.0164s/iter; left time: 118.4070s
	iters: 800, epoch: 4 | loss: 0.4522160
	speed: 0.0164s/iter; left time: 116.9792s
	iters: 900, epoch: 4 | loss: 0.6868724
	speed: 0.0178s/iter; left time: 124.7090s
	iters: 1000, epoch: 4 | loss: 0.7543761
	speed: 0.0189s/iter; left time: 131.0969s
	iters: 1100, epoch: 4 | loss: 0.6624215
	speed: 0.0202s/iter; left time: 137.7040s
Epoch: 4 cost time: 19.806032180786133
Epoch: 4, Steps: 1132 | Train Loss: 0.5387265 Vali Loss: 0.5627691 Test Loss: 0.2676714
Validation loss decreased (0.551456 --> 0.562769).  Saving model ...
Updating learning rate to 0.00032725424859373687
	iters: 100, epoch: 5 | loss: 0.6755031
	speed: 0.0805s/iter; left time: 538.5105s
	iters: 200, epoch: 5 | loss: 0.4467026
	speed: 0.0185s/iter; left time: 122.1754s
	iters: 300, epoch: 5 | loss: 0.5201137
	speed: 0.0173s/iter; left time: 112.5903s
	iters: 400, epoch: 5 | loss: 0.4220704
	speed: 0.0168s/iter; left time: 107.4044s
	iters: 500, epoch: 5 | loss: 0.5679833
	speed: 0.0157s/iter; left time: 99.0057s
	iters: 600, epoch: 5 | loss: 0.4325429
	speed: 0.0165s/iter; left time: 102.3870s
	iters: 700, epoch: 5 | loss: 0.4390564
	speed: 0.0165s/iter; left time: 100.5724s
	iters: 800, epoch: 5 | loss: 0.3823037
	speed: 0.0174s/iter; left time: 104.3409s
	iters: 900, epoch: 5 | loss: 0.9552878
	speed: 0.0150s/iter; left time: 88.4662s
	iters: 1000, epoch: 5 | loss: 0.4228145
	speed: 0.0147s/iter; left time: 85.3516s
	iters: 1100, epoch: 5 | loss: 0.5050926
	speed: 0.0142s/iter; left time: 81.0897s
Epoch: 5 cost time: 18.562598943710327
Epoch: 5, Steps: 1132 | Train Loss: 0.5243065 Vali Loss: 0.5662476 Test Loss: 0.2727810
Validation loss decreased (0.562769 --> 0.566248).  Saving model ...
Updating learning rate to 0.00025
	iters: 100, epoch: 6 | loss: 0.4812577
	speed: 0.0789s/iter; left time: 438.8673s
	iters: 200, epoch: 6 | loss: 0.4551390
	speed: 0.0161s/iter; left time: 88.0455s
	iters: 300, epoch: 6 | loss: 0.8233654
	speed: 0.0163s/iter; left time: 87.3995s
	iters: 400, epoch: 6 | loss: 0.4143746
	speed: 0.0159s/iter; left time: 83.7621s
	iters: 500, epoch: 6 | loss: 0.3944489
	speed: 0.0152s/iter; left time: 78.3369s
	iters: 600, epoch: 6 | loss: 0.3662925
	speed: 0.0134s/iter; left time: 67.9217s
	iters: 700, epoch: 6 | loss: 0.4494324
	speed: 0.0177s/iter; left time: 87.8267s
	iters: 800, epoch: 6 | loss: 0.7567050
	speed: 0.0172s/iter; left time: 83.4462s
	iters: 900, epoch: 6 | loss: 0.4544414
	speed: 0.0179s/iter; left time: 85.0418s
	iters: 1000, epoch: 6 | loss: 0.6142021
	speed: 0.0182s/iter; left time: 84.9102s
	iters: 1100, epoch: 6 | loss: 0.6515435
	speed: 0.0164s/iter; left time: 74.9111s
Epoch: 6 cost time: 18.96206760406494
Epoch: 6, Steps: 1132 | Train Loss: 0.5131607 Vali Loss: 0.5717828 Test Loss: 0.2796840
Validation loss decreased (0.566248 --> 0.571783).  Saving model ...
Updating learning rate to 0.00017274575140626317
	iters: 100, epoch: 7 | loss: 0.6999539
	speed: 0.0783s/iter; left time: 346.9950s
	iters: 200, epoch: 7 | loss: 0.6271927
	speed: 0.0165s/iter; left time: 71.5827s
	iters: 300, epoch: 7 | loss: 0.5112089
	speed: 0.0211s/iter; left time: 89.1443s
	iters: 400, epoch: 7 | loss: 0.4739167
	speed: 0.0129s/iter; left time: 53.3362s
	iters: 500, epoch: 7 | loss: 0.4600728
	speed: 0.0123s/iter; left time: 49.4175s
	iters: 600, epoch: 7 | loss: 0.3512474
	speed: 0.0157s/iter; left time: 61.5915s
	iters: 700, epoch: 7 | loss: 0.4652895
	speed: 0.0208s/iter; left time: 79.7284s
	iters: 800, epoch: 7 | loss: 0.9775977
	speed: 0.0178s/iter; left time: 66.4581s
	iters: 900, epoch: 7 | loss: 0.4795590
	speed: 0.0183s/iter; left time: 66.5390s
	iters: 1000, epoch: 7 | loss: 0.4372397
	speed: 0.0160s/iter; left time: 56.5413s
	iters: 1100, epoch: 7 | loss: 0.3704784
	speed: 0.0183s/iter; left time: 62.5832s
Epoch: 7 cost time: 19.047523260116577
Epoch: 7, Steps: 1132 | Train Loss: 0.5045923 Vali Loss: 0.5908977 Test Loss: 0.2830800
Validation loss decreased (0.571783 --> 0.590898).  Saving model ...
Updating learning rate to 0.00010305368692688174
	iters: 100, epoch: 8 | loss: 0.6766365
	speed: 0.0817s/iter; left time: 269.4480s
	iters: 200, epoch: 8 | loss: 0.4161514
	speed: 0.0159s/iter; left time: 50.7532s
	iters: 300, epoch: 8 | loss: 0.4130622
	speed: 0.0161s/iter; left time: 49.9661s
	iters: 400, epoch: 8 | loss: 0.4366141
	speed: 0.0178s/iter; left time: 53.4913s
	iters: 500, epoch: 8 | loss: 0.4289243
	speed: 0.0155s/iter; left time: 45.0348s
	iters: 600, epoch: 8 | loss: 0.5985655
	speed: 0.0173s/iter; left time: 48.3357s
	iters: 700, epoch: 8 | loss: 0.6375889
	speed: 0.0159s/iter; left time: 42.9212s
	iters: 800, epoch: 8 | loss: 0.3997895
	speed: 0.0162s/iter; left time: 42.1498s
	iters: 900, epoch: 8 | loss: 1.1488860
	speed: 0.0160s/iter; left time: 39.8845s
	iters: 1000, epoch: 8 | loss: 0.3974528
	speed: 0.0182s/iter; left time: 43.6217s
	iters: 1100, epoch: 8 | loss: 0.4305294
	speed: 0.0176s/iter; left time: 40.3969s
Epoch: 8 cost time: 19.06799077987671
Epoch: 8, Steps: 1132 | Train Loss: 0.4986657 Vali Loss: 0.5880795 Test Loss: 0.2849219
Validation loss decreased (0.590898 --> 0.588080).  Saving model ...
Updating learning rate to 4.7745751406263163e-05
	iters: 100, epoch: 9 | loss: 0.3741736
	speed: 0.0792s/iter; left time: 171.5590s
	iters: 200, epoch: 9 | loss: 0.4502259
	speed: 0.0148s/iter; left time: 30.4987s
	iters: 300, epoch: 9 | loss: 0.3279544
	speed: 0.0152s/iter; left time: 29.8136s
	iters: 400, epoch: 9 | loss: 0.3689247
	speed: 0.0179s/iter; left time: 33.3823s
	iters: 500, epoch: 9 | loss: 0.7113560
	speed: 0.0169s/iter; left time: 29.7414s
	iters: 600, epoch: 9 | loss: 0.6227585
	speed: 0.0152s/iter; left time: 25.3380s
	iters: 700, epoch: 9 | loss: 0.6888883
	speed: 0.0138s/iter; left time: 21.5608s
	iters: 800, epoch: 9 | loss: 0.3753960
	speed: 0.0174s/iter; left time: 25.5196s
	iters: 900, epoch: 9 | loss: 0.4087794
	speed: 0.0178s/iter; left time: 24.3088s
	iters: 1000, epoch: 9 | loss: 0.3976053
	speed: 0.0139s/iter; left time: 17.6027s
	iters: 1100, epoch: 9 | loss: 0.3772334
	speed: 0.0164s/iter; left time: 19.0808s
Epoch: 9 cost time: 18.00060772895813
Epoch: 9, Steps: 1132 | Train Loss: 0.4948114 Vali Loss: 0.5779333 Test Loss: 0.2803913
Validation loss decreased (0.588080 --> 0.577933).  Saving model ...
Updating learning rate to 1.2235870926211617e-05
	iters: 100, epoch: 10 | loss: 0.3484522
	speed: 0.0798s/iter; left time: 82.4808s
	iters: 200, epoch: 10 | loss: 0.7006938
	speed: 0.0167s/iter; left time: 15.5381s
	iters: 300, epoch: 10 | loss: 0.3724584
	speed: 0.0178s/iter; left time: 14.8418s
	iters: 400, epoch: 10 | loss: 0.3528395
	speed: 0.0202s/iter; left time: 14.7879s
	iters: 500, epoch: 10 | loss: 0.4054424
	speed: 0.0133s/iter; left time: 8.3901s
	iters: 600, epoch: 10 | loss: 0.4065566
	speed: 0.0130s/iter; left time: 6.9143s
	iters: 700, epoch: 10 | loss: 0.4028628
	speed: 0.0145s/iter; left time: 6.2886s
	iters: 800, epoch: 10 | loss: 0.5236763
	speed: 0.0216s/iter; left time: 7.1772s
	iters: 900, epoch: 10 | loss: 0.4155598
	speed: 0.0202s/iter; left time: 4.7023s
	iters: 1000, epoch: 10 | loss: 0.4229777
	speed: 0.0175s/iter; left time: 2.3325s
	iters: 1100, epoch: 10 | loss: 0.4027528
	speed: 0.0184s/iter; left time: 0.6066s
Epoch: 10 cost time: 20.084180116653442
Epoch: 10, Steps: 1132 | Train Loss: 0.4926878 Vali Loss: 0.5847721 Test Loss: 0.2876799
Validation loss decreased (0.577933 --> 0.584772).  Saving model ...
Updating learning rate to 0.0
>>>>>>>testing : long_term_forecast_weather_336_336_None_patch6_b0.5_TimeFilter_custom_addlossNone_numpairsmax_patchlen16_alpha1.0_beta0.1<<<<<<<<<<<<<<<<<<<<<<<<<<<<<<<<<
test 10204
mse:0.28774434328079224, mae:0.3017439842224121
================================================================================
Model Profiling Summary
Total Params             : 479,540
Inference Time (s)       : 0.010166
GPU Mem Footprint (MB)   : 29.09
Peak Mem (MB)            : 67.72
================================================================================
Deleted model checkpoint at: ./checkpoints/long_term_forecast_weather_336_336_None_patch6_b0.5_TimeFilter_custom_addlossNone_numpairsmax_patchlen16_alpha1.0_beta0.1/checkpoint.pth
[OK] TimeFilter | seq_len=336 | pred_len=336 | mse=0.288 | mae=0.302
======================================================
Running | model=TimeFilter | table_name=CvLoss | seq_len=336 | pred_len=720 | add_loss=fcv
======================================================
Args in experiment:
[1mBasic Config[0m
  Task Name:          long_term_forecast  Is Training:        2                   
  Model ID:           weather_336_720_fcv_patch6_b1.0Model:              TimeFilter          

[1mData Loader[0m
  Data:               custom              Root Path:          ./data              
  Data Path:          weather.csv         Features:           M                   
  Target:             OT                  Freq:               h                   
  Checkpoints:        ./checkpoints/      

[1mForecasting Task[0m
  Seq Len:            336                 Label Len:          48                  
  Pred Len:           720                 Seasonal Patterns:  Monthly             
  Inverse:            0                   

[1mModel Parameters[0m
  Top k:              5                   Num Kernels:        6                   
  Enc In:             21                  Dec In:             21                  
  C Out:              21                  d model:            128                 
  n heads:            4                   e layers:           2                   
  d layers:           1                   d FF:               256                 
  Moving Avg:         25                  Factor:             3                   
  Distil:             1                   Dropout:            0.3                 
  Embed:              timeF               Activation:         gelu                
  Output Attention:   0                   

[1mRun Parameters[0m
  Num Workers:        1                   Itr:                1                   
  Train Epochs:       10                  Batch Size:         32                  
  Patience:           3                   Learning Rate:      0.0005              
  Des:                Exp                 Loss:               MSE                 
  Lradj:              cosine              Use Amp:            0                   

[1mGPU[0m
  Use GPU:            1                   GPU:                0                   
  Use Multi GPU:      0                   Devices:            0,1,2,3             

[1mDe-stationary Projector Params[0m
  P Hidden Dims:      128, 128            P Hidden Layers:    2                   

Use GPU: cuda:0
>>>>>>>start training : long_term_forecast_weather_336_720_fcv_patch6_b1.0_TimeFilter_custom_addlossfcv_numpairsmax_patchlen6_alpha0.0_beta1.0>>>>>>>>>>>>>>>>>>>>>>>>>>
train 35832
val 4551
test 9820
	iters: 100, epoch: 1 | loss: 0.7719519
	speed: 0.0624s/iter; left time: 693.0761s
	iters: 200, epoch: 1 | loss: 0.7577438
	speed: 0.0396s/iter; left time: 436.1358s
	iters: 300, epoch: 1 | loss: 0.7526535
	speed: 0.0398s/iter; left time: 433.8791s
	iters: 400, epoch: 1 | loss: 0.7737627
	speed: 0.0387s/iter; left time: 417.6579s
	iters: 500, epoch: 1 | loss: 0.7417861
	speed: 0.0363s/iter; left time: 388.0888s
	iters: 600, epoch: 1 | loss: 0.7187780
	speed: 0.0384s/iter; left time: 406.8031s
	iters: 700, epoch: 1 | loss: 0.6960899
	speed: 0.0385s/iter; left time: 404.1757s
	iters: 800, epoch: 1 | loss: 0.7321440
	speed: 0.0411s/iter; left time: 427.8318s
	iters: 900, epoch: 1 | loss: 0.7065369
	speed: 0.0388s/iter; left time: 399.3636s
	iters: 1000, epoch: 1 | loss: 0.7266607
	speed: 0.0392s/iter; left time: 399.5091s
	iters: 1100, epoch: 1 | loss: 0.7209510
	speed: 0.0418s/iter; left time: 422.6526s
Epoch: 1 cost time: 45.72962713241577
Epoch: 1, Steps: 1120 | Train Loss: 0.7472247 Vali Loss: 0.6391366 Test Loss: 0.3241013
Validation loss decreased (inf --> 0.639137).  Saving model ...
Updating learning rate to 0.0004877641290737884
	iters: 100, epoch: 2 | loss: 0.7140163
	speed: 0.1023s/iter; left time: 1021.1714s
	iters: 200, epoch: 2 | loss: 0.7343324
	speed: 0.0386s/iter; left time: 381.8353s
	iters: 300, epoch: 2 | loss: 0.7169344
	speed: 0.0369s/iter; left time: 360.6670s
	iters: 400, epoch: 2 | loss: 0.7276977
	speed: 0.0369s/iter; left time: 357.1078s
	iters: 500, epoch: 2 | loss: 0.7250202
	speed: 0.0370s/iter; left time: 354.4877s
	iters: 600, epoch: 2 | loss: 0.7073840
	speed: 0.0365s/iter; left time: 345.9571s
	iters: 700, epoch: 2 | loss: 0.6861668
	speed: 0.0339s/iter; left time: 317.7355s
	iters: 800, epoch: 2 | loss: 0.6871330
	speed: 0.0348s/iter; left time: 322.9612s
	iters: 900, epoch: 2 | loss: 0.7433404
	speed: 0.0379s/iter; left time: 347.9924s
	iters: 1000, epoch: 2 | loss: 0.6899666
	speed: 0.0365s/iter; left time: 331.0213s
	iters: 1100, epoch: 2 | loss: 0.6497779
	speed: 0.0362s/iter; left time: 324.7953s
Epoch: 2 cost time: 41.10447597503662
Epoch: 2, Steps: 1120 | Train Loss: 0.7024046 Vali Loss: 0.6815061 Test Loss: 0.3414587
Validation loss decreased (0.639137 --> 0.681506).  Saving model ...
Updating learning rate to 0.0004522542485937369
	iters: 100, epoch: 3 | loss: 0.7005069
	speed: 0.1111s/iter; left time: 984.2310s
	iters: 200, epoch: 3 | loss: 0.6823717
	speed: 0.0348s/iter; left time: 304.7974s
	iters: 300, epoch: 3 | loss: 0.6617413
	speed: 0.0379s/iter; left time: 328.2426s
	iters: 400, epoch: 3 | loss: 0.6735472
	speed: 0.0420s/iter; left time: 359.8473s
	iters: 500, epoch: 3 | loss: 0.6371870
	speed: 0.0340s/iter; left time: 287.6657s
	iters: 600, epoch: 3 | loss: 0.6824328
	speed: 0.0431s/iter; left time: 360.5865s
	iters: 700, epoch: 3 | loss: 0.7020189
	speed: 0.0393s/iter; left time: 324.9688s
	iters: 800, epoch: 3 | loss: 0.6766817
	speed: 0.0383s/iter; left time: 312.6585s
	iters: 900, epoch: 3 | loss: 0.6740935
	speed: 0.0375s/iter; left time: 302.2106s
	iters: 1000, epoch: 3 | loss: 0.6496804
	speed: 0.0379s/iter; left time: 301.4755s
	iters: 1100, epoch: 3 | loss: 0.6735009
	speed: 0.0370s/iter; left time: 290.8555s
Epoch: 3 cost time: 43.11043453216553
Epoch: 3, Steps: 1120 | Train Loss: 0.6771557 Vali Loss: 0.6965300 Test Loss: 0.3441735
Validation loss decreased (0.681506 --> 0.696530).  Saving model ...
Updating learning rate to 0.0003969463130731183
	iters: 100, epoch: 4 | loss: 0.6645143
	speed: 0.1155s/iter; left time: 894.4163s
	iters: 200, epoch: 4 | loss: 0.6899390
	speed: 0.0368s/iter; left time: 281.0830s
	iters: 300, epoch: 4 | loss: 0.6681054
	speed: 0.0362s/iter; left time: 273.3357s
	iters: 400, epoch: 4 | loss: 0.6536514
	speed: 0.0370s/iter; left time: 275.6020s
	iters: 500, epoch: 4 | loss: 0.6498441
	speed: 0.0357s/iter; left time: 262.0220s
	iters: 600, epoch: 4 | loss: 0.6508989
	speed: 0.0379s/iter; left time: 274.2075s
	iters: 700, epoch: 4 | loss: 0.6459682
	speed: 0.0383s/iter; left time: 273.6907s
	iters: 800, epoch: 4 | loss: 0.6289023
	speed: 0.0409s/iter; left time: 288.2790s
	iters: 900, epoch: 4 | loss: 0.6493070
	speed: 0.0400s/iter; left time: 277.8446s
	iters: 1000, epoch: 4 | loss: 0.6111936
	speed: 0.0360s/iter; left time: 246.4840s
	iters: 1100, epoch: 4 | loss: 0.6458645
	speed: 0.0399s/iter; left time: 269.1492s
Epoch: 4 cost time: 42.54429650306702
Epoch: 4, Steps: 1120 | Train Loss: 0.6568776 Vali Loss: 0.7365407 Test Loss: 0.3508278
Validation loss decreased (0.696530 --> 0.736541).  Saving model ...
Updating learning rate to 0.00032725424859373687
	iters: 100, epoch: 5 | loss: 0.6451069
	speed: 0.1138s/iter; left time: 753.4806s
	iters: 200, epoch: 5 | loss: 0.6323777
	speed: 0.0367s/iter; left time: 239.2333s
	iters: 300, epoch: 5 | loss: 0.6433245
	speed: 0.0374s/iter; left time: 240.3828s
	iters: 400, epoch: 5 | loss: 0.6406200
	speed: 0.0397s/iter; left time: 250.6286s
	iters: 500, epoch: 5 | loss: 0.6401203
	speed: 0.0360s/iter; left time: 223.9272s
	iters: 600, epoch: 5 | loss: 0.6363599
	speed: 0.0360s/iter; left time: 220.2180s
	iters: 700, epoch: 5 | loss: 0.6566401
	speed: 0.0371s/iter; left time: 223.3738s
	iters: 800, epoch: 5 | loss: 0.6486124
	speed: 0.0368s/iter; left time: 217.9682s
	iters: 900, epoch: 5 | loss: 0.6274081
	speed: 0.0366s/iter; left time: 213.2207s
	iters: 1000, epoch: 5 | loss: 0.6626116
	speed: 0.0361s/iter; left time: 206.2613s
	iters: 1100, epoch: 5 | loss: 0.6512790
	speed: 0.0353s/iter; left time: 198.2574s
Epoch: 5 cost time: 41.61131811141968
Epoch: 5, Steps: 1120 | Train Loss: 0.6398119 Vali Loss: 0.7541655 Test Loss: 0.3532748
Validation loss decreased (0.736541 --> 0.754166).  Saving model ...
Updating learning rate to 0.00025
	iters: 100, epoch: 6 | loss: 0.6219549
	speed: 0.1104s/iter; left time: 607.4232s
	iters: 200, epoch: 6 | loss: 0.6430522
	speed: 0.0402s/iter; left time: 217.0160s
	iters: 300, epoch: 6 | loss: 0.6351272
	speed: 0.0376s/iter; left time: 199.3241s
	iters: 400, epoch: 6 | loss: 0.6322974
	speed: 0.0356s/iter; left time: 184.9130s
	iters: 500, epoch: 6 | loss: 0.6079856
	speed: 0.0384s/iter; left time: 195.8019s
	iters: 600, epoch: 6 | loss: 0.6282975
	speed: 0.0324s/iter; left time: 162.0721s
	iters: 700, epoch: 6 | loss: 0.6704878
	speed: 0.0404s/iter; left time: 198.1391s
	iters: 800, epoch: 6 | loss: 0.6281940
	speed: 0.0368s/iter; left time: 176.4938s
	iters: 900, epoch: 6 | loss: 0.6122372
	speed: 0.0378s/iter; left time: 177.6452s
	iters: 1000, epoch: 6 | loss: 0.6241130
	speed: 0.0367s/iter; left time: 169.0818s
	iters: 1100, epoch: 6 | loss: 0.6421100
	speed: 0.0380s/iter; left time: 170.9110s
Epoch: 6 cost time: 42.28269982337952
Epoch: 6, Steps: 1120 | Train Loss: 0.6270978 Vali Loss: 0.7543150 Test Loss: 0.3537261
Validation loss decreased (0.754166 --> 0.754315).  Saving model ...
Updating learning rate to 0.00017274575140626317
	iters: 100, epoch: 7 | loss: 0.6559845
	speed: 0.1078s/iter; left time: 472.3753s
	iters: 200, epoch: 7 | loss: 0.6221192
	speed: 0.0375s/iter; left time: 160.6381s
	iters: 300, epoch: 7 | loss: 0.6377823
	speed: 0.0354s/iter; left time: 148.1089s
	iters: 400, epoch: 7 | loss: 0.6277503
	speed: 0.0360s/iter; left time: 146.8341s
	iters: 500, epoch: 7 | loss: 0.6125823
	speed: 0.0356s/iter; left time: 141.8493s
	iters: 600, epoch: 7 | loss: 0.6134920
	speed: 0.0355s/iter; left time: 137.6536s
	iters: 700, epoch: 7 | loss: 0.6401702
	speed: 0.0378s/iter; left time: 142.7426s
	iters: 800, epoch: 7 | loss: 0.5958894
	speed: 0.0417s/iter; left time: 153.3468s
	iters: 900, epoch: 7 | loss: 0.6145104
	speed: 0.0379s/iter; left time: 135.6586s
	iters: 1000, epoch: 7 | loss: 0.6168802
	speed: 0.0389s/iter; left time: 135.5175s
	iters: 1100, epoch: 7 | loss: 0.6301352
	speed: 0.0358s/iter; left time: 120.9342s
Epoch: 7 cost time: 42.170180797576904
Epoch: 7, Steps: 1120 | Train Loss: 0.6167841 Vali Loss: 0.7624018 Test Loss: 0.3624333
Validation loss decreased (0.754315 --> 0.762402).  Saving model ...
Updating learning rate to 0.00010305368692688174
	iters: 100, epoch: 8 | loss: 0.6204149
	speed: 0.1133s/iter; left time: 369.3235s
	iters: 200, epoch: 8 | loss: 0.6188975
	speed: 0.0370s/iter; left time: 116.8635s
	iters: 300, epoch: 8 | loss: 0.6138342
	speed: 0.0368s/iter; left time: 112.5399s
	iters: 400, epoch: 8 | loss: 0.6155404
	speed: 0.0376s/iter; left time: 111.2165s
	iters: 500, epoch: 8 | loss: 0.6090121
	speed: 0.0365s/iter; left time: 104.2850s
	iters: 600, epoch: 8 | loss: 0.5879977
	speed: 0.0340s/iter; left time: 93.7624s
	iters: 700, epoch: 8 | loss: 0.6035146
	speed: 0.0367s/iter; left time: 97.5801s
	iters: 800, epoch: 8 | loss: 0.6203337
	speed: 0.0369s/iter; left time: 94.4951s
	iters: 900, epoch: 8 | loss: 0.5918674
	speed: 0.0367s/iter; left time: 90.3837s
	iters: 1000, epoch: 8 | loss: 0.6111141
	speed: 0.0362s/iter; left time: 85.4665s
	iters: 1100, epoch: 8 | loss: 0.6066201
	speed: 0.0377s/iter; left time: 85.2635s
Epoch: 8 cost time: 41.49007248878479
Epoch: 8, Steps: 1120 | Train Loss: 0.6099889 Vali Loss: 0.7754152 Test Loss: 0.3572457
Validation loss decreased (0.762402 --> 0.775415).  Saving model ...
Updating learning rate to 4.7745751406263163e-05
	iters: 100, epoch: 9 | loss: 0.6065444
	speed: 0.1084s/iter; left time: 232.1670s
	iters: 200, epoch: 9 | loss: 0.5969654
	speed: 0.0374s/iter; left time: 76.2946s
	iters: 300, epoch: 9 | loss: 0.6111729
	speed: 0.0388s/iter; left time: 75.3279s
	iters: 400, epoch: 9 | loss: 0.6091354
	speed: 0.0379s/iter; left time: 69.8164s
	iters: 500, epoch: 9 | loss: 0.6023459
	speed: 0.0381s/iter; left time: 66.3138s
	iters: 600, epoch: 9 | loss: 0.6231678
	speed: 0.0393s/iter; left time: 64.5201s
	iters: 700, epoch: 9 | loss: 0.6182625
	speed: 0.0358s/iter; left time: 55.1922s
	iters: 800, epoch: 9 | loss: 0.5869915
	speed: 0.0440s/iter; left time: 63.3965s
	iters: 900, epoch: 9 | loss: 0.6310877
	speed: 0.0377s/iter; left time: 50.5905s
	iters: 1000, epoch: 9 | loss: 0.5954894
	speed: 0.0374s/iter; left time: 46.4281s
	iters: 1100, epoch: 9 | loss: 0.6011263
	speed: 0.0373s/iter; left time: 42.5720s
Epoch: 9 cost time: 42.991265296936035
Epoch: 9, Steps: 1120 | Train Loss: 0.6055312 Vali Loss: 0.7798688 Test Loss: 0.3625492
Validation loss decreased (0.775415 --> 0.779869).  Saving model ...
Updating learning rate to 1.2235870926211617e-05
	iters: 100, epoch: 10 | loss: 0.6326460
	speed: 0.1118s/iter; left time: 114.1618s
	iters: 200, epoch: 10 | loss: 0.6147081
	speed: 0.0398s/iter; left time: 36.6835s
	iters: 300, epoch: 10 | loss: 0.6123267
	speed: 0.0374s/iter; left time: 30.6669s
	iters: 400, epoch: 10 | loss: 0.6090316
	speed: 0.0370s/iter; left time: 26.6771s
	iters: 500, epoch: 10 | loss: 0.5891742
	speed: 0.0381s/iter; left time: 23.6787s
	iters: 600, epoch: 10 | loss: 0.5826796
	speed: 0.0370s/iter; left time: 19.2826s
	iters: 700, epoch: 10 | loss: 0.6132261
	speed: 0.0362s/iter; left time: 15.2338s
	iters: 800, epoch: 10 | loss: 0.5846973
	speed: 0.0384s/iter; left time: 12.3413s
	iters: 900, epoch: 10 | loss: 0.6162325
	speed: 0.0378s/iter; left time: 8.3449s
	iters: 1000, epoch: 10 | loss: 0.5952358
	speed: 0.0365s/iter; left time: 4.4133s
	iters: 1100, epoch: 10 | loss: 0.6047009
	speed: 0.0370s/iter; left time: 0.7780s
Epoch: 10 cost time: 42.137431144714355
Epoch: 10, Steps: 1120 | Train Loss: 0.6035814 Vali Loss: 0.7801751 Test Loss: 0.3631651
Validation loss decreased (0.779869 --> 0.780175).  Saving model ...
Updating learning rate to 0.0
>>>>>>>testing : long_term_forecast_weather_336_720_fcv_patch6_b1.0_TimeFilter_custom_addlossfcv_numpairsmax_patchlen6_alpha0.0_beta1.0<<<<<<<<<<<<<<<<<<<<<<<<<<<<<<<<<
test 9820
mse:0.36310702562332153, mae:0.34683850407600403
================================================================================
Model Profiling Summary
Total Params             : 823,988
Inference Time (s)       : 0.010267
GPU Mem Footprint (MB)   : 35.13
Peak Mem (MB)            : 72.13
================================================================================
Deleted model checkpoint at: ./checkpoints/long_term_forecast_weather_336_720_fcv_patch6_b1.0_TimeFilter_custom_addlossfcv_numpairsmax_patchlen6_alpha0.0_beta1.0/checkpoint.pth
[OK] CvLoss | seq_len=336 | pred_len=720 | mse=0.363 | mae=0.347
======================================================
Running | model=TimeFilter | table_name=TimeFilter | seq_len=336 | pred_len=720 | add_loss=None
======================================================
Args in experiment:
[1mBasic Config[0m
  Task Name:          long_term_forecast  Is Training:        2                   
  Model ID:           weather_336_720_None_patch6_b1.0Model:              TimeFilter          

[1mData Loader[0m
  Data:               custom              Root Path:          ./data              
  Data Path:          weather.csv         Features:           M                   
  Target:             OT                  Freq:               h                   
  Checkpoints:        ./checkpoints/      

[1mForecasting Task[0m
  Seq Len:            336                 Label Len:          48                  
  Pred Len:           720                 Seasonal Patterns:  Monthly             
  Inverse:            0                   

[1mModel Parameters[0m
  Top k:              5                   Num Kernels:        6                   
  Enc In:             21                  Dec In:             21                  
  C Out:              21                  d model:            128                 
  n heads:            4                   e layers:           2                   
  d layers:           1                   d FF:               256                 
  Moving Avg:         25                  Factor:             3                   
  Distil:             1                   Dropout:            0.3                 
  Embed:              timeF               Activation:         gelu                
  Output Attention:   0                   

[1mRun Parameters[0m
  Num Workers:        1                   Itr:                1                   
  Train Epochs:       10                  Batch Size:         32                  
  Patience:           3                   Learning Rate:      0.0005              
  Des:                Exp                 Loss:               MSE                 
  Lradj:              cosine              Use Amp:            0                   

[1mGPU[0m
  Use GPU:            1                   GPU:                0                   
  Use Multi GPU:      0                   Devices:            0,1,2,3             

[1mDe-stationary Projector Params[0m
  P Hidden Dims:      128, 128            P Hidden Layers:    2                   

Use GPU: cuda:0
>>>>>>>start training : long_term_forecast_weather_336_720_None_patch6_b1.0_TimeFilter_custom_addlossNone_numpairsmax_patchlen16_alpha1.0_beta0.1>>>>>>>>>>>>>>>>>>>>>>>>>>
train 35832
val 4551
test 9820
	iters: 100, epoch: 1 | loss: 0.6973168
	speed: 0.0419s/iter; left time: 464.9344s
	iters: 200, epoch: 1 | loss: 0.7152826
	speed: 0.0204s/iter; left time: 224.6140s
	iters: 300, epoch: 1 | loss: 0.7940855
	speed: 0.0204s/iter; left time: 221.9740s
	iters: 400, epoch: 1 | loss: 0.6658050
	speed: 0.0207s/iter; left time: 223.7845s
	iters: 500, epoch: 1 | loss: 0.6303082
	speed: 0.0177s/iter; left time: 188.9450s
	iters: 600, epoch: 1 | loss: 0.7216706
	speed: 0.0173s/iter; left time: 182.9692s
	iters: 700, epoch: 1 | loss: 0.7613339
	speed: 0.0177s/iter; left time: 185.4746s
	iters: 800, epoch: 1 | loss: 0.5657141
	speed: 0.0182s/iter; left time: 189.4722s
	iters: 900, epoch: 1 | loss: 0.5477391
	speed: 0.0162s/iter; left time: 166.8262s
	iters: 1000, epoch: 1 | loss: 0.8246160
	speed: 0.0151s/iter; left time: 154.0614s
	iters: 1100, epoch: 1 | loss: 0.6395805
	speed: 0.0163s/iter; left time: 164.3133s
Epoch: 1 cost time: 21.885822772979736
Epoch: 1, Steps: 1120 | Train Loss: 0.6945377 Vali Loss: 0.6308567 Test Loss: 0.3235059
Validation loss decreased (inf --> 0.630857).  Saving model ...
Updating learning rate to 0.0004877641290737884
	iters: 100, epoch: 2 | loss: 0.7023898
	speed: 0.0723s/iter; left time: 721.9971s
	iters: 200, epoch: 2 | loss: 0.5736523
	speed: 0.0177s/iter; left time: 174.9878s
	iters: 300, epoch: 2 | loss: 0.6546589
	speed: 0.0173s/iter; left time: 169.3747s
	iters: 400, epoch: 2 | loss: 0.7422292
	speed: 0.0180s/iter; left time: 174.3621s
	iters: 500, epoch: 2 | loss: 0.6034638
	speed: 0.0149s/iter; left time: 142.5376s
	iters: 600, epoch: 2 | loss: 0.6274225
	speed: 0.0194s/iter; left time: 184.2448s
	iters: 700, epoch: 2 | loss: 0.5733929
	speed: 0.0201s/iter; left time: 188.5959s
	iters: 800, epoch: 2 | loss: 0.5487265
	speed: 0.0172s/iter; left time: 159.2988s
	iters: 900, epoch: 2 | loss: 0.9190167
	speed: 0.0178s/iter; left time: 163.4649s
	iters: 1000, epoch: 2 | loss: 0.5026625
	speed: 0.0201s/iter; left time: 182.1462s
	iters: 1100, epoch: 2 | loss: 0.6100467
	speed: 0.0159s/iter; left time: 142.6566s
Epoch: 2 cost time: 19.916383028030396
Epoch: 2, Steps: 1120 | Train Loss: 0.6410345 Vali Loss: 0.6583473 Test Loss: 0.3325652
Validation loss decreased (0.630857 --> 0.658347).  Saving model ...
Updating learning rate to 0.0004522542485937369
	iters: 100, epoch: 3 | loss: 0.5459142
	speed: 0.0910s/iter; left time: 806.2694s
	iters: 200, epoch: 3 | loss: 0.5687841
	speed: 0.0202s/iter; left time: 177.1387s
	iters: 300, epoch: 3 | loss: 0.5246758
	speed: 0.0144s/iter; left time: 124.6020s
	iters: 400, epoch: 3 | loss: 0.5132032
	speed: 0.0143s/iter; left time: 122.4021s
	iters: 500, epoch: 3 | loss: 0.8409856
	speed: 0.0173s/iter; left time: 146.2872s
	iters: 600, epoch: 3 | loss: 0.5712916
	speed: 0.0168s/iter; left time: 140.1078s
	iters: 700, epoch: 3 | loss: 0.6962549
	speed: 0.0194s/iter; left time: 160.3532s
	iters: 800, epoch: 3 | loss: 0.6751708
	speed: 0.0156s/iter; left time: 127.1321s
	iters: 900, epoch: 3 | loss: 0.7860855
	speed: 0.0165s/iter; left time: 133.0030s
	iters: 1000, epoch: 3 | loss: 0.6144638
	speed: 0.0155s/iter; left time: 123.3971s
	iters: 1100, epoch: 3 | loss: 0.9053369
	speed: 0.0155s/iter; left time: 121.4979s
Epoch: 3 cost time: 19.152596712112427
Epoch: 3, Steps: 1120 | Train Loss: 0.6115431 Vali Loss: 0.6708632 Test Loss: 0.3383404
Validation loss decreased (0.658347 --> 0.670863).  Saving model ...
Updating learning rate to 0.0003969463130731183
	iters: 100, epoch: 4 | loss: 0.7490236
	speed: 0.0943s/iter; left time: 729.9944s
	iters: 200, epoch: 4 | loss: 0.5174928
	speed: 0.0173s/iter; left time: 132.1010s
	iters: 300, epoch: 4 | loss: 0.5650988
	speed: 0.0153s/iter; left time: 115.6563s
	iters: 400, epoch: 4 | loss: 0.5436057
	speed: 0.0160s/iter; left time: 119.4130s
	iters: 500, epoch: 4 | loss: 0.5389085
	speed: 0.0152s/iter; left time: 111.7097s
	iters: 600, epoch: 4 | loss: 0.6025247
	speed: 0.0150s/iter; left time: 108.4582s
	iters: 700, epoch: 4 | loss: 0.5961705
	speed: 0.0146s/iter; left time: 104.3892s
	iters: 800, epoch: 4 | loss: 0.6157328
	speed: 0.0148s/iter; left time: 104.4894s
	iters: 900, epoch: 4 | loss: 0.4803178
	speed: 0.0144s/iter; left time: 100.0683s
	iters: 1000, epoch: 4 | loss: 0.4844306
	speed: 0.0143s/iter; left time: 97.5432s
	iters: 1100, epoch: 4 | loss: 0.4893880
	speed: 0.0149s/iter; left time: 100.6614s
Epoch: 4 cost time: 17.50330638885498
Epoch: 4, Steps: 1120 | Train Loss: 0.5893444 Vali Loss: 0.6860698 Test Loss: 0.3513691
Validation loss decreased (0.670863 --> 0.686070).  Saving model ...
Updating learning rate to 0.00032725424859373687
	iters: 100, epoch: 5 | loss: 0.5872380
	speed: 0.0878s/iter; left time: 581.3247s
	iters: 200, epoch: 5 | loss: 0.5141882
	speed: 0.0152s/iter; left time: 98.9208s
	iters: 300, epoch: 5 | loss: 0.4812993
	speed: 0.0178s/iter; left time: 114.4632s
	iters: 400, epoch: 5 | loss: 0.6176150
	speed: 0.0187s/iter; left time: 118.4014s
	iters: 500, epoch: 5 | loss: 0.7208149
	speed: 0.0132s/iter; left time: 82.2120s
	iters: 600, epoch: 5 | loss: 0.4593497
	speed: 0.0185s/iter; left time: 113.1222s
	iters: 700, epoch: 5 | loss: 0.7016935
	speed: 0.0181s/iter; left time: 108.7402s
	iters: 800, epoch: 5 | loss: 0.7616165
	speed: 0.0154s/iter; left time: 90.9938s
	iters: 900, epoch: 5 | loss: 0.4556644
	speed: 0.0150s/iter; left time: 87.0534s
	iters: 1000, epoch: 5 | loss: 0.5110618
	speed: 0.0207s/iter; left time: 118.4783s
	iters: 1100, epoch: 5 | loss: 0.6399713
	speed: 0.0155s/iter; left time: 87.1298s
Epoch: 5 cost time: 18.767300844192505
Epoch: 5, Steps: 1120 | Train Loss: 0.5730768 Vali Loss: 0.7144780 Test Loss: 0.3576944
Validation loss decreased (0.686070 --> 0.714478).  Saving model ...
Updating learning rate to 0.00025
	iters: 100, epoch: 6 | loss: 0.5318509
	speed: 0.0969s/iter; left time: 532.9513s
	iters: 200, epoch: 6 | loss: 0.7006633
	speed: 0.0173s/iter; left time: 93.3392s
	iters: 300, epoch: 6 | loss: 0.7713641
	speed: 0.0151s/iter; left time: 80.1910s
	iters: 400, epoch: 6 | loss: 0.6215746
	speed: 0.0161s/iter; left time: 83.7978s
	iters: 500, epoch: 6 | loss: 0.4563762
	speed: 0.0158s/iter; left time: 80.4766s
	iters: 600, epoch: 6 | loss: 0.4481030
	speed: 0.0154s/iter; left time: 77.1513s
	iters: 700, epoch: 6 | loss: 0.6620805
	speed: 0.0150s/iter; left time: 73.6479s
	iters: 800, epoch: 6 | loss: 0.4784041
	speed: 0.0145s/iter; left time: 69.4064s
	iters: 900, epoch: 6 | loss: 0.6608559
	speed: 0.0154s/iter; left time: 72.1999s
	iters: 1000, epoch: 6 | loss: 0.4698020
	speed: 0.0141s/iter; left time: 65.0676s
	iters: 1100, epoch: 6 | loss: 0.7762651
	speed: 0.0165s/iter; left time: 74.1270s
Epoch: 6 cost time: 17.897168397903442
Epoch: 6, Steps: 1120 | Train Loss: 0.5596409 Vali Loss: 0.7163798 Test Loss: 0.3575594
Validation loss decreased (0.714478 --> 0.716380).  Saving model ...
Updating learning rate to 0.00017274575140626317
	iters: 100, epoch: 7 | loss: 0.6154408
	speed: 0.0906s/iter; left time: 396.7311s
	iters: 200, epoch: 7 | loss: 0.4865246
	speed: 0.0139s/iter; left time: 59.5659s
	iters: 300, epoch: 7 | loss: 0.4903861
	speed: 0.0153s/iter; left time: 63.8485s
	iters: 400, epoch: 7 | loss: 0.5152245
	speed: 0.0146s/iter; left time: 59.6453s
	iters: 500, epoch: 7 | loss: 0.4118689
	speed: 0.0164s/iter; left time: 65.3970s
	iters: 600, epoch: 7 | loss: 0.4306823
	speed: 0.0152s/iter; left time: 58.9272s
	iters: 700, epoch: 7 | loss: 0.5058781
	speed: 0.0161s/iter; left time: 60.8954s
	iters: 800, epoch: 7 | loss: 0.4543729
	speed: 0.0151s/iter; left time: 55.6380s
	iters: 900, epoch: 7 | loss: 0.4528008
	speed: 0.0160s/iter; left time: 57.4177s
	iters: 1000, epoch: 7 | loss: 0.4625639
	speed: 0.0151s/iter; left time: 52.5312s
	iters: 1100, epoch: 7 | loss: 0.5729727
	speed: 0.0147s/iter; left time: 49.6829s
Epoch: 7 cost time: 17.36116123199463
Epoch: 7, Steps: 1120 | Train Loss: 0.5499108 Vali Loss: 0.7222677 Test Loss: 0.3726224
Validation loss decreased (0.716380 --> 0.722268).  Saving model ...
Updating learning rate to 0.00010305368692688174
	iters: 100, epoch: 8 | loss: 0.4918153
	speed: 0.0870s/iter; left time: 283.7717s
	iters: 200, epoch: 8 | loss: 0.5712421
	speed: 0.0175s/iter; left time: 55.1683s
	iters: 300, epoch: 8 | loss: 0.5647659
	speed: 0.0193s/iter; left time: 59.1310s
	iters: 400, epoch: 8 | loss: 0.8656358
	speed: 0.0184s/iter; left time: 54.4858s
	iters: 500, epoch: 8 | loss: 0.6451733
	speed: 0.0155s/iter; left time: 44.2445s
	iters: 600, epoch: 8 | loss: 0.5384253
	speed: 0.0205s/iter; left time: 56.5713s
	iters: 700, epoch: 8 | loss: 0.4767778
	speed: 0.0173s/iter; left time: 46.0127s
	iters: 800, epoch: 8 | loss: 0.5043582
	speed: 0.0152s/iter; left time: 38.8320s
	iters: 900, epoch: 8 | loss: 0.4190280
	speed: 0.0135s/iter; left time: 33.2522s
	iters: 1000, epoch: 8 | loss: 0.4418789
	speed: 0.0143s/iter; left time: 33.8613s
	iters: 1100, epoch: 8 | loss: 0.4274113
	speed: 0.0193s/iter; left time: 43.5991s
Epoch: 8 cost time: 19.233781576156616
Epoch: 8, Steps: 1120 | Train Loss: 0.5429193 Vali Loss: 0.7123817 Test Loss: 0.3661327
Validation loss decreased (0.722268 --> 0.712382).  Saving model ...
Updating learning rate to 4.7745751406263163e-05
	iters: 100, epoch: 9 | loss: 0.5685316
	speed: 0.0919s/iter; left time: 196.8561s
	iters: 200, epoch: 9 | loss: 0.4588069
	speed: 0.0231s/iter; left time: 47.1362s
	iters: 300, epoch: 9 | loss: 0.4743001
	speed: 0.0171s/iter; left time: 33.1344s
	iters: 400, epoch: 9 | loss: 0.5571401
	speed: 0.0169s/iter; left time: 31.1228s
	iters: 500, epoch: 9 | loss: 0.4782334
	speed: 0.0165s/iter; left time: 28.6494s
	iters: 600, epoch: 9 | loss: 0.6278556
	speed: 0.0165s/iter; left time: 27.0348s
	iters: 700, epoch: 9 | loss: 0.5645572
	speed: 0.0179s/iter; left time: 27.6112s
	iters: 800, epoch: 9 | loss: 0.5593548
	speed: 0.0187s/iter; left time: 26.9024s
	iters: 900, epoch: 9 | loss: 0.6542650
	speed: 0.0174s/iter; left time: 23.3562s
	iters: 1000, epoch: 9 | loss: 0.4432296
	speed: 0.0169s/iter; left time: 20.9516s
	iters: 1100, epoch: 9 | loss: 0.5965844
	speed: 0.0175s/iter; left time: 19.9755s
Epoch: 9 cost time: 20.31092381477356
Epoch: 9, Steps: 1120 | Train Loss: 0.5382976 Vali Loss: 0.7260026 Test Loss: 0.3690737
Validation loss decreased (0.712382 --> 0.726003).  Saving model ...
Updating learning rate to 1.2235870926211617e-05
	iters: 100, epoch: 10 | loss: 0.4829864
	speed: 0.0936s/iter; left time: 95.5209s
	iters: 200, epoch: 10 | loss: 0.4969575
	speed: 0.0166s/iter; left time: 15.3339s
	iters: 300, epoch: 10 | loss: 0.4642549
	speed: 0.0164s/iter; left time: 13.4900s
	iters: 400, epoch: 10 | loss: 0.6093959
	speed: 0.0169s/iter; left time: 12.2208s
	iters: 500, epoch: 10 | loss: 0.5625901
	speed: 0.0170s/iter; left time: 10.5268s
	iters: 600, epoch: 10 | loss: 0.4323625
	speed: 0.0182s/iter; left time: 9.5033s
	iters: 700, epoch: 10 | loss: 0.4213941
	speed: 0.0166s/iter; left time: 6.9924s
	iters: 800, epoch: 10 | loss: 0.4439467
	speed: 0.0169s/iter; left time: 5.4342s
	iters: 900, epoch: 10 | loss: 0.9338165
	speed: 0.0185s/iter; left time: 4.0787s
	iters: 1000, epoch: 10 | loss: 0.5201870
	speed: 0.0165s/iter; left time: 1.9906s
	iters: 1100, epoch: 10 | loss: 0.4429300
	speed: 0.0168s/iter; left time: 0.3535s
Epoch: 10 cost time: 19.41358518600464
Epoch: 10, Steps: 1120 | Train Loss: 0.5361078 Vali Loss: 0.7223053 Test Loss: 0.3720276
Validation loss decreased (0.726003 --> 0.722305).  Saving model ...
Updating learning rate to 0.0
>>>>>>>testing : long_term_forecast_weather_336_720_None_patch6_b1.0_TimeFilter_custom_addlossNone_numpairsmax_patchlen16_alpha1.0_beta0.1<<<<<<<<<<<<<<<<<<<<<<<<<<<<<<<<<
test 9820
mse:0.3719649612903595, mae:0.36023879051208496
================================================================================
Model Profiling Summary
Total Params             : 823,988
Inference Time (s)       : 0.007185
GPU Mem Footprint (MB)   : 35.37
Peak Mem (MB)            : 72.37
================================================================================
Deleted model checkpoint at: ./checkpoints/long_term_forecast_weather_336_720_None_patch6_b1.0_TimeFilter_custom_addlossNone_numpairsmax_patchlen16_alpha1.0_beta0.1/checkpoint.pth
[OK] TimeFilter | seq_len=336 | pred_len=720 | mse=0.372 | mae=0.360
======================================================
Running | model=TimeFilter | table_name=CvLoss | seq_len=720 | pred_len=96 | add_loss=fcv
======================================================
Args in experiment:
[1mBasic Config[0m
  Task Name:          long_term_forecast  Is Training:        2                   
  Model ID:           weather_720_96_fcv_patch6_b1.0Model:              TimeFilter          

[1mData Loader[0m
  Data:               custom              Root Path:          ./data              
  Data Path:          weather.csv         Features:           M                   
  Target:             OT                  Freq:               h                   
  Checkpoints:        ./checkpoints/      

[1mForecasting Task[0m
  Seq Len:            720                 Label Len:          48                  
  Pred Len:           96                  Seasonal Patterns:  Monthly             
  Inverse:            0                   

[1mModel Parameters[0m
  Top k:              5                   Num Kernels:        6                   
  Enc In:             21                  Dec In:             21                  
  C Out:              21                  d model:            128                 
  n heads:            4                   e layers:           2                   
  d layers:           1                   d FF:               256                 
  Moving Avg:         25                  Factor:             3                   
  Distil:             1                   Dropout:            0.3                 
  Embed:              timeF               Activation:         gelu                
  Output Attention:   0                   

[1mRun Parameters[0m
  Num Workers:        1                   Itr:                1                   
  Train Epochs:       10                  Batch Size:         32                  
  Patience:           3                   Learning Rate:      0.0005              
  Des:                Exp                 Loss:               MSE                 
  Lradj:              cosine              Use Amp:            0                   

[1mGPU[0m
  Use GPU:            1                   GPU:                0                   
  Use Multi GPU:      0                   Devices:            0,1,2,3             

[1mDe-stationary Projector Params[0m
  P Hidden Dims:      128, 128            P Hidden Layers:    2                   

Use GPU: cuda:0
>>>>>>>start training : long_term_forecast_weather_720_96_fcv_patch6_b1.0_TimeFilter_custom_addlossfcv_numpairsmax_patchlen6_alpha0.0_beta1.0>>>>>>>>>>>>>>>>>>>>>>>>>>
train 36072
val 5175
test 10444
	iters: 100, epoch: 1 | loss: 0.5719693
	speed: 0.0690s/iter; left time: 771.7972s
	iters: 200, epoch: 1 | loss: 0.5542724
	speed: 0.0440s/iter; left time: 487.5122s
	iters: 300, epoch: 1 | loss: 0.4996463
	speed: 0.0442s/iter; left time: 485.8280s
	iters: 400, epoch: 1 | loss: 0.5387778
	speed: 0.0462s/iter; left time: 502.9956s
	iters: 500, epoch: 1 | loss: 0.5623477
	speed: 0.0461s/iter; left time: 497.2079s
	iters: 600, epoch: 1 | loss: 0.5828487
	speed: 0.0448s/iter; left time: 478.0876s
	iters: 700, epoch: 1 | loss: 0.4929809
	speed: 0.0457s/iter; left time: 483.3717s
	iters: 800, epoch: 1 | loss: 0.4986844
	speed: 0.0459s/iter; left time: 480.8947s
	iters: 900, epoch: 1 | loss: 0.4893838
	speed: 0.0449s/iter; left time: 466.2884s
	iters: 1000, epoch: 1 | loss: 0.4875610
	speed: 0.0447s/iter; left time: 459.0870s
	iters: 1100, epoch: 1 | loss: 0.4994366
	speed: 0.0443s/iter; left time: 451.4437s
Epoch: 1 cost time: 52.65987277030945
Epoch: 1, Steps: 1128 | Train Loss: 0.5483342 Vali Loss: 0.3788689 Test Loss: 0.1443908
Validation loss decreased (inf --> 0.378869).  Saving model ...
Updating learning rate to 0.0004877641290737884
	iters: 100, epoch: 2 | loss: 0.4770903
	speed: 0.1324s/iter; left time: 1331.3047s
	iters: 200, epoch: 2 | loss: 0.5119963
	speed: 0.0418s/iter; left time: 415.9444s
	iters: 300, epoch: 2 | loss: 0.4703561
	speed: 0.0412s/iter; left time: 406.4328s
	iters: 400, epoch: 2 | loss: 0.4488534
	speed: 0.0480s/iter; left time: 467.8590s
	iters: 500, epoch: 2 | loss: 0.4794554
	speed: 0.0465s/iter; left time: 448.5128s
	iters: 600, epoch: 2 | loss: 0.5412740
	speed: 0.0467s/iter; left time: 446.4436s
	iters: 700, epoch: 2 | loss: 0.4669690
	speed: 0.0457s/iter; left time: 432.3292s
	iters: 800, epoch: 2 | loss: 0.5470763
	speed: 0.0468s/iter; left time: 437.9487s
	iters: 900, epoch: 2 | loss: 0.5074779
	speed: 0.0446s/iter; left time: 412.2774s
	iters: 1000, epoch: 2 | loss: 0.5134305
	speed: 0.0442s/iter; left time: 404.1759s
	iters: 1100, epoch: 2 | loss: 0.4830653
	speed: 0.0453s/iter; left time: 410.2167s
Epoch: 2 cost time: 50.945682525634766
Epoch: 2, Steps: 1128 | Train Loss: 0.5005043 Vali Loss: 0.3961903 Test Loss: 0.1463559
Validation loss decreased (0.378869 --> 0.396190).  Saving model ...
Updating learning rate to 0.0004522542485937369
	iters: 100, epoch: 3 | loss: 0.4662179
	speed: 0.1656s/iter; left time: 1478.3062s
	iters: 200, epoch: 3 | loss: 0.4761721
	speed: 0.0418s/iter; left time: 368.9686s
	iters: 300, epoch: 3 | loss: 0.4737482
	speed: 0.0436s/iter; left time: 380.5089s
	iters: 400, epoch: 3 | loss: 0.5311381
	speed: 0.0457s/iter; left time: 394.5478s
	iters: 500, epoch: 3 | loss: 0.5312765
	speed: 0.0396s/iter; left time: 338.0078s
	iters: 600, epoch: 3 | loss: 0.4232565
	speed: 0.0430s/iter; left time: 362.1917s
	iters: 700, epoch: 3 | loss: 0.4758267
	speed: 0.0431s/iter; left time: 358.5120s
	iters: 800, epoch: 3 | loss: 0.4766282
	speed: 0.0449s/iter; left time: 369.0955s
	iters: 900, epoch: 3 | loss: 0.4841752
	speed: 0.0450s/iter; left time: 365.3836s
	iters: 1000, epoch: 3 | loss: 0.4862065
	speed: 0.0435s/iter; left time: 349.0030s
	iters: 1100, epoch: 3 | loss: 0.4540266
	speed: 0.0440s/iter; left time: 349.0441s
Epoch: 3 cost time: 49.4279990196228
Epoch: 3, Steps: 1128 | Train Loss: 0.4814136 Vali Loss: 0.4012846 Test Loss: 0.1497210
Validation loss decreased (0.396190 --> 0.401285).  Saving model ...
Updating learning rate to 0.0003969463130731183
	iters: 100, epoch: 4 | loss: 0.5225895
	speed: 0.1354s/iter; left time: 1056.0646s
	iters: 200, epoch: 4 | loss: 0.4663411
	speed: 0.0446s/iter; left time: 343.6204s
	iters: 300, epoch: 4 | loss: 0.4331869
	speed: 0.0438s/iter; left time: 332.9784s
	iters: 400, epoch: 4 | loss: 0.4923837
	speed: 0.0417s/iter; left time: 312.6388s
	iters: 500, epoch: 4 | loss: 0.4339362
	speed: 0.0434s/iter; left time: 320.9825s
	iters: 600, epoch: 4 | loss: 0.4258024
	speed: 0.0408s/iter; left time: 297.7524s
	iters: 700, epoch: 4 | loss: 0.4540539
	speed: 0.0433s/iter; left time: 311.6273s
	iters: 800, epoch: 4 | loss: 0.4361327
	speed: 0.0430s/iter; left time: 304.9717s
	iters: 900, epoch: 4 | loss: 0.4630680
	speed: 0.0376s/iter; left time: 262.8550s
	iters: 1000, epoch: 4 | loss: 0.5221032
	speed: 0.0429s/iter; left time: 296.2129s
	iters: 1100, epoch: 4 | loss: 0.4384642
	speed: 0.0433s/iter; left time: 293.9969s
Epoch: 4 cost time: 48.04902219772339
Epoch: 4, Steps: 1128 | Train Loss: 0.4655457 Vali Loss: 0.4015392 Test Loss: 0.1464200
Validation loss decreased (0.401285 --> 0.401539).  Saving model ...
Updating learning rate to 0.00032725424859373687
	iters: 100, epoch: 5 | loss: 0.4052025
	speed: 0.1382s/iter; left time: 921.9721s
	iters: 200, epoch: 5 | loss: 0.4340688
	speed: 0.0452s/iter; left time: 296.6275s
	iters: 300, epoch: 5 | loss: 0.4983566
	speed: 0.0458s/iter; left time: 296.0667s
	iters: 400, epoch: 5 | loss: 0.4818191
	speed: 0.0483s/iter; left time: 307.7508s
	iters: 500, epoch: 5 | loss: 0.4372350
	speed: 0.0474s/iter; left time: 296.8826s
	iters: 600, epoch: 5 | loss: 0.4712440
	speed: 0.0497s/iter; left time: 306.6148s
	iters: 700, epoch: 5 | loss: 0.4767309
	speed: 0.0448s/iter; left time: 271.9634s
	iters: 800, epoch: 5 | loss: 0.4483718
	speed: 0.0452s/iter; left time: 269.9210s
	iters: 900, epoch: 5 | loss: 0.4301472
	speed: 0.0426s/iter; left time: 250.0104s
	iters: 1000, epoch: 5 | loss: 0.4254864
	speed: 0.0412s/iter; left time: 237.6207s
	iters: 1100, epoch: 5 | loss: 0.4028555
	speed: 0.0437s/iter; left time: 247.7429s
Epoch: 5 cost time: 51.15017652511597
Epoch: 5, Steps: 1128 | Train Loss: 0.4530920 Vali Loss: 0.4048035 Test Loss: 0.1489485
Validation loss decreased (0.401539 --> 0.404804).  Saving model ...
Updating learning rate to 0.00025
	iters: 100, epoch: 6 | loss: 0.4432225
	speed: 0.1286s/iter; left time: 712.5267s
	iters: 200, epoch: 6 | loss: 0.4491912
	speed: 0.0434s/iter; left time: 236.2814s
	iters: 300, epoch: 6 | loss: 0.4406892
	speed: 0.0474s/iter; left time: 253.0094s
	iters: 400, epoch: 6 | loss: 0.4682457
	speed: 0.0494s/iter; left time: 258.8311s
	iters: 500, epoch: 6 | loss: 0.4463009
	speed: 0.0490s/iter; left time: 251.7359s
	iters: 600, epoch: 6 | loss: 0.4577287
	speed: 0.0443s/iter; left time: 223.4158s
	iters: 700, epoch: 6 | loss: 0.4541287
	speed: 0.0446s/iter; left time: 220.3353s
	iters: 800, epoch: 6 | loss: 0.4148253
	speed: 0.0443s/iter; left time: 214.4823s
	iters: 900, epoch: 6 | loss: 0.4413713
	speed: 0.0439s/iter; left time: 207.9616s
	iters: 1000, epoch: 6 | loss: 0.4399835
	speed: 0.0430s/iter; left time: 199.7493s
	iters: 1100, epoch: 6 | loss: 0.4359925
	speed: 0.0445s/iter; left time: 201.9012s
Epoch: 6 cost time: 50.74507737159729
Epoch: 6, Steps: 1128 | Train Loss: 0.4428569 Vali Loss: 0.4102000 Test Loss: 0.1497855
Validation loss decreased (0.404804 --> 0.410200).  Saving model ...
Updating learning rate to 0.00017274575140626317
	iters: 100, epoch: 7 | loss: 0.4475450
	speed: 0.1359s/iter; left time: 599.5461s
	iters: 200, epoch: 7 | loss: 0.4314785
	speed: 0.0424s/iter; left time: 182.9013s
	iters: 300, epoch: 7 | loss: 0.4196025
	speed: 0.0440s/iter; left time: 185.2618s
	iters: 400, epoch: 7 | loss: 0.4450724
	speed: 0.0416s/iter; left time: 170.9854s
	iters: 500, epoch: 7 | loss: 0.4301530
	speed: 0.0414s/iter; left time: 166.0767s
	iters: 600, epoch: 7 | loss: 0.4407643
	speed: 0.0431s/iter; left time: 168.5585s
	iters: 700, epoch: 7 | loss: 0.4357182
	speed: 0.0489s/iter; left time: 186.5776s
	iters: 800, epoch: 7 | loss: 0.4203096
	speed: 0.0477s/iter; left time: 177.1520s
	iters: 900, epoch: 7 | loss: 0.4395432
	speed: 0.0444s/iter; left time: 160.4878s
	iters: 1000, epoch: 7 | loss: 0.4201719
	speed: 0.0449s/iter; left time: 157.6285s
	iters: 1100, epoch: 7 | loss: 0.4467686
	speed: 0.0450s/iter; left time: 153.5109s
Epoch: 7 cost time: 50.07499289512634
Epoch: 7, Steps: 1128 | Train Loss: 0.4355907 Vali Loss: 0.4105195 Test Loss: 0.1485505
Validation loss decreased (0.410200 --> 0.410519).  Saving model ...
Updating learning rate to 0.00010305368692688174
	iters: 100, epoch: 8 | loss: 0.4525119
	speed: 0.1361s/iter; left time: 447.2244s
	iters: 200, epoch: 8 | loss: 0.4079725
	speed: 0.0433s/iter; left time: 138.0355s
	iters: 300, epoch: 8 | loss: 0.3764477
	speed: 0.0453s/iter; left time: 139.5982s
	iters: 400, epoch: 8 | loss: 0.4281439
	speed: 0.0435s/iter; left time: 129.8142s
	iters: 500, epoch: 8 | loss: 0.4294145
	speed: 0.0414s/iter; left time: 119.4590s
	iters: 600, epoch: 8 | loss: 0.4378504
	speed: 0.0430s/iter; left time: 119.8377s
	iters: 700, epoch: 8 | loss: 0.4405860
	speed: 0.0452s/iter; left time: 121.4899s
	iters: 800, epoch: 8 | loss: 0.4294784
	speed: 0.0417s/iter; left time: 107.6982s
	iters: 900, epoch: 8 | loss: 0.4411725
	speed: 0.0352s/iter; left time: 87.5715s
	iters: 1000, epoch: 8 | loss: 0.4079964
	speed: 0.0443s/iter; left time: 105.6124s
	iters: 1100, epoch: 8 | loss: 0.4317910
	speed: 0.0441s/iter; left time: 100.7716s
Epoch: 8 cost time: 48.52539873123169
Epoch: 8, Steps: 1128 | Train Loss: 0.4300121 Vali Loss: 0.4131761 Test Loss: 0.1503173
Validation loss decreased (0.410519 --> 0.413176).  Saving model ...
Updating learning rate to 4.7745751406263163e-05
	iters: 100, epoch: 9 | loss: 0.4095973
	speed: 0.1374s/iter; left time: 296.3197s
	iters: 200, epoch: 9 | loss: 0.4259659
	speed: 0.0455s/iter; left time: 93.5337s
	iters: 300, epoch: 9 | loss: 0.4182521
	speed: 0.0441s/iter; left time: 86.2450s
	iters: 400, epoch: 9 | loss: 0.4179511
	speed: 0.0443s/iter; left time: 82.1742s
	iters: 500, epoch: 9 | loss: 0.3961917
	speed: 0.0500s/iter; left time: 87.7676s
	iters: 600, epoch: 9 | loss: 0.4498565
	speed: 0.0502s/iter; left time: 83.1687s
	iters: 700, epoch: 9 | loss: 0.4553818
	speed: 0.0448s/iter; left time: 69.7783s
	iters: 800, epoch: 9 | loss: 0.4129781
	speed: 0.0427s/iter; left time: 62.2054s
	iters: 900, epoch: 9 | loss: 0.4249997
	speed: 0.0397s/iter; left time: 53.8930s
	iters: 1000, epoch: 9 | loss: 0.3957380
	speed: 0.0427s/iter; left time: 53.6644s
	iters: 1100, epoch: 9 | loss: 0.4603477
	speed: 0.0405s/iter; left time: 46.8549s
Epoch: 9 cost time: 50.26512384414673
Epoch: 9, Steps: 1128 | Train Loss: 0.4259297 Vali Loss: 0.4133599 Test Loss: 0.1505353
Validation loss decreased (0.413176 --> 0.413360).  Saving model ...
Updating learning rate to 1.2235870926211617e-05
	iters: 100, epoch: 10 | loss: 0.4489622
	speed: 0.1340s/iter; left time: 137.9046s
	iters: 200, epoch: 10 | loss: 0.4630660
	speed: 0.0470s/iter; left time: 43.6390s
	iters: 300, epoch: 10 | loss: 0.4202254
	speed: 0.0434s/iter; left time: 36.0062s
	iters: 400, epoch: 10 | loss: 0.4259757
	speed: 0.0432s/iter; left time: 31.4992s
	iters: 500, epoch: 10 | loss: 0.4328400
	speed: 0.0446s/iter; left time: 28.0737s
	iters: 600, epoch: 10 | loss: 0.4214306
	speed: 0.0431s/iter; left time: 22.7933s
	iters: 700, epoch: 10 | loss: 0.4143895
	speed: 0.0449s/iter; left time: 19.2429s
	iters: 800, epoch: 10 | loss: 0.3930191
	speed: 0.0465s/iter; left time: 15.3134s
	iters: 900, epoch: 10 | loss: 0.4166790
	speed: 0.0448s/iter; left time: 10.2703s
	iters: 1000, epoch: 10 | loss: 0.4279869
	speed: 0.0442s/iter; left time: 5.6961s
	iters: 1100, epoch: 10 | loss: 0.4373976
	speed: 0.0453s/iter; left time: 1.3130s
Epoch: 10 cost time: 50.04977560043335
Epoch: 10, Steps: 1128 | Train Loss: 0.4238598 Vali Loss: 0.4125779 Test Loss: 0.1510429
Validation loss decreased (0.413360 --> 0.412578).  Saving model ...
Updating learning rate to 0.0
>>>>>>>testing : long_term_forecast_weather_720_96_fcv_patch6_b1.0_TimeFilter_custom_addlossfcv_numpairsmax_patchlen6_alpha0.0_beta1.0<<<<<<<<<<<<<<<<<<<<<<<<<<<<<<<<<
test 10444
mse:0.15111157298088074, mae:0.19523561000823975
================================================================================
Model Profiling Summary
Total Params             : 364,580
Inference Time (s)       : 0.011255
GPU Mem Footprint (MB)   : 28.31
Peak Mem (MB)            : 189.02
================================================================================
Deleted model checkpoint at: ./checkpoints/long_term_forecast_weather_720_96_fcv_patch6_b1.0_TimeFilter_custom_addlossfcv_numpairsmax_patchlen6_alpha0.0_beta1.0/checkpoint.pth
[OK] CvLoss | seq_len=720 | pred_len=96 | mse=0.151 | mae=0.195
======================================================
Running | model=TimeFilter | table_name=TimeFilter | seq_len=720 | pred_len=96 | add_loss=None
======================================================
Args in experiment:
[1mBasic Config[0m
  Task Name:          long_term_forecast  Is Training:        2                   
  Model ID:           weather_720_96_None_patch6_b1.0Model:              TimeFilter          

[1mData Loader[0m
  Data:               custom              Root Path:          ./data              
  Data Path:          weather.csv         Features:           M                   
  Target:             OT                  Freq:               h                   
  Checkpoints:        ./checkpoints/      

[1mForecasting Task[0m
  Seq Len:            720                 Label Len:          48                  
  Pred Len:           96                  Seasonal Patterns:  Monthly             
  Inverse:            0                   

[1mModel Parameters[0m
  Top k:              5                   Num Kernels:        6                   
  Enc In:             21                  Dec In:             21                  
  C Out:              21                  d model:            128                 
  n heads:            4                   e layers:           2                   
  d layers:           1                   d FF:               256                 
  Moving Avg:         25                  Factor:             3                   
  Distil:             1                   Dropout:            0.3                 
  Embed:              timeF               Activation:         gelu                
  Output Attention:   0                   

[1mRun Parameters[0m
  Num Workers:        1                   Itr:                1                   
  Train Epochs:       10                  Batch Size:         32                  
  Patience:           3                   Learning Rate:      0.0005              
  Des:                Exp                 Loss:               MSE                 
  Lradj:              cosine              Use Amp:            0                   

[1mGPU[0m
  Use GPU:            1                   GPU:                0                   
  Use Multi GPU:      0                   Devices:            0,1,2,3             

[1mDe-stationary Projector Params[0m
  P Hidden Dims:      128, 128            P Hidden Layers:    2                   

Use GPU: cuda:0
>>>>>>>start training : long_term_forecast_weather_720_96_None_patch6_b1.0_TimeFilter_custom_addlossNone_numpairsmax_patchlen16_alpha1.0_beta0.1>>>>>>>>>>>>>>>>>>>>>>>>>>
train 36072
val 5175
test 10444
	iters: 100, epoch: 1 | loss: 0.4636396
	speed: 0.0469s/iter; left time: 524.4045s
	iters: 200, epoch: 1 | loss: 0.4368658
	speed: 0.0215s/iter; left time: 238.3327s
	iters: 300, epoch: 1 | loss: 0.3056791
	speed: 0.0257s/iter; left time: 282.6100s
	iters: 400, epoch: 1 | loss: 0.4335145
	speed: 0.0261s/iter; left time: 283.8248s
	iters: 500, epoch: 1 | loss: 0.3992623
	speed: 0.0254s/iter; left time: 274.2845s
	iters: 600, epoch: 1 | loss: 0.5531201
	speed: 0.0237s/iter; left time: 253.3299s
	iters: 700, epoch: 1 | loss: 0.4417145
	speed: 0.0239s/iter; left time: 253.1460s
	iters: 800, epoch: 1 | loss: 0.3234364
	speed: 0.0225s/iter; left time: 235.3393s
	iters: 900, epoch: 1 | loss: 0.4545072
	speed: 0.0224s/iter; left time: 232.3178s
	iters: 1000, epoch: 1 | loss: 0.3224318
	speed: 0.0228s/iter; left time: 234.9178s
	iters: 1100, epoch: 1 | loss: 0.3591166
	speed: 0.0230s/iter; left time: 233.9898s
Epoch: 1 cost time: 28.462871551513672
Epoch: 1, Steps: 1128 | Train Loss: 0.5096098 Vali Loss: 0.3843369 Test Loss: 0.1509615
Validation loss decreased (inf --> 0.384337).  Saving model ...
Updating learning rate to 0.0004877641290737884
	iters: 100, epoch: 2 | loss: 0.2966804
	speed: 0.1098s/iter; left time: 1103.4184s
	iters: 200, epoch: 2 | loss: 1.3080373
	speed: 0.0234s/iter; left time: 233.1347s
	iters: 300, epoch: 2 | loss: 0.3188185
	speed: 0.0229s/iter; left time: 225.5803s
	iters: 400, epoch: 2 | loss: 0.2840973
	speed: 0.0229s/iter; left time: 223.6479s
	iters: 500, epoch: 2 | loss: 0.3196297
	speed: 0.0219s/iter; left time: 211.3314s
	iters: 600, epoch: 2 | loss: 0.3909550
	speed: 0.0244s/iter; left time: 232.8099s
	iters: 700, epoch: 2 | loss: 1.2174993
	speed: 0.0227s/iter; left time: 214.6323s
	iters: 800, epoch: 2 | loss: 0.4091792
	speed: 0.0225s/iter; left time: 210.6723s
	iters: 900, epoch: 2 | loss: 0.3732788
	speed: 0.0202s/iter; left time: 187.1730s
	iters: 1000, epoch: 2 | loss: 0.3237214
	speed: 0.0229s/iter; left time: 209.2323s
	iters: 1100, epoch: 2 | loss: 0.3996068
	speed: 0.0241s/iter; left time: 218.0881s
Epoch: 2 cost time: 25.99282693862915
Epoch: 2, Steps: 1128 | Train Loss: 0.4641006 Vali Loss: 0.4082884 Test Loss: 0.1551847
Validation loss decreased (0.384337 --> 0.408288).  Saving model ...
Updating learning rate to 0.0004522542485937369
	iters: 100, epoch: 3 | loss: 0.4956776
	speed: 0.1059s/iter; left time: 945.3554s
	iters: 200, epoch: 3 | loss: 0.3330118
	speed: 0.0196s/iter; left time: 173.3120s
	iters: 300, epoch: 3 | loss: 0.4908859
	speed: 0.0247s/iter; left time: 215.1475s
	iters: 400, epoch: 3 | loss: 0.4115799
	speed: 0.0213s/iter; left time: 183.3261s
	iters: 500, epoch: 3 | loss: 0.4705510
	speed: 0.0209s/iter; left time: 178.3052s
	iters: 600, epoch: 3 | loss: 0.2516665
	speed: 0.0274s/iter; left time: 230.8163s
	iters: 700, epoch: 3 | loss: 0.3446241
	speed: 0.0220s/iter; left time: 183.4005s
	iters: 800, epoch: 3 | loss: 0.3553336
	speed: 0.0229s/iter; left time: 188.3524s
	iters: 900, epoch: 3 | loss: 0.4969626
	speed: 0.0225s/iter; left time: 182.7195s
	iters: 1000, epoch: 3 | loss: 1.2822963
	speed: 0.0232s/iter; left time: 186.3905s
	iters: 1100, epoch: 3 | loss: 0.3004283
	speed: 0.0230s/iter; left time: 181.8831s
Epoch: 3 cost time: 25.80383276939392
Epoch: 3, Steps: 1128 | Train Loss: 0.4459227 Vali Loss: 0.4056864 Test Loss: 0.1538217
Validation loss decreased (0.408288 --> 0.405686).  Saving model ...
Updating learning rate to 0.0003969463130731183
	iters: 100, epoch: 4 | loss: 0.4307736
	speed: 0.1136s/iter; left time: 885.5026s
	iters: 200, epoch: 4 | loss: 0.3298794
	speed: 0.0225s/iter; left time: 173.5496s
	iters: 300, epoch: 4 | loss: 0.4145600
	speed: 0.0220s/iter; left time: 167.1838s
	iters: 400, epoch: 4 | loss: 0.5006487
	speed: 0.0220s/iter; left time: 164.9942s
	iters: 500, epoch: 4 | loss: 0.2746885
	speed: 0.0232s/iter; left time: 171.8795s
	iters: 600, epoch: 4 | loss: 0.3169947
	speed: 0.0235s/iter; left time: 171.5977s
	iters: 700, epoch: 4 | loss: 0.3163059
	speed: 0.0241s/iter; left time: 173.3915s
	iters: 800, epoch: 4 | loss: 0.4159504
	speed: 0.0239s/iter; left time: 169.2851s
	iters: 900, epoch: 4 | loss: 0.3011377
	speed: 0.0230s/iter; left time: 160.9091s
	iters: 1000, epoch: 4 | loss: 0.5020329
	speed: 0.0222s/iter; left time: 153.4574s
	iters: 1100, epoch: 4 | loss: 0.2999179
	speed: 0.0220s/iter; left time: 149.6009s
Epoch: 4 cost time: 26.076228141784668
Epoch: 4, Steps: 1128 | Train Loss: 0.4325502 Vali Loss: 0.4074308 Test Loss: 0.1587250
Validation loss decreased (0.405686 --> 0.407431).  Saving model ...
Updating learning rate to 0.00032725424859373687
	iters: 100, epoch: 5 | loss: 0.4172094
	speed: 0.1084s/iter; left time: 722.8108s
	iters: 200, epoch: 5 | loss: 0.4732654
	speed: 0.0203s/iter; left time: 133.5055s
	iters: 300, epoch: 5 | loss: 1.2842979
	speed: 0.0224s/iter; left time: 144.9971s
	iters: 400, epoch: 5 | loss: 0.4092311
	speed: 0.0205s/iter; left time: 130.4319s
	iters: 500, epoch: 5 | loss: 0.3491068
	speed: 0.0200s/iter; left time: 125.6018s
	iters: 600, epoch: 5 | loss: 0.3886547
	speed: 0.0252s/iter; left time: 155.4230s
	iters: 700, epoch: 5 | loss: 0.5882733
	speed: 0.0199s/iter; left time: 120.4934s
	iters: 800, epoch: 5 | loss: 0.2898873
	speed: 0.0199s/iter; left time: 118.7273s
	iters: 900, epoch: 5 | loss: 0.2732803
	speed: 0.0259s/iter; left time: 151.7286s
	iters: 1000, epoch: 5 | loss: 0.2849666
	speed: 0.0223s/iter; left time: 128.6912s
	iters: 1100, epoch: 5 | loss: 0.2442826
	speed: 0.0235s/iter; left time: 133.4853s
Epoch: 5 cost time: 25.09938073158264
Epoch: 5, Steps: 1128 | Train Loss: 0.4212200 Vali Loss: 0.4079832 Test Loss: 0.1561304
Validation loss decreased (0.407431 --> 0.407983).  Saving model ...
Updating learning rate to 0.00025
	iters: 100, epoch: 6 | loss: 0.3458501
	speed: 0.1068s/iter; left time: 591.6294s
	iters: 200, epoch: 6 | loss: 0.4814736
	speed: 0.0238s/iter; left time: 129.6621s
	iters: 300, epoch: 6 | loss: 0.3046150
	speed: 0.0252s/iter; left time: 134.6102s
	iters: 400, epoch: 6 | loss: 0.6541526
	speed: 0.0228s/iter; left time: 119.5264s
	iters: 500, epoch: 6 | loss: 0.2756279
	speed: 0.0222s/iter; left time: 114.3756s
	iters: 600, epoch: 6 | loss: 1.3411229
	speed: 0.0226s/iter; left time: 113.8099s
	iters: 700, epoch: 6 | loss: 0.3374604
	speed: 0.0227s/iter; left time: 112.3750s
	iters: 800, epoch: 6 | loss: 0.3786479
	speed: 0.0229s/iter; left time: 111.0056s
	iters: 900, epoch: 6 | loss: 0.3491432
	speed: 0.0237s/iter; left time: 112.5820s
	iters: 1000, epoch: 6 | loss: 0.3273682
	speed: 0.0231s/iter; left time: 107.1641s
	iters: 1100, epoch: 6 | loss: 0.4105830
	speed: 0.0233s/iter; left time: 105.7747s
Epoch: 6 cost time: 26.359923839569092
Epoch: 6, Steps: 1128 | Train Loss: 0.4125662 Vali Loss: 0.4114397 Test Loss: 0.1597378
Validation loss decreased (0.407983 --> 0.411440).  Saving model ...
Updating learning rate to 0.00017274575140626317
	iters: 100, epoch: 7 | loss: 0.3299665
	speed: 0.1086s/iter; left time: 479.1976s
	iters: 200, epoch: 7 | loss: 0.4398250
	speed: 0.0239s/iter; left time: 103.0598s
	iters: 300, epoch: 7 | loss: 0.2804699
	speed: 0.0238s/iter; left time: 100.4386s
	iters: 400, epoch: 7 | loss: 0.3442078
	speed: 0.0233s/iter; left time: 95.9127s
	iters: 500, epoch: 7 | loss: 0.2757969
	speed: 0.0200s/iter; left time: 80.1566s
	iters: 600, epoch: 7 | loss: 0.2799324
	speed: 0.0229s/iter; left time: 89.4581s
	iters: 700, epoch: 7 | loss: 0.2724256
	speed: 0.0205s/iter; left time: 78.1135s
	iters: 800, epoch: 7 | loss: 0.2946388
	speed: 0.0199s/iter; left time: 73.7824s
	iters: 900, epoch: 7 | loss: 0.3483299
	speed: 0.0268s/iter; left time: 96.9689s
	iters: 1000, epoch: 7 | loss: 0.2574585
	speed: 0.0197s/iter; left time: 69.2654s
	iters: 1100, epoch: 7 | loss: 0.2746284
	speed: 0.0202s/iter; left time: 68.7818s
Epoch: 7 cost time: 25.34444785118103
Epoch: 7, Steps: 1128 | Train Loss: 0.4057598 Vali Loss: 0.4109727 Test Loss: 0.1589036
Validation loss decreased (0.411440 --> 0.410973).  Saving model ...
Updating learning rate to 0.00010305368692688174
	iters: 100, epoch: 8 | loss: 0.5049999
	speed: 0.1172s/iter; left time: 384.9880s
	iters: 200, epoch: 8 | loss: 0.3040840
	speed: 0.0236s/iter; left time: 75.2095s
	iters: 300, epoch: 8 | loss: 0.2313507
	speed: 0.0221s/iter; left time: 68.1320s
	iters: 400, epoch: 8 | loss: 0.2786998
	speed: 0.0229s/iter; left time: 68.2807s
	iters: 500, epoch: 8 | loss: 0.3007607
	speed: 0.0226s/iter; left time: 65.0689s
	iters: 600, epoch: 8 | loss: 0.2875954
	speed: 0.0220s/iter; left time: 61.3507s
	iters: 700, epoch: 8 | loss: 0.3381841
	speed: 0.0234s/iter; left time: 62.9308s
	iters: 800, epoch: 8 | loss: 0.4481291
	speed: 0.0221s/iter; left time: 57.1712s
	iters: 900, epoch: 8 | loss: 0.6477506
	speed: 0.0232s/iter; left time: 57.5878s
	iters: 1000, epoch: 8 | loss: 0.3776045
	speed: 0.0236s/iter; left time: 56.3053s
	iters: 1100, epoch: 8 | loss: 0.2848784
	speed: 0.0222s/iter; left time: 50.7126s
Epoch: 8 cost time: 25.85308027267456
Epoch: 8, Steps: 1128 | Train Loss: 0.4012557 Vali Loss: 0.4137736 Test Loss: 0.1581403
Validation loss decreased (0.410973 --> 0.413774).  Saving model ...
Updating learning rate to 4.7745751406263163e-05
	iters: 100, epoch: 9 | loss: 1.1988213
	speed: 0.1107s/iter; left time: 238.8522s
	iters: 200, epoch: 9 | loss: 0.2881922
	speed: 0.0230s/iter; left time: 47.3019s
	iters: 300, epoch: 9 | loss: 0.2494564
	speed: 0.0210s/iter; left time: 41.1872s
	iters: 400, epoch: 9 | loss: 0.2603976
	speed: 0.0236s/iter; left time: 43.7909s
	iters: 500, epoch: 9 | loss: 0.2426033
	speed: 0.0233s/iter; left time: 40.9810s
	iters: 600, epoch: 9 | loss: 0.4427286
	speed: 0.0221s/iter; left time: 36.6006s
	iters: 700, epoch: 9 | loss: 1.2322673
	speed: 0.0228s/iter; left time: 35.4384s
	iters: 800, epoch: 9 | loss: 0.3157454
	speed: 0.0216s/iter; left time: 31.4496s
	iters: 900, epoch: 9 | loss: 0.4642169
	speed: 0.0203s/iter; left time: 27.5169s
	iters: 1000, epoch: 9 | loss: 0.2991188
	speed: 0.0244s/iter; left time: 30.6532s
	iters: 1100, epoch: 9 | loss: 0.3455270
	speed: 0.0202s/iter; left time: 23.4288s
Epoch: 9 cost time: 25.307283878326416
Epoch: 9, Steps: 1128 | Train Loss: 0.3981834 Vali Loss: 0.4159867 Test Loss: 0.1591351
Validation loss decreased (0.413774 --> 0.415987).  Saving model ...
Updating learning rate to 1.2235870926211617e-05
	iters: 100, epoch: 10 | loss: 0.3031143
	speed: 0.1108s/iter; left time: 114.0197s
	iters: 200, epoch: 10 | loss: 1.7776486
	speed: 0.0232s/iter; left time: 21.5512s
	iters: 300, epoch: 10 | loss: 0.2943722
	speed: 0.0221s/iter; left time: 18.3527s
	iters: 400, epoch: 10 | loss: 0.3162250
	speed: 0.0217s/iter; left time: 15.8209s
	iters: 500, epoch: 10 | loss: 0.3235507
	speed: 0.0226s/iter; left time: 14.2410s
	iters: 600, epoch: 10 | loss: 0.4367976
	speed: 0.0228s/iter; left time: 12.0782s
	iters: 700, epoch: 10 | loss: 0.2885411
	speed: 0.0216s/iter; left time: 9.2751s
	iters: 800, epoch: 10 | loss: 0.2523414
	speed: 0.0222s/iter; left time: 7.2920s
	iters: 900, epoch: 10 | loss: 0.2898444
	speed: 0.0216s/iter; left time: 4.9462s
	iters: 1000, epoch: 10 | loss: 0.3226547
	speed: 0.0230s/iter; left time: 2.9623s
	iters: 1100, epoch: 10 | loss: 1.0489933
	speed: 0.0225s/iter; left time: 0.6527s
Epoch: 10 cost time: 26.224661350250244
Epoch: 10, Steps: 1128 | Train Loss: 0.3962273 Vali Loss: 0.4145691 Test Loss: 0.1587167
Validation loss decreased (0.415987 --> 0.414569).  Saving model ...
Updating learning rate to 0.0
>>>>>>>testing : long_term_forecast_weather_720_96_None_patch6_b1.0_TimeFilter_custom_addlossNone_numpairsmax_patchlen16_alpha1.0_beta0.1<<<<<<<<<<<<<<<<<<<<<<<<<<<<<<<<<
test 10444
mse:0.158706933259964, mae:0.21252281963825226
================================================================================
Model Profiling Summary
Total Params             : 364,580
Inference Time (s)       : 0.010602
GPU Mem Footprint (MB)   : 28.31
Peak Mem (MB)            : 189.02
================================================================================
Deleted model checkpoint at: ./checkpoints/long_term_forecast_weather_720_96_None_patch6_b1.0_TimeFilter_custom_addlossNone_numpairsmax_patchlen16_alpha1.0_beta0.1/checkpoint.pth
[OK] TimeFilter | seq_len=720 | pred_len=96 | mse=0.159 | mae=0.213
======================================================
Running | model=TimeFilter | table_name=CvLoss | seq_len=720 | pred_len=192 | add_loss=fcv
======================================================
Args in experiment:
[1mBasic Config[0m
  Task Name:          long_term_forecast  Is Training:        2                   
  Model ID:           weather_720_192_fcv_patch6_b1.0Model:              TimeFilter          

[1mData Loader[0m
  Data:               custom              Root Path:          ./data              
  Data Path:          weather.csv         Features:           M                   
  Target:             OT                  Freq:               h                   
  Checkpoints:        ./checkpoints/      

[1mForecasting Task[0m
  Seq Len:            720                 Label Len:          48                  
  Pred Len:           192                 Seasonal Patterns:  Monthly             
  Inverse:            0                   

[1mModel Parameters[0m
  Top k:              5                   Num Kernels:        6                   
  Enc In:             21                  Dec In:             21                  
  C Out:              21                  d model:            128                 
  n heads:            4                   e layers:           2                   
  d layers:           1                   d FF:               256                 
  Moving Avg:         25                  Factor:             3                   
  Distil:             1                   Dropout:            0.3                 
  Embed:              timeF               Activation:         gelu                
  Output Attention:   0                   

[1mRun Parameters[0m
  Num Workers:        1                   Itr:                1                   
  Train Epochs:       10                  Batch Size:         32                  
  Patience:           3                   Learning Rate:      0.0005              
  Des:                Exp                 Loss:               MSE                 
  Lradj:              cosine              Use Amp:            0                   

[1mGPU[0m
  Use GPU:            1                   GPU:                0                   
  Use Multi GPU:      0                   Devices:            0,1,2,3             

[1mDe-stationary Projector Params[0m
  P Hidden Dims:      128, 128            P Hidden Layers:    2                   

Use GPU: cuda:0
>>>>>>>start training : long_term_forecast_weather_720_192_fcv_patch6_b1.0_TimeFilter_custom_addlossfcv_numpairsmax_patchlen6_alpha0.0_beta1.0>>>>>>>>>>>>>>>>>>>>>>>>>>
train 35976
val 5079
test 10348
	iters: 100, epoch: 1 | loss: 0.7081112
	speed: 0.0667s/iter; left time: 743.2743s
	iters: 200, epoch: 1 | loss: 0.6499918
	speed: 0.0453s/iter; left time: 500.2655s
	iters: 300, epoch: 1 | loss: 0.6407993
	speed: 0.0414s/iter; left time: 453.7193s
	iters: 400, epoch: 1 | loss: 0.5964447
	speed: 0.0392s/iter; left time: 425.4551s
	iters: 500, epoch: 1 | loss: 0.6086813
	speed: 0.0429s/iter; left time: 461.5280s
	iters: 600, epoch: 1 | loss: 0.5632576
	speed: 0.0445s/iter; left time: 473.5346s
	iters: 700, epoch: 1 | loss: 0.5265018
	speed: 0.0395s/iter; left time: 416.3276s
	iters: 800, epoch: 1 | loss: 0.5435185
	speed: 0.0394s/iter; left time: 412.1096s
	iters: 900, epoch: 1 | loss: 0.5470910
	speed: 0.0407s/iter; left time: 421.2721s
	iters: 1000, epoch: 1 | loss: 0.5667636
	speed: 0.0399s/iter; left time: 408.8206s
	iters: 1100, epoch: 1 | loss: 0.5629501
	speed: 0.0402s/iter; left time: 408.1297s
Epoch: 1 cost time: 48.404197216033936
Epoch: 1, Steps: 1125 | Train Loss: 0.6092008 Vali Loss: 0.4553814 Test Loss: 0.1899614
Validation loss decreased (inf --> 0.455381).  Saving model ...
Updating learning rate to 0.0004877641290737884
	iters: 100, epoch: 2 | loss: 0.5665341
	speed: 0.1263s/iter; left time: 1266.3075s
	iters: 200, epoch: 2 | loss: 0.5220042
	speed: 0.0405s/iter; left time: 402.4750s
	iters: 300, epoch: 2 | loss: 0.5703101
	speed: 0.0397s/iter; left time: 389.7289s
	iters: 400, epoch: 2 | loss: 0.5125477
	speed: 0.0416s/iter; left time: 404.8201s
	iters: 500, epoch: 2 | loss: 0.5292618
	speed: 0.0408s/iter; left time: 393.1668s
	iters: 600, epoch: 2 | loss: 0.5632690
	speed: 0.0454s/iter; left time: 432.4405s
	iters: 700, epoch: 2 | loss: 0.5816065
	speed: 0.0425s/iter; left time: 400.3363s
	iters: 800, epoch: 2 | loss: 0.5402011
	speed: 0.0394s/iter; left time: 367.8334s
	iters: 900, epoch: 2 | loss: 0.5368726
	speed: 0.0455s/iter; left time: 419.7183s
	iters: 1000, epoch: 2 | loss: 0.5448660
	speed: 0.0435s/iter; left time: 397.3814s
	iters: 1100, epoch: 2 | loss: 0.5219418
	speed: 0.0404s/iter; left time: 364.8844s
Epoch: 2 cost time: 47.64951944351196
Epoch: 2, Steps: 1125 | Train Loss: 0.5524406 Vali Loss: 0.4603954 Test Loss: 0.1979010
Validation loss decreased (0.455381 --> 0.460395).  Saving model ...
Updating learning rate to 0.0004522542485937369
	iters: 100, epoch: 3 | loss: 0.5007520
	speed: 0.1402s/iter; left time: 1248.1063s
	iters: 200, epoch: 3 | loss: 0.5194615
	speed: 0.0422s/iter; left time: 371.4851s
	iters: 300, epoch: 3 | loss: 0.5446270
	speed: 0.0447s/iter; left time: 388.5771s
	iters: 400, epoch: 3 | loss: 0.5343522
	speed: 0.0425s/iter; left time: 365.4081s
	iters: 500, epoch: 3 | loss: 0.5025228
	speed: 0.0433s/iter; left time: 368.5094s
	iters: 600, epoch: 3 | loss: 0.5209338
	speed: 0.0429s/iter; left time: 360.4121s
	iters: 700, epoch: 3 | loss: 0.4858826
	speed: 0.0422s/iter; left time: 350.3533s
	iters: 800, epoch: 3 | loss: 0.4951020
	speed: 0.0426s/iter; left time: 349.0442s
	iters: 900, epoch: 3 | loss: 0.4876919
	speed: 0.0433s/iter; left time: 350.7717s
	iters: 1000, epoch: 3 | loss: 0.5380887
	speed: 0.0415s/iter; left time: 331.6502s
	iters: 1100, epoch: 3 | loss: 0.4886279
	speed: 0.0439s/iter; left time: 346.8003s
Epoch: 3 cost time: 48.45376682281494
Epoch: 3, Steps: 1125 | Train Loss: 0.5207777 Vali Loss: 0.4882970 Test Loss: 0.2085895
Validation loss decreased (0.460395 --> 0.488297).  Saving model ...
Updating learning rate to 0.0003969463130731183
	iters: 100, epoch: 4 | loss: 0.5227199
	speed: 0.1366s/iter; left time: 1062.5353s
	iters: 200, epoch: 4 | loss: 0.4936467
	speed: 0.0378s/iter; left time: 290.2116s
	iters: 300, epoch: 4 | loss: 0.5050063
	speed: 0.0446s/iter; left time: 337.6983s
	iters: 400, epoch: 4 | loss: 0.5146003
	speed: 0.0415s/iter; left time: 310.4106s
	iters: 500, epoch: 4 | loss: 0.5172514
	speed: 0.0412s/iter; left time: 304.0757s
	iters: 600, epoch: 4 | loss: 0.4908423
	speed: 0.0413s/iter; left time: 300.6396s
	iters: 700, epoch: 4 | loss: 0.4651738
	speed: 0.0415s/iter; left time: 297.6076s
	iters: 800, epoch: 4 | loss: 0.4910376
	speed: 0.0428s/iter; left time: 302.9686s
	iters: 900, epoch: 4 | loss: 0.5237898
	speed: 0.0423s/iter; left time: 295.0135s
	iters: 1000, epoch: 4 | loss: 0.5045191
	speed: 0.0427s/iter; left time: 293.3789s
	iters: 1100, epoch: 4 | loss: 0.4804751
	speed: 0.0415s/iter; left time: 281.1381s
Epoch: 4 cost time: 47.2935152053833
Epoch: 4, Steps: 1125 | Train Loss: 0.4979170 Vali Loss: 0.4911317 Test Loss: 0.2085385
Validation loss decreased (0.488297 --> 0.491132).  Saving model ...
Updating learning rate to 0.00032725424859373687
	iters: 100, epoch: 5 | loss: 0.4891832
	speed: 0.1327s/iter; left time: 882.9136s
	iters: 200, epoch: 5 | loss: 0.5153012
	speed: 0.0422s/iter; left time: 276.6336s
	iters: 300, epoch: 5 | loss: 0.5035561
	speed: 0.0449s/iter; left time: 289.4849s
	iters: 400, epoch: 5 | loss: 0.4673637
	speed: 0.0447s/iter; left time: 283.9263s
	iters: 500, epoch: 5 | loss: 0.4930729
	speed: 0.0394s/iter; left time: 246.0295s
	iters: 600, epoch: 5 | loss: 0.4802549
	speed: 0.0423s/iter; left time: 259.9920s
	iters: 700, epoch: 5 | loss: 0.4880760
	speed: 0.0453s/iter; left time: 273.8830s
	iters: 800, epoch: 5 | loss: 0.4824640
	speed: 0.0407s/iter; left time: 242.3676s
	iters: 900, epoch: 5 | loss: 0.4393052
	speed: 0.0408s/iter; left time: 238.9723s
	iters: 1000, epoch: 5 | loss: 0.4570829
	speed: 0.0413s/iter; left time: 237.2923s
	iters: 1100, epoch: 5 | loss: 0.4703764
	speed: 0.0426s/iter; left time: 240.6328s
Epoch: 5 cost time: 47.751325845718384
Epoch: 5, Steps: 1125 | Train Loss: 0.4822088 Vali Loss: 0.4953722 Test Loss: 0.2116408
Validation loss decreased (0.491132 --> 0.495372).  Saving model ...
Updating learning rate to 0.00025
	iters: 100, epoch: 6 | loss: 0.4748935
	speed: 0.1360s/iter; left time: 751.7200s
	iters: 200, epoch: 6 | loss: 0.4425557
	speed: 0.0411s/iter; left time: 222.9643s
	iters: 300, epoch: 6 | loss: 0.4700559
	speed: 0.0410s/iter; left time: 218.5894s
	iters: 400, epoch: 6 | loss: 0.4981749
	speed: 0.0415s/iter; left time: 217.0469s
	iters: 500, epoch: 6 | loss: 0.5155860
	speed: 0.0400s/iter; left time: 205.1947s
	iters: 600, epoch: 6 | loss: 0.4587249
	speed: 0.0414s/iter; left time: 207.9185s
	iters: 700, epoch: 6 | loss: 0.4718951
	speed: 0.0448s/iter; left time: 220.6580s
	iters: 800, epoch: 6 | loss: 0.4653645
	speed: 0.0415s/iter; left time: 200.1186s
	iters: 900, epoch: 6 | loss: 0.4926612
	speed: 0.0402s/iter; left time: 190.0729s
	iters: 1000, epoch: 6 | loss: 0.4729026
	speed: 0.0427s/iter; left time: 197.3285s
	iters: 1100, epoch: 6 | loss: 0.4797133
	speed: 0.0380s/iter; left time: 172.2103s
Epoch: 6 cost time: 46.94153165817261
Epoch: 6, Steps: 1125 | Train Loss: 0.4709420 Vali Loss: 0.4927231 Test Loss: 0.2135315
Validation loss decreased (0.495372 --> 0.492723).  Saving model ...
Updating learning rate to 0.00017274575140626317
	iters: 100, epoch: 7 | loss: 0.4648131
	speed: 0.1334s/iter; left time: 587.2614s
	iters: 200, epoch: 7 | loss: 0.4653958
	speed: 0.0404s/iter; left time: 173.8650s
	iters: 300, epoch: 7 | loss: 0.4476393
	speed: 0.0400s/iter; left time: 167.9866s
	iters: 400, epoch: 7 | loss: 0.4678576
	speed: 0.0416s/iter; left time: 170.6104s
	iters: 500, epoch: 7 | loss: 0.4230616
	speed: 0.0414s/iter; left time: 165.5234s
	iters: 600, epoch: 7 | loss: 0.4195808
	speed: 0.0410s/iter; left time: 160.0174s
	iters: 700, epoch: 7 | loss: 0.4948650
	speed: 0.0412s/iter; left time: 156.4659s
	iters: 800, epoch: 7 | loss: 0.4742182
	speed: 0.0405s/iter; left time: 149.8201s
	iters: 900, epoch: 7 | loss: 0.4775175
	speed: 0.0407s/iter; left time: 146.5084s
	iters: 1000, epoch: 7 | loss: 0.4593619
	speed: 0.0402s/iter; left time: 140.7764s
	iters: 1100, epoch: 7 | loss: 0.4382802
	speed: 0.0405s/iter; left time: 137.7430s
Epoch: 7 cost time: 46.273237228393555
Epoch: 7, Steps: 1125 | Train Loss: 0.4623469 Vali Loss: 0.4952792 Test Loss: 0.2130090
Validation loss decreased (0.492723 --> 0.495279).  Saving model ...
Updating learning rate to 0.00010305368692688174
	iters: 100, epoch: 8 | loss: 0.4460443
	speed: 0.1373s/iter; left time: 449.9333s
	iters: 200, epoch: 8 | loss: 0.4804862
	speed: 0.0453s/iter; left time: 143.8440s
	iters: 300, epoch: 8 | loss: 0.4802640
	speed: 0.0380s/iter; left time: 116.7872s
	iters: 400, epoch: 8 | loss: 0.4641397
	speed: 0.0459s/iter; left time: 136.6674s
	iters: 500, epoch: 8 | loss: 0.4684355
	speed: 0.0405s/iter; left time: 116.5533s
	iters: 600, epoch: 8 | loss: 0.4295532
	speed: 0.0408s/iter; left time: 113.1455s
	iters: 700, epoch: 8 | loss: 0.4556213
	speed: 0.0414s/iter; left time: 110.6821s
	iters: 800, epoch: 8 | loss: 0.4985880
	speed: 0.0431s/iter; left time: 111.1066s
	iters: 900, epoch: 8 | loss: 0.4884385
	speed: 0.0425s/iter; left time: 105.1133s
	iters: 1000, epoch: 8 | loss: 0.4531704
	speed: 0.0420s/iter; left time: 99.8473s
	iters: 1100, epoch: 8 | loss: 0.4562867
	speed: 0.0433s/iter; left time: 98.5565s
Epoch: 8 cost time: 47.78271269798279
Epoch: 8, Steps: 1125 | Train Loss: 0.4562280 Vali Loss: 0.5059164 Test Loss: 0.2182474
Validation loss decreased (0.495279 --> 0.505916).  Saving model ...
Updating learning rate to 4.7745751406263163e-05
	iters: 100, epoch: 9 | loss: 0.4613383
	speed: 0.1324s/iter; left time: 284.8925s
	iters: 200, epoch: 9 | loss: 0.4582534
	speed: 0.0397s/iter; left time: 81.5004s
	iters: 300, epoch: 9 | loss: 0.4440378
	speed: 0.0419s/iter; left time: 81.7290s
	iters: 400, epoch: 9 | loss: 0.4530006
	speed: 0.0431s/iter; left time: 79.8142s
	iters: 500, epoch: 9 | loss: 0.4277765
	speed: 0.0390s/iter; left time: 68.2433s
	iters: 600, epoch: 9 | loss: 0.4454111
	speed: 0.0392s/iter; left time: 64.7905s
	iters: 700, epoch: 9 | loss: 0.4590972
	speed: 0.0418s/iter; left time: 64.8497s
	iters: 800, epoch: 9 | loss: 0.4233004
	speed: 0.0412s/iter; left time: 59.8530s
	iters: 900, epoch: 9 | loss: 0.4360802
	speed: 0.0433s/iter; left time: 58.5550s
	iters: 1000, epoch: 9 | loss: 0.4256741
	speed: 0.0424s/iter; left time: 52.9959s
	iters: 1100, epoch: 9 | loss: 0.4611954
	speed: 0.0423s/iter; left time: 48.6561s
Epoch: 9 cost time: 46.77927112579346
Epoch: 9, Steps: 1125 | Train Loss: 0.4520284 Vali Loss: 0.5072405 Test Loss: 0.2163457
Validation loss decreased (0.505916 --> 0.507240).  Saving model ...
Updating learning rate to 1.2235870926211617e-05
	iters: 100, epoch: 10 | loss: 0.4378513
	speed: 0.1334s/iter; left time: 136.8403s
	iters: 200, epoch: 10 | loss: 0.4851752
	speed: 0.0407s/iter; left time: 37.6859s
	iters: 300, epoch: 10 | loss: 0.4628434
	speed: 0.0409s/iter; left time: 33.8032s
	iters: 400, epoch: 10 | loss: 0.5011397
	speed: 0.0415s/iter; left time: 30.1346s
	iters: 500, epoch: 10 | loss: 0.4587275
	speed: 0.0409s/iter; left time: 25.5849s
	iters: 600, epoch: 10 | loss: 0.4257334
	speed: 0.0407s/iter; left time: 21.4159s
	iters: 700, epoch: 10 | loss: 0.4548722
	speed: 0.0404s/iter; left time: 17.2063s
	iters: 800, epoch: 10 | loss: 0.4492974
	speed: 0.0415s/iter; left time: 13.5145s
	iters: 900, epoch: 10 | loss: 0.4257604
	speed: 0.0439s/iter; left time: 9.9135s
	iters: 1000, epoch: 10 | loss: 0.4519411
	speed: 0.0413s/iter; left time: 5.2037s
	iters: 1100, epoch: 10 | loss: 0.4783209
	speed: 0.0396s/iter; left time: 1.0285s
Epoch: 10 cost time: 46.766377210617065
Epoch: 10, Steps: 1125 | Train Loss: 0.4499868 Vali Loss: 0.5058494 Test Loss: 0.2158960
Validation loss decreased (0.507240 --> 0.505849).  Saving model ...
Updating learning rate to 0.0
>>>>>>>testing : long_term_forecast_weather_720_192_fcv_patch6_b1.0_TimeFilter_custom_addlossfcv_numpairsmax_patchlen6_alpha0.0_beta1.0<<<<<<<<<<<<<<<<<<<<<<<<<<<<<<<<<
test 10348
mse:0.21612443029880524, mae:0.25401440262794495
================================================================================
Model Profiling Summary
Total Params             : 548,996
Inference Time (s)       : 0.010776
GPU Mem Footprint (MB)   : 30.84
Peak Mem (MB)            : 191.30
================================================================================
Deleted model checkpoint at: ./checkpoints/long_term_forecast_weather_720_192_fcv_patch6_b1.0_TimeFilter_custom_addlossfcv_numpairsmax_patchlen6_alpha0.0_beta1.0/checkpoint.pth
[OK] CvLoss | seq_len=720 | pred_len=192 | mse=0.216 | mae=0.254
======================================================
Running | model=TimeFilter | table_name=TimeFilter | seq_len=720 | pred_len=192 | add_loss=None
======================================================
Args in experiment:
[1mBasic Config[0m
  Task Name:          long_term_forecast  Is Training:        2                   
  Model ID:           weather_720_192_None_patch6_b1.0Model:              TimeFilter          

[1mData Loader[0m
  Data:               custom              Root Path:          ./data              
  Data Path:          weather.csv         Features:           M                   
  Target:             OT                  Freq:               h                   
  Checkpoints:        ./checkpoints/      

[1mForecasting Task[0m
  Seq Len:            720                 Label Len:          48                  
  Pred Len:           192                 Seasonal Patterns:  Monthly             
  Inverse:            0                   

[1mModel Parameters[0m
  Top k:              5                   Num Kernels:        6                   
  Enc In:             21                  Dec In:             21                  
  C Out:              21                  d model:            128                 
  n heads:            4                   e layers:           2                   
  d layers:           1                   d FF:               256                 
  Moving Avg:         25                  Factor:             3                   
  Distil:             1                   Dropout:            0.3                 
  Embed:              timeF               Activation:         gelu                
  Output Attention:   0                   

[1mRun Parameters[0m
  Num Workers:        1                   Itr:                1                   
  Train Epochs:       10                  Batch Size:         32                  
  Patience:           3                   Learning Rate:      0.0005              
  Des:                Exp                 Loss:               MSE                 
  Lradj:              cosine              Use Amp:            0                   

[1mGPU[0m
  Use GPU:            1                   GPU:                0                   
  Use Multi GPU:      0                   Devices:            0,1,2,3             

[1mDe-stationary Projector Params[0m
  P Hidden Dims:      128, 128            P Hidden Layers:    2                   

Use GPU: cuda:0
>>>>>>>start training : long_term_forecast_weather_720_192_None_patch6_b1.0_TimeFilter_custom_addlossNone_numpairsmax_patchlen16_alpha1.0_beta0.1>>>>>>>>>>>>>>>>>>>>>>>>>>
train 35976
val 5079
test 10348
	iters: 100, epoch: 1 | loss: 0.5733047
	speed: 0.0503s/iter; left time: 560.7251s
	iters: 200, epoch: 1 | loss: 0.4879898
	speed: 0.0240s/iter; left time: 265.3065s
	iters: 300, epoch: 1 | loss: 0.5562063
	speed: 0.0249s/iter; left time: 273.1657s
	iters: 400, epoch: 1 | loss: 0.4261482
	speed: 0.0243s/iter; left time: 263.2006s
	iters: 500, epoch: 1 | loss: 0.9078599
	speed: 0.0251s/iter; left time: 269.5238s
	iters: 600, epoch: 1 | loss: 0.5016040
	speed: 0.0249s/iter; left time: 264.8571s
	iters: 700, epoch: 1 | loss: 0.3593789
	speed: 0.0241s/iter; left time: 253.9621s
	iters: 800, epoch: 1 | loss: 0.3502891
	speed: 0.0240s/iter; left time: 251.1718s
	iters: 900, epoch: 1 | loss: 0.3633016
	speed: 0.0248s/iter; left time: 256.2136s
	iters: 1000, epoch: 1 | loss: 0.4374015
	speed: 0.0242s/iter; left time: 248.3102s
	iters: 1100, epoch: 1 | loss: 0.4317337
	speed: 0.0229s/iter; left time: 232.7495s
Epoch: 1 cost time: 29.08888530731201
Epoch: 1, Steps: 1125 | Train Loss: 0.5567084 Vali Loss: 0.4536903 Test Loss: 0.1949368
Validation loss decreased (inf --> 0.453690).  Saving model ...
Updating learning rate to 0.0004877641290737884
	iters: 100, epoch: 2 | loss: 0.4556971
	speed: 0.1096s/iter; left time: 1099.2858s
	iters: 200, epoch: 2 | loss: 0.3368747
	speed: 0.0205s/iter; left time: 203.8359s
	iters: 300, epoch: 2 | loss: 0.8960449
	speed: 0.0224s/iter; left time: 219.8011s
	iters: 400, epoch: 2 | loss: 0.3883000
	speed: 0.0203s/iter; left time: 197.8438s
	iters: 500, epoch: 2 | loss: 0.3410190
	speed: 0.0207s/iter; left time: 198.9258s
	iters: 600, epoch: 2 | loss: 0.4943365
	speed: 0.0262s/iter; left time: 249.2865s
	iters: 700, epoch: 2 | loss: 0.4270027
	speed: 0.0209s/iter; left time: 196.8805s
	iters: 800, epoch: 2 | loss: 0.3962192
	speed: 0.0226s/iter; left time: 210.6130s
	iters: 900, epoch: 2 | loss: 0.4167408
	speed: 0.0287s/iter; left time: 264.8905s
	iters: 1000, epoch: 2 | loss: 0.7342910
	speed: 0.0244s/iter; left time: 222.3367s
	iters: 1100, epoch: 2 | loss: 0.3487127
	speed: 0.0244s/iter; left time: 220.3300s
Epoch: 2 cost time: 26.33678412437439
Epoch: 2, Steps: 1125 | Train Loss: 0.5005682 Vali Loss: 0.4712848 Test Loss: 0.2101552
Validation loss decreased (0.453690 --> 0.471285).  Saving model ...
Updating learning rate to 0.0004522542485937369
	iters: 100, epoch: 3 | loss: 0.3206068
	speed: 0.1219s/iter; left time: 1084.8002s
	iters: 200, epoch: 3 | loss: 0.3618989
	speed: 0.0243s/iter; left time: 213.6201s
	iters: 300, epoch: 3 | loss: 0.4910426
	speed: 0.0236s/iter; left time: 205.3959s
	iters: 400, epoch: 3 | loss: 0.3587575
	speed: 0.0237s/iter; left time: 203.7246s
	iters: 500, epoch: 3 | loss: 0.3757488
	speed: 0.0247s/iter; left time: 210.3518s
	iters: 600, epoch: 3 | loss: 0.3557447
	speed: 0.0248s/iter; left time: 208.1428s
	iters: 700, epoch: 3 | loss: 0.4769534
	speed: 0.0256s/iter; left time: 212.1007s
	iters: 800, epoch: 3 | loss: 0.3817077
	speed: 0.0234s/iter; left time: 191.9599s
	iters: 900, epoch: 3 | loss: 0.3347923
	speed: 0.0230s/iter; left time: 186.3294s
	iters: 1000, epoch: 3 | loss: 0.3447333
	speed: 0.0240s/iter; left time: 191.8258s
	iters: 1100, epoch: 3 | loss: 0.4157003
	speed: 0.0245s/iter; left time: 193.8793s
Epoch: 3 cost time: 27.555802822113037
Epoch: 3, Steps: 1125 | Train Loss: 0.4712259 Vali Loss: 0.4995018 Test Loss: 0.2077211
Validation loss decreased (0.471285 --> 0.499502).  Saving model ...
Updating learning rate to 0.0003969463130731183
	iters: 100, epoch: 4 | loss: 0.3536023
	speed: 0.1173s/iter; left time: 912.4856s
	iters: 200, epoch: 4 | loss: 0.3220612
	speed: 0.0236s/iter; left time: 181.2216s
	iters: 300, epoch: 4 | loss: 0.3944277
	speed: 0.0246s/iter; left time: 186.4005s
	iters: 400, epoch: 4 | loss: 0.9442444
	speed: 0.0210s/iter; left time: 156.9337s
	iters: 500, epoch: 4 | loss: 0.8440303
	speed: 0.0219s/iter; left time: 161.6396s
	iters: 600, epoch: 4 | loss: 0.3114321
	speed: 0.0221s/iter; left time: 161.1575s
	iters: 700, epoch: 4 | loss: 0.3732764
	speed: 0.0206s/iter; left time: 148.0819s
	iters: 800, epoch: 4 | loss: 0.4128629
	speed: 0.0259s/iter; left time: 183.3326s
	iters: 900, epoch: 4 | loss: 0.4151160
	speed: 0.0198s/iter; left time: 138.0346s
	iters: 1000, epoch: 4 | loss: 0.8657692
	speed: 0.0208s/iter; left time: 142.9193s
	iters: 1100, epoch: 4 | loss: 0.2967758
	speed: 0.0261s/iter; left time: 176.9596s
Epoch: 4 cost time: 25.84323501586914
Epoch: 4, Steps: 1125 | Train Loss: 0.4515833 Vali Loss: 0.4803819 Test Loss: 0.2090354
Validation loss decreased (0.499502 --> 0.480382).  Saving model ...
Updating learning rate to 0.00032725424859373687
	iters: 100, epoch: 5 | loss: 0.3529124
	speed: 0.1181s/iter; left time: 785.2174s
	iters: 200, epoch: 5 | loss: 0.8866044
	speed: 0.0238s/iter; left time: 155.6527s
	iters: 300, epoch: 5 | loss: 0.3482564
	speed: 0.0239s/iter; left time: 154.0979s
	iters: 400, epoch: 5 | loss: 0.3123119
	speed: 0.0247s/iter; left time: 156.8074s
	iters: 500, epoch: 5 | loss: 0.3033789
	speed: 0.0242s/iter; left time: 150.9940s
	iters: 600, epoch: 5 | loss: 0.3814883
	speed: 0.0235s/iter; left time: 144.3139s
	iters: 700, epoch: 5 | loss: 0.3922804
	speed: 0.0242s/iter; left time: 146.2788s
	iters: 800, epoch: 5 | loss: 0.4685863
	speed: 0.0239s/iter; left time: 142.1863s
	iters: 900, epoch: 5 | loss: 0.2749366
	speed: 0.0248s/iter; left time: 144.9281s
	iters: 1000, epoch: 5 | loss: 0.3521335
	speed: 0.0242s/iter; left time: 139.3640s
	iters: 1100, epoch: 5 | loss: 0.3081892
	speed: 0.0227s/iter; left time: 128.1237s
Epoch: 5 cost time: 27.335430145263672
Epoch: 5, Steps: 1125 | Train Loss: 0.4386714 Vali Loss: 0.5025002 Test Loss: 0.2169227
Validation loss decreased (0.480382 --> 0.502500).  Saving model ...
Updating learning rate to 0.00025
	iters: 100, epoch: 6 | loss: 0.4631190
	speed: 0.1171s/iter; left time: 647.2347s
	iters: 200, epoch: 6 | loss: 0.7461810
	speed: 0.0204s/iter; left time: 110.5517s
	iters: 300, epoch: 6 | loss: 0.3215550
	speed: 0.0220s/iter; left time: 116.9670s
	iters: 400, epoch: 6 | loss: 0.9109502
	speed: 0.0239s/iter; left time: 124.7786s
	iters: 500, epoch: 6 | loss: 1.1736702
	speed: 0.0233s/iter; left time: 119.6834s
	iters: 600, epoch: 6 | loss: 0.3309052
	speed: 0.0235s/iter; left time: 118.0297s
	iters: 700, epoch: 6 | loss: 0.3898594
	speed: 0.0224s/iter; left time: 110.5007s
	iters: 800, epoch: 6 | loss: 0.3340245
	speed: 0.0237s/iter; left time: 114.4839s
	iters: 900, epoch: 6 | loss: 0.3490842
	speed: 0.0202s/iter; left time: 95.2356s
	iters: 1000, epoch: 6 | loss: 0.3169429
	speed: 0.0218s/iter; left time: 100.9272s
	iters: 1100, epoch: 6 | loss: 0.3633675
	speed: 0.0245s/iter; left time: 110.7178s
Epoch: 6 cost time: 25.62068200111389
Epoch: 6, Steps: 1125 | Train Loss: 0.4293795 Vali Loss: 0.4940252 Test Loss: 0.2123662
Validation loss decreased (0.502500 --> 0.494025).  Saving model ...
Updating learning rate to 0.00017274575140626317
	iters: 100, epoch: 7 | loss: 0.3283930
	speed: 0.1212s/iter; left time: 533.5618s
	iters: 200, epoch: 7 | loss: 0.3419520
	speed: 0.0249s/iter; left time: 106.8900s
	iters: 300, epoch: 7 | loss: 0.3598139
	speed: 0.0234s/iter; left time: 98.2755s
	iters: 400, epoch: 7 | loss: 0.4151617
	speed: 0.0234s/iter; left time: 95.8121s
	iters: 500, epoch: 7 | loss: 0.2832761
	speed: 0.0231s/iter; left time: 92.3545s
	iters: 600, epoch: 7 | loss: 0.2703791
	speed: 0.0245s/iter; left time: 95.6488s
	iters: 700, epoch: 7 | loss: 0.4109377
	speed: 0.0225s/iter; left time: 85.5264s
	iters: 800, epoch: 7 | loss: 0.3569421
	speed: 0.0225s/iter; left time: 83.3312s
	iters: 900, epoch: 7 | loss: 0.3409224
	speed: 0.0238s/iter; left time: 85.6896s
	iters: 1000, epoch: 7 | loss: 0.3486993
	speed: 0.0237s/iter; left time: 83.0617s
	iters: 1100, epoch: 7 | loss: 0.2656710
	speed: 0.0237s/iter; left time: 80.5571s
Epoch: 7 cost time: 26.84132981300354
Epoch: 7, Steps: 1125 | Train Loss: 0.4220890 Vali Loss: 0.5075871 Test Loss: 0.2174288
Validation loss decreased (0.494025 --> 0.507587).  Saving model ...
Updating learning rate to 0.00010305368692688174
	iters: 100, epoch: 8 | loss: 0.2898932
	speed: 0.1182s/iter; left time: 387.1203s
	iters: 200, epoch: 8 | loss: 0.8117504
	speed: 0.0233s/iter; left time: 74.0521s
	iters: 300, epoch: 8 | loss: 0.4864080
	speed: 0.0226s/iter; left time: 69.5620s
	iters: 400, epoch: 8 | loss: 0.3425484
	speed: 0.0219s/iter; left time: 65.2663s
	iters: 500, epoch: 8 | loss: 0.3960612
	speed: 0.0241s/iter; left time: 69.2541s
	iters: 600, epoch: 8 | loss: 0.2800433
	speed: 0.0235s/iter; left time: 65.3585s
	iters: 700, epoch: 8 | loss: 0.2830693
	speed: 0.0215s/iter; left time: 57.4150s
	iters: 800, epoch: 8 | loss: 0.8618754
	speed: 0.0241s/iter; left time: 62.0337s
	iters: 900, epoch: 8 | loss: 1.2509818
	speed: 0.0226s/iter; left time: 55.9525s
	iters: 1000, epoch: 8 | loss: 0.3239720
	speed: 0.0218s/iter; left time: 51.7631s
	iters: 1100, epoch: 8 | loss: 0.3356260
	speed: 0.0241s/iter; left time: 54.7383s
Epoch: 8 cost time: 26.222553253173828
Epoch: 8, Steps: 1125 | Train Loss: 0.4170041 Vali Loss: 0.5077124 Test Loss: 0.2192190
Validation loss decreased (0.507587 --> 0.507712).  Saving model ...
Updating learning rate to 4.7745751406263163e-05
	iters: 100, epoch: 9 | loss: 0.5201878
	speed: 0.1207s/iter; left time: 259.7279s
	iters: 200, epoch: 9 | loss: 0.3131132
	speed: 0.0241s/iter; left time: 49.3945s
	iters: 300, epoch: 9 | loss: 0.3627474
	speed: 0.0240s/iter; left time: 46.7605s
	iters: 400, epoch: 9 | loss: 0.8146584
	speed: 0.0241s/iter; left time: 44.5468s
	iters: 500, epoch: 9 | loss: 0.2990633
	speed: 0.0247s/iter; left time: 43.1750s
	iters: 600, epoch: 9 | loss: 0.3610227
	speed: 0.0247s/iter; left time: 40.8024s
	iters: 700, epoch: 9 | loss: 0.3076511
	speed: 0.0244s/iter; left time: 37.9023s
	iters: 800, epoch: 9 | loss: 0.2548063
	speed: 0.0240s/iter; left time: 34.8353s
	iters: 900, epoch: 9 | loss: 0.2870486
	speed: 0.0244s/iter; left time: 33.0095s
	iters: 1000, epoch: 9 | loss: 0.2861319
	speed: 0.0241s/iter; left time: 30.0895s
	iters: 1100, epoch: 9 | loss: 0.3146879
	speed: 0.0244s/iter; left time: 28.0453s
Epoch: 9 cost time: 28.19811463356018
Epoch: 9, Steps: 1125 | Train Loss: 0.4136018 Vali Loss: 0.5082502 Test Loss: 0.2183348
Validation loss decreased (0.507712 --> 0.508250).  Saving model ...
Updating learning rate to 1.2235870926211617e-05
	iters: 100, epoch: 10 | loss: 0.2934750
	speed: 0.1219s/iter; left time: 125.0741s
	iters: 200, epoch: 10 | loss: 0.3930766
	speed: 0.0247s/iter; left time: 22.9061s
	iters: 300, epoch: 10 | loss: 0.3816307
	speed: 0.0234s/iter; left time: 19.3078s
	iters: 400, epoch: 10 | loss: 0.4981487
	speed: 0.0242s/iter; left time: 17.5967s
	iters: 500, epoch: 10 | loss: 0.2945387
	speed: 0.0233s/iter; left time: 14.5643s
	iters: 600, epoch: 10 | loss: 0.2628844
	speed: 0.0229s/iter; left time: 12.0194s
	iters: 700, epoch: 10 | loss: 0.3077397
	speed: 0.0231s/iter; left time: 9.8498s
	iters: 800, epoch: 10 | loss: 0.3407120
	speed: 0.0243s/iter; left time: 7.9311s
	iters: 900, epoch: 10 | loss: 0.2687573
	speed: 0.0210s/iter; left time: 4.7476s
	iters: 1000, epoch: 10 | loss: 0.3437398
	speed: 0.0234s/iter; left time: 2.9460s
	iters: 1100, epoch: 10 | loss: 0.9297537
	speed: 0.0218s/iter; left time: 0.5675s
Epoch: 10 cost time: 26.493287324905396
Epoch: 10, Steps: 1125 | Train Loss: 0.4117579 Vali Loss: 0.5067821 Test Loss: 0.2191366
Validation loss decreased (0.508250 --> 0.506782).  Saving model ...
Updating learning rate to 0.0
>>>>>>>testing : long_term_forecast_weather_720_192_None_patch6_b1.0_TimeFilter_custom_addlossNone_numpairsmax_patchlen16_alpha1.0_beta0.1<<<<<<<<<<<<<<<<<<<<<<<<<<<<<<<<<
test 10348
mse:0.2191997915506363, mae:0.2663698196411133
================================================================================
Model Profiling Summary
Total Params             : 548,996
Inference Time (s)       : 0.011697
GPU Mem Footprint (MB)   : 30.84
Peak Mem (MB)            : 191.30
================================================================================
Deleted model checkpoint at: ./checkpoints/long_term_forecast_weather_720_192_None_patch6_b1.0_TimeFilter_custom_addlossNone_numpairsmax_patchlen16_alpha1.0_beta0.1/checkpoint.pth
[OK] TimeFilter | seq_len=720 | pred_len=192 | mse=0.219 | mae=0.266
======================================================
Running | model=TimeFilter | table_name=CvLoss | seq_len=720 | pred_len=336 | add_loss=fcv
======================================================
Args in experiment:
[1mBasic Config[0m
  Task Name:          long_term_forecast  Is Training:        2                   
  Model ID:           weather_720_336_fcv_patch6_b0.5Model:              TimeFilter          

[1mData Loader[0m
  Data:               custom              Root Path:          ./data              
  Data Path:          weather.csv         Features:           M                   
  Target:             OT                  Freq:               h                   
  Checkpoints:        ./checkpoints/      

[1mForecasting Task[0m
  Seq Len:            720                 Label Len:          48                  
  Pred Len:           336                 Seasonal Patterns:  Monthly             
  Inverse:            0                   

[1mModel Parameters[0m
  Top k:              5                   Num Kernels:        6                   
  Enc In:             21                  Dec In:             21                  
  C Out:              21                  d model:            128                 
  n heads:            4                   e layers:           2                   
  d layers:           1                   d FF:               256                 
  Moving Avg:         25                  Factor:             3                   
  Distil:             1                   Dropout:            0.3                 
  Embed:              timeF               Activation:         gelu                
  Output Attention:   0                   

[1mRun Parameters[0m
  Num Workers:        1                   Itr:                1                   
  Train Epochs:       10                  Batch Size:         32                  
  Patience:           3                   Learning Rate:      0.0005              
  Des:                Exp                 Loss:               MSE                 
  Lradj:              cosine              Use Amp:            0                   

[1mGPU[0m
  Use GPU:            1                   GPU:                0                   
  Use Multi GPU:      0                   Devices:            0,1,2,3             

[1mDe-stationary Projector Params[0m
  P Hidden Dims:      128, 128            P Hidden Layers:    2                   

Use GPU: cuda:0
>>>>>>>start training : long_term_forecast_weather_720_336_fcv_patch6_b0.5_TimeFilter_custom_addlossfcv_numpairsmax_patchlen6_alpha0.5_beta0.5>>>>>>>>>>>>>>>>>>>>>>>>>>
train 35832
val 4935
test 10204
	iters: 100, epoch: 1 | loss: 0.7415732
	speed: 0.0681s/iter; left time: 755.8947s
	iters: 200, epoch: 1 | loss: 0.6207539
	speed: 0.0436s/iter; left time: 479.7222s
	iters: 300, epoch: 1 | loss: 0.6046509
	speed: 0.0424s/iter; left time: 462.3011s
	iters: 400, epoch: 1 | loss: 0.5875029
	speed: 0.0433s/iter; left time: 468.1707s
	iters: 500, epoch: 1 | loss: 0.6019797
	speed: 0.0428s/iter; left time: 457.7030s
	iters: 600, epoch: 1 | loss: 0.7000291
	speed: 0.0435s/iter; left time: 461.3714s
	iters: 700, epoch: 1 | loss: 0.6556496
	speed: 0.0437s/iter; left time: 458.8184s
	iters: 800, epoch: 1 | loss: 0.6056262
	speed: 0.0437s/iter; left time: 454.8443s
	iters: 900, epoch: 1 | loss: 0.8328205
	speed: 0.0415s/iter; left time: 427.8595s
	iters: 1000, epoch: 1 | loss: 0.5701108
	speed: 0.0417s/iter; left time: 424.9932s
	iters: 1100, epoch: 1 | loss: 0.5280617
	speed: 0.0428s/iter; left time: 432.7188s
Epoch: 1 cost time: 49.779162645339966
Epoch: 1, Steps: 1120 | Train Loss: 0.6316698 Vali Loss: 0.5277045 Test Loss: 0.2523728
Validation loss decreased (inf --> 0.527704).  Saving model ...
Updating learning rate to 0.0004877641290737884
	iters: 100, epoch: 2 | loss: 0.5137355
	speed: 0.1278s/iter; left time: 1275.4540s
	iters: 200, epoch: 2 | loss: 0.5858984
	speed: 0.0449s/iter; left time: 443.9316s
	iters: 300, epoch: 2 | loss: 0.5264397
	speed: 0.0447s/iter; left time: 437.1992s
	iters: 400, epoch: 2 | loss: 0.4850339
	speed: 0.0438s/iter; left time: 423.9973s
	iters: 500, epoch: 2 | loss: 0.5393664
	speed: 0.0440s/iter; left time: 421.6353s
	iters: 600, epoch: 2 | loss: 0.4805813
	speed: 0.0439s/iter; left time: 416.2138s
	iters: 700, epoch: 2 | loss: 0.4919327
	speed: 0.0439s/iter; left time: 412.2850s
	iters: 800, epoch: 2 | loss: 0.6240914
	speed: 0.0448s/iter; left time: 415.3305s
	iters: 900, epoch: 2 | loss: 0.5368956
	speed: 0.0435s/iter; left time: 399.3379s
	iters: 1000, epoch: 2 | loss: 0.4757632
	speed: 0.0439s/iter; left time: 398.8918s
	iters: 1100, epoch: 2 | loss: 0.5050383
	speed: 0.0437s/iter; left time: 392.2064s
Epoch: 2 cost time: 49.57652688026428
Epoch: 2, Steps: 1120 | Train Loss: 0.5631735 Vali Loss: 0.5392006 Test Loss: 0.2639873
Validation loss decreased (0.527704 --> 0.539201).  Saving model ...
Updating learning rate to 0.0004522542485937369
	iters: 100, epoch: 3 | loss: 0.4955144
	speed: 0.1433s/iter; left time: 1270.1464s
	iters: 200, epoch: 3 | loss: 0.4706669
	speed: 0.0418s/iter; left time: 366.1202s
	iters: 300, epoch: 3 | loss: 0.5382624
	speed: 0.0408s/iter; left time: 353.5117s
	iters: 400, epoch: 3 | loss: 0.4811258
	speed: 0.0411s/iter; left time: 352.1838s
	iters: 500, epoch: 3 | loss: 0.6011403
	speed: 0.0463s/iter; left time: 391.7260s
	iters: 600, epoch: 3 | loss: 0.4593840
	speed: 0.0398s/iter; left time: 332.9207s
	iters: 700, epoch: 3 | loss: 0.5237777
	speed: 0.0466s/iter; left time: 385.0356s
	iters: 800, epoch: 3 | loss: 0.6307071
	speed: 0.0434s/iter; left time: 354.2053s
	iters: 900, epoch: 3 | loss: 0.4919698
	speed: 0.0432s/iter; left time: 348.4482s
	iters: 1000, epoch: 3 | loss: 0.7454455
	speed: 0.0433s/iter; left time: 344.7240s
	iters: 1100, epoch: 3 | loss: 0.4194044
	speed: 0.0432s/iter; left time: 339.7672s
Epoch: 3 cost time: 48.37631630897522
Epoch: 3, Steps: 1120 | Train Loss: 0.5252434 Vali Loss: 0.5759422 Test Loss: 0.2679946
Validation loss decreased (0.539201 --> 0.575942).  Saving model ...
Updating learning rate to 0.0003969463130731183
	iters: 100, epoch: 4 | loss: 0.4589829
	speed: 0.1438s/iter; left time: 1113.0809s
	iters: 200, epoch: 4 | loss: 0.4253509
	speed: 0.0425s/iter; left time: 324.4015s
	iters: 300, epoch: 4 | loss: 0.4481667
	speed: 0.0433s/iter; left time: 326.7740s
	iters: 400, epoch: 4 | loss: 0.4916236
	speed: 0.0432s/iter; left time: 321.0811s
	iters: 500, epoch: 4 | loss: 0.5853828
	speed: 0.0410s/iter; left time: 301.0169s
	iters: 600, epoch: 4 | loss: 0.6076216
	speed: 0.0438s/iter; left time: 316.9881s
	iters: 700, epoch: 4 | loss: 0.4423619
	speed: 0.0400s/iter; left time: 285.6577s
	iters: 800, epoch: 4 | loss: 0.5371044
	speed: 0.0408s/iter; left time: 287.2649s
	iters: 900, epoch: 4 | loss: 0.5483028
	speed: 0.0400s/iter; left time: 277.4324s
	iters: 1000, epoch: 4 | loss: 0.6224167
	speed: 0.0401s/iter; left time: 274.6550s
	iters: 1100, epoch: 4 | loss: 0.4775321
	speed: 0.0432s/iter; left time: 291.2665s
Epoch: 4 cost time: 47.13194561004639
Epoch: 4, Steps: 1120 | Train Loss: 0.5025130 Vali Loss: 0.6191538 Test Loss: 0.2833151
Validation loss decreased (0.575942 --> 0.619154).  Saving model ...
Updating learning rate to 0.00032725424859373687
	iters: 100, epoch: 5 | loss: 0.4198354
	speed: 0.1451s/iter; left time: 960.9382s
	iters: 200, epoch: 5 | loss: 0.4709176
	speed: 0.0430s/iter; left time: 280.4284s
	iters: 300, epoch: 5 | loss: 0.5626798
	speed: 0.0432s/iter; left time: 277.6435s
	iters: 400, epoch: 5 | loss: 0.5318797
	speed: 0.0431s/iter; left time: 272.2200s
	iters: 500, epoch: 5 | loss: 0.4138249
	speed: 0.0440s/iter; left time: 273.8122s
	iters: 600, epoch: 5 | loss: 0.4940628
	speed: 0.0428s/iter; left time: 261.9815s
	iters: 700, epoch: 5 | loss: 0.5344925
	speed: 0.0424s/iter; left time: 255.1393s
	iters: 800, epoch: 5 | loss: 0.3998169
	speed: 0.0433s/iter; left time: 256.2863s
	iters: 900, epoch: 5 | loss: 0.4054871
	speed: 0.0404s/iter; left time: 235.2127s
	iters: 1000, epoch: 5 | loss: 0.4295220
	speed: 0.0434s/iter; left time: 248.0329s
	iters: 1100, epoch: 5 | loss: 0.4534872
	speed: 0.0449s/iter; left time: 252.5249s
Epoch: 5 cost time: 48.470536947250366
Epoch: 5, Steps: 1120 | Train Loss: 0.4869048 Vali Loss: 0.5939151 Test Loss: 0.2779014
Validation loss decreased (0.619154 --> 0.593915).  Saving model ...
Updating learning rate to 0.00025
	iters: 100, epoch: 6 | loss: 0.4435105
	speed: 0.1352s/iter; left time: 743.5730s
	iters: 200, epoch: 6 | loss: 0.4367254
	speed: 0.0432s/iter; left time: 233.0924s
	iters: 300, epoch: 6 | loss: 0.4509322
	speed: 0.0422s/iter; left time: 223.7423s
	iters: 400, epoch: 6 | loss: 0.4378081
	speed: 0.0424s/iter; left time: 220.6871s
	iters: 500, epoch: 6 | loss: 0.4425271
	speed: 0.0427s/iter; left time: 217.6244s
	iters: 600, epoch: 6 | loss: 0.4392124
	speed: 0.0426s/iter; left time: 213.0790s
	iters: 700, epoch: 6 | loss: 0.4147037
	speed: 0.0421s/iter; left time: 206.1571s
	iters: 800, epoch: 6 | loss: 0.5010735
	speed: 0.0423s/iter; left time: 203.2505s
	iters: 900, epoch: 6 | loss: 0.5314094
	speed: 0.0422s/iter; left time: 198.3772s
	iters: 1000, epoch: 6 | loss: 0.4173300
	speed: 0.0420s/iter; left time: 193.3276s
	iters: 1100, epoch: 6 | loss: 0.3947213
	speed: 0.0421s/iter; left time: 189.5904s
Epoch: 6 cost time: 47.558534145355225
Epoch: 6, Steps: 1120 | Train Loss: 0.4757852 Vali Loss: 0.5786788 Test Loss: 0.2751201
Validation loss decreased (0.593915 --> 0.578679).  Saving model ...
Updating learning rate to 0.00017274575140626317
	iters: 100, epoch: 7 | loss: 0.4190704
	speed: 0.1416s/iter; left time: 620.5254s
	iters: 200, epoch: 7 | loss: 0.4147700
	speed: 0.0434s/iter; left time: 185.9112s
	iters: 300, epoch: 7 | loss: 0.4339716
	speed: 0.0393s/iter; left time: 164.3200s
	iters: 400, epoch: 7 | loss: 0.6092396
	speed: 0.0382s/iter; left time: 155.7491s
	iters: 500, epoch: 7 | loss: 0.4518376
	speed: 0.0409s/iter; left time: 162.7384s
	iters: 600, epoch: 7 | loss: 0.4210876
	speed: 0.0378s/iter; left time: 146.8421s
	iters: 700, epoch: 7 | loss: 0.5033751
	speed: 0.0460s/iter; left time: 173.7392s
	iters: 800, epoch: 7 | loss: 0.3720139
	speed: 0.0449s/iter; left time: 165.1066s
	iters: 900, epoch: 7 | loss: 0.4247457
	speed: 0.0435s/iter; left time: 155.6195s
	iters: 1000, epoch: 7 | loss: 0.4618627
	speed: 0.0424s/iter; left time: 147.6816s
	iters: 1100, epoch: 7 | loss: 0.4340841
	speed: 0.0423s/iter; left time: 142.9489s
Epoch: 7 cost time: 47.3757438659668
Epoch: 7, Steps: 1120 | Train Loss: 0.4676757 Vali Loss: 0.5904558 Test Loss: 0.2805282
Validation loss decreased (0.578679 --> 0.590456).  Saving model ...
Updating learning rate to 0.00010305368692688174
	iters: 100, epoch: 8 | loss: 0.4043742
	speed: 0.1422s/iter; left time: 463.5583s
	iters: 200, epoch: 8 | loss: 0.3704931
	speed: 0.0420s/iter; left time: 132.8459s
	iters: 300, epoch: 8 | loss: 0.6430981
	speed: 0.0430s/iter; left time: 131.5407s
	iters: 400, epoch: 8 | loss: 0.4600699
	speed: 0.0441s/iter; left time: 130.4713s
	iters: 500, epoch: 8 | loss: 0.3778565
	speed: 0.0432s/iter; left time: 123.7253s
	iters: 600, epoch: 8 | loss: 0.5647987
	speed: 0.0423s/iter; left time: 116.8277s
	iters: 700, epoch: 8 | loss: 0.5374757
	speed: 0.0412s/iter; left time: 109.6076s
	iters: 800, epoch: 8 | loss: 0.3889757
	speed: 0.0416s/iter; left time: 106.5333s
	iters: 900, epoch: 8 | loss: 0.4229663
	speed: 0.0407s/iter; left time: 100.2429s
	iters: 1000, epoch: 8 | loss: 0.5362306
	speed: 0.0398s/iter; left time: 93.9625s
	iters: 1100, epoch: 8 | loss: 0.4540913
	speed: 0.0494s/iter; left time: 111.6543s
Epoch: 8 cost time: 48.121333360672
Epoch: 8, Steps: 1120 | Train Loss: 0.4618840 Vali Loss: 0.5913474 Test Loss: 0.2789117
Validation loss decreased (0.590456 --> 0.591347).  Saving model ...
Updating learning rate to 4.7745751406263163e-05
	iters: 100, epoch: 9 | loss: 0.3937289
	speed: 0.1410s/iter; left time: 301.7865s
	iters: 200, epoch: 9 | loss: 0.3848467
	speed: 0.0432s/iter; left time: 88.2088s
	iters: 300, epoch: 9 | loss: 0.3823460
	speed: 0.0434s/iter; left time: 84.2739s
	iters: 400, epoch: 9 | loss: 0.4230215
	speed: 0.0424s/iter; left time: 78.1372s
	iters: 500, epoch: 9 | loss: 0.4005335
	speed: 0.0425s/iter; left time: 74.0262s
	iters: 600, epoch: 9 | loss: 0.3654973
	speed: 0.0422s/iter; left time: 69.3143s
	iters: 700, epoch: 9 | loss: 0.5469689
	speed: 0.0429s/iter; left time: 66.1117s
	iters: 800, epoch: 9 | loss: 0.3926651
	speed: 0.0434s/iter; left time: 62.5199s
	iters: 900, epoch: 9 | loss: 0.3872742
	speed: 0.0416s/iter; left time: 55.7907s
	iters: 1000, epoch: 9 | loss: 0.4278771
	speed: 0.0409s/iter; left time: 50.8025s
	iters: 1100, epoch: 9 | loss: 0.4483607
	speed: 0.0450s/iter; left time: 51.3319s
Epoch: 9 cost time: 47.924777030944824
Epoch: 9, Steps: 1120 | Train Loss: 0.4579974 Vali Loss: 0.5958241 Test Loss: 0.2788745
Validation loss decreased (0.591347 --> 0.595824).  Saving model ...
Updating learning rate to 1.2235870926211617e-05
	iters: 100, epoch: 10 | loss: 0.5735857
	speed: 0.1349s/iter; left time: 137.7768s
	iters: 200, epoch: 10 | loss: 0.5764235
	speed: 0.0444s/iter; left time: 40.8733s
	iters: 300, epoch: 10 | loss: 0.6885126
	speed: 0.0444s/iter; left time: 36.4361s
	iters: 400, epoch: 10 | loss: 0.5574937
	speed: 0.0455s/iter; left time: 32.7711s
	iters: 500, epoch: 10 | loss: 0.4497428
	speed: 0.0439s/iter; left time: 27.2656s
	iters: 600, epoch: 10 | loss: 0.4248375
	speed: 0.0431s/iter; left time: 22.4797s
	iters: 700, epoch: 10 | loss: 0.4169710
	speed: 0.0442s/iter; left time: 18.6203s
	iters: 800, epoch: 10 | loss: 0.3778518
	speed: 0.0422s/iter; left time: 13.5329s
	iters: 900, epoch: 10 | loss: 0.4607736
	speed: 0.0443s/iter; left time: 9.7858s
	iters: 1000, epoch: 10 | loss: 0.3998973
	speed: 0.0404s/iter; left time: 4.8929s
	iters: 1100, epoch: 10 | loss: 0.5600704
	speed: 0.0399s/iter; left time: 0.8380s
Epoch: 10 cost time: 48.19634199142456
Epoch: 10, Steps: 1120 | Train Loss: 0.4560200 Vali Loss: 0.5876994 Test Loss: 0.2780651
Validation loss decreased (0.595824 --> 0.587699).  Saving model ...
Updating learning rate to 0.0
>>>>>>>testing : long_term_forecast_weather_720_336_fcv_patch6_b0.5_TimeFilter_custom_addlossfcv_numpairsmax_patchlen6_alpha0.5_beta0.5<<<<<<<<<<<<<<<<<<<<<<<<<<<<<<<<<
test 10204
mse:0.2781447470188141, mae:0.30081456899642944
================================================================================
Model Profiling Summary
Total Params             : 825,620
Inference Time (s)       : 0.012602
GPU Mem Footprint (MB)   : 33.92
Peak Mem (MB)            : 194.02
================================================================================
Deleted model checkpoint at: ./checkpoints/long_term_forecast_weather_720_336_fcv_patch6_b0.5_TimeFilter_custom_addlossfcv_numpairsmax_patchlen6_alpha0.5_beta0.5/checkpoint.pth
[OK] CvLoss | seq_len=720 | pred_len=336 | mse=0.278 | mae=0.301
======================================================
Running | model=TimeFilter | table_name=TimeFilter | seq_len=720 | pred_len=336 | add_loss=None
======================================================
Args in experiment:
[1mBasic Config[0m
  Task Name:          long_term_forecast  Is Training:        2                   
  Model ID:           weather_720_336_None_patch6_b0.5Model:              TimeFilter          

[1mData Loader[0m
  Data:               custom              Root Path:          ./data              
  Data Path:          weather.csv         Features:           M                   
  Target:             OT                  Freq:               h                   
  Checkpoints:        ./checkpoints/      

[1mForecasting Task[0m
  Seq Len:            720                 Label Len:          48                  
  Pred Len:           336                 Seasonal Patterns:  Monthly             
  Inverse:            0                   

[1mModel Parameters[0m
  Top k:              5                   Num Kernels:        6                   
  Enc In:             21                  Dec In:             21                  
  C Out:              21                  d model:            128                 
  n heads:            4                   e layers:           2                   
  d layers:           1                   d FF:               256                 
  Moving Avg:         25                  Factor:             3                   
  Distil:             1                   Dropout:            0.3                 
  Embed:              timeF               Activation:         gelu                
  Output Attention:   0                   

[1mRun Parameters[0m
  Num Workers:        1                   Itr:                1                   
  Train Epochs:       10                  Batch Size:         32                  
  Patience:           3                   Learning Rate:      0.0005              
  Des:                Exp                 Loss:               MSE                 
  Lradj:              cosine              Use Amp:            0                   

[1mGPU[0m
  Use GPU:            1                   GPU:                0                   
  Use Multi GPU:      0                   Devices:            0,1,2,3             

[1mDe-stationary Projector Params[0m
  P Hidden Dims:      128, 128            P Hidden Layers:    2                   

Use GPU: cuda:0
>>>>>>>start training : long_term_forecast_weather_720_336_None_patch6_b0.5_TimeFilter_custom_addlossNone_numpairsmax_patchlen16_alpha1.0_beta0.1>>>>>>>>>>>>>>>>>>>>>>>>>>
train 35832
val 4935
test 10204
	iters: 100, epoch: 1 | loss: 0.7768306
	speed: 0.0462s/iter; left time: 513.2182s
	iters: 200, epoch: 1 | loss: 0.5629954
	speed: 0.0275s/iter; left time: 302.2278s
	iters: 300, epoch: 1 | loss: 0.5306922
	speed: 0.0239s/iter; left time: 260.5849s
	iters: 400, epoch: 1 | loss: 0.5203853
	speed: 0.0232s/iter; left time: 250.5617s
	iters: 500, epoch: 1 | loss: 0.5223383
	speed: 0.0231s/iter; left time: 247.0165s
	iters: 600, epoch: 1 | loss: 0.7514244
	speed: 0.0221s/iter; left time: 234.3529s
	iters: 700, epoch: 1 | loss: 0.6546009
	speed: 0.0236s/iter; left time: 247.3962s
	iters: 800, epoch: 1 | loss: 0.5662833
	speed: 0.0234s/iter; left time: 243.0353s
	iters: 900, epoch: 1 | loss: 1.0125376
	speed: 0.0228s/iter; left time: 234.6827s
	iters: 1000, epoch: 1 | loss: 0.5017861
	speed: 0.0224s/iter; left time: 228.0868s
	iters: 1100, epoch: 1 | loss: 0.4331220
	speed: 0.0226s/iter; left time: 228.3516s
Epoch: 1 cost time: 27.74473285675049
Epoch: 1, Steps: 1120 | Train Loss: 0.6005156 Vali Loss: 0.5452206 Test Loss: 0.2552395
Validation loss decreased (inf --> 0.545221).  Saving model ...
Updating learning rate to 0.0004877641290737884
	iters: 100, epoch: 2 | loss: 0.4234865
	speed: 0.1093s/iter; left time: 1090.5282s
	iters: 200, epoch: 2 | loss: 0.5259911
	speed: 0.0230s/iter; left time: 226.8674s
	iters: 300, epoch: 2 | loss: 0.4323779
	speed: 0.0225s/iter; left time: 220.1765s
	iters: 400, epoch: 2 | loss: 0.4130232
	speed: 0.0218s/iter; left time: 210.8340s
	iters: 500, epoch: 2 | loss: 0.4321011
	speed: 0.0229s/iter; left time: 219.7854s
	iters: 600, epoch: 2 | loss: 0.3885880
	speed: 0.0225s/iter; left time: 213.5161s
	iters: 700, epoch: 2 | loss: 0.4198100
	speed: 0.0228s/iter; left time: 214.2572s
	iters: 800, epoch: 2 | loss: 0.6906744
	speed: 0.0216s/iter; left time: 200.2411s
	iters: 900, epoch: 2 | loss: 0.4634154
	speed: 0.0223s/iter; left time: 204.3783s
	iters: 1000, epoch: 2 | loss: 0.3967399
	speed: 0.0223s/iter; left time: 202.8698s
	iters: 1100, epoch: 2 | loss: 0.4246396
	speed: 0.0213s/iter; left time: 191.0874s
Epoch: 2 cost time: 25.19002389907837
Epoch: 2, Steps: 1120 | Train Loss: 0.5272701 Vali Loss: 0.5686405 Test Loss: 0.2716066
Validation loss decreased (0.545221 --> 0.568641).  Saving model ...
Updating learning rate to 0.0004522542485937369
	iters: 100, epoch: 3 | loss: 0.4245139
	speed: 0.1118s/iter; left time: 990.8304s
	iters: 200, epoch: 3 | loss: 0.3787477
	speed: 0.0219s/iter; left time: 191.6933s
	iters: 300, epoch: 3 | loss: 0.4790810
	speed: 0.0236s/iter; left time: 204.8108s
	iters: 400, epoch: 3 | loss: 0.3860138
	speed: 0.0201s/iter; left time: 171.9078s
	iters: 500, epoch: 3 | loss: 0.6550505
	speed: 0.0262s/iter; left time: 221.2961s
	iters: 600, epoch: 3 | loss: 0.3905874
	speed: 0.0288s/iter; left time: 240.9524s
	iters: 700, epoch: 3 | loss: 0.4789861
	speed: 0.0239s/iter; left time: 197.2395s
	iters: 800, epoch: 3 | loss: 0.6999012
	speed: 0.0229s/iter; left time: 186.9341s
	iters: 900, epoch: 3 | loss: 0.4336926
	speed: 0.0224s/iter; left time: 180.7097s
	iters: 1000, epoch: 3 | loss: 0.9395515
	speed: 0.0225s/iter; left time: 178.8328s
	iters: 1100, epoch: 3 | loss: 0.3212618
	speed: 0.0218s/iter; left time: 171.6171s
Epoch: 3 cost time: 26.103694200515747
Epoch: 3, Steps: 1120 | Train Loss: 0.4923530 Vali Loss: 0.6053766 Test Loss: 0.2766443
Validation loss decreased (0.568641 --> 0.605377).  Saving model ...
Updating learning rate to 0.0003969463130731183
	iters: 100, epoch: 4 | loss: 0.4151094
	speed: 0.1110s/iter; left time: 859.4761s
	iters: 200, epoch: 4 | loss: 0.3456013
	speed: 0.0216s/iter; left time: 165.2598s
	iters: 300, epoch: 4 | loss: 0.3691148
	speed: 0.0221s/iter; left time: 166.9201s
	iters: 400, epoch: 4 | loss: 0.4423231
	speed: 0.0219s/iter; left time: 162.8107s
	iters: 500, epoch: 4 | loss: 0.6135679
	speed: 0.0215s/iter; left time: 157.5818s
	iters: 600, epoch: 4 | loss: 0.6597363
	speed: 0.0212s/iter; left time: 153.7265s
	iters: 700, epoch: 4 | loss: 0.3466216
	speed: 0.0219s/iter; left time: 156.5090s
	iters: 800, epoch: 4 | loss: 0.5784163
	speed: 0.0225s/iter; left time: 158.4488s
	iters: 900, epoch: 4 | loss: 0.5351385
	speed: 0.0219s/iter; left time: 152.0472s
	iters: 1000, epoch: 4 | loss: 0.6966290
	speed: 0.0233s/iter; left time: 159.4937s
	iters: 1100, epoch: 4 | loss: 0.4006075
	speed: 0.0220s/iter; left time: 148.1939s
Epoch: 4 cost time: 24.880086183547974
Epoch: 4, Steps: 1120 | Train Loss: 0.4712495 Vali Loss: 0.6305761 Test Loss: 0.2952858
Validation loss decreased (0.605377 --> 0.630576).  Saving model ...
Updating learning rate to 0.00032725424859373687
	iters: 100, epoch: 5 | loss: 0.3385018
	speed: 0.1146s/iter; left time: 758.5955s
	iters: 200, epoch: 5 | loss: 0.3859031
	speed: 0.0212s/iter; left time: 138.4458s
	iters: 300, epoch: 5 | loss: 0.6354877
	speed: 0.0213s/iter; left time: 137.0135s
	iters: 400, epoch: 5 | loss: 0.5144344
	speed: 0.0236s/iter; left time: 149.3579s
	iters: 500, epoch: 5 | loss: 0.3240553
	speed: 0.0203s/iter; left time: 126.5500s
	iters: 600, epoch: 5 | loss: 0.4616862
	speed: 0.0243s/iter; left time: 148.4856s
	iters: 700, epoch: 5 | loss: 0.5764824
	speed: 0.0221s/iter; left time: 133.0834s
	iters: 800, epoch: 5 | loss: 0.3137997
	speed: 0.0214s/iter; left time: 126.7174s
	iters: 900, epoch: 5 | loss: 0.3176891
	speed: 0.0264s/iter; left time: 153.8224s
	iters: 1000, epoch: 5 | loss: 0.3399912
	speed: 0.0235s/iter; left time: 134.2496s
	iters: 1100, epoch: 5 | loss: 0.3786652
	speed: 0.0236s/iter; left time: 132.4231s
Epoch: 5 cost time: 25.95328998565674
Epoch: 5, Steps: 1120 | Train Loss: 0.4564569 Vali Loss: 0.6361374 Test Loss: 0.2907495
Validation loss decreased (0.630576 --> 0.636137).  Saving model ...
Updating learning rate to 0.00025
	iters: 100, epoch: 6 | loss: 0.3769098
	speed: 0.1163s/iter; left time: 639.8220s
	iters: 200, epoch: 6 | loss: 0.3439110
	speed: 0.0234s/iter; left time: 126.2183s
	iters: 300, epoch: 6 | loss: 0.3753571
	speed: 0.0228s/iter; left time: 121.0536s
	iters: 400, epoch: 6 | loss: 0.3598539
	speed: 0.0228s/iter; left time: 118.3668s
	iters: 500, epoch: 6 | loss: 0.3858991
	speed: 0.0228s/iter; left time: 116.2733s
	iters: 600, epoch: 6 | loss: 0.3685629
	speed: 0.0231s/iter; left time: 115.3809s
	iters: 700, epoch: 6 | loss: 0.3292519
	speed: 0.0226s/iter; left time: 110.8633s
	iters: 800, epoch: 6 | loss: 0.4944845
	speed: 0.0233s/iter; left time: 111.9411s
	iters: 900, epoch: 6 | loss: 0.5715722
	speed: 0.0226s/iter; left time: 106.0521s
	iters: 1000, epoch: 6 | loss: 0.3442687
	speed: 0.0219s/iter; left time: 100.6463s
	iters: 1100, epoch: 6 | loss: 0.3117919
	speed: 0.0234s/iter; left time: 105.3350s
Epoch: 6 cost time: 25.958537340164185
Epoch: 6, Steps: 1120 | Train Loss: 0.4458589 Vali Loss: 0.6285656 Test Loss: 0.2946785
Validation loss decreased (0.636137 --> 0.628566).  Saving model ...
Updating learning rate to 0.00017274575140626317
	iters: 100, epoch: 7 | loss: 0.3616246
	speed: 0.1190s/iter; left time: 521.3549s
	iters: 200, epoch: 7 | loss: 0.3289978
	speed: 0.0226s/iter; left time: 96.6759s
	iters: 300, epoch: 7 | loss: 0.3692593
	speed: 0.0232s/iter; left time: 96.8433s
	iters: 400, epoch: 7 | loss: 0.6890030
	speed: 0.0211s/iter; left time: 86.1294s
	iters: 500, epoch: 7 | loss: 0.3991301
	speed: 0.0204s/iter; left time: 81.2764s
	iters: 600, epoch: 7 | loss: 0.3396764
	speed: 0.0222s/iter; left time: 86.0768s
	iters: 700, epoch: 7 | loss: 0.4794314
	speed: 0.0204s/iter; left time: 77.1466s
	iters: 800, epoch: 7 | loss: 0.2821387
	speed: 0.0262s/iter; left time: 96.3037s
	iters: 900, epoch: 7 | loss: 0.3447351
	speed: 0.0220s/iter; left time: 78.6810s
	iters: 1000, epoch: 7 | loss: 0.4225272
	speed: 0.0202s/iter; left time: 70.4373s
	iters: 1100, epoch: 7 | loss: 0.3604777
	speed: 0.0252s/iter; left time: 85.3279s
Epoch: 7 cost time: 25.333024740219116
Epoch: 7, Steps: 1120 | Train Loss: 0.4379003 Vali Loss: 0.6186088 Test Loss: 0.2881078
Validation loss decreased (0.628566 --> 0.618609).  Saving model ...
Updating learning rate to 0.00010305368692688174
	iters: 100, epoch: 8 | loss: 0.3198020
	speed: 0.1157s/iter; left time: 377.2876s
	iters: 200, epoch: 8 | loss: 0.2910023
	speed: 0.0227s/iter; left time: 71.7161s
	iters: 300, epoch: 8 | loss: 0.7686704
	speed: 0.0227s/iter; left time: 69.5279s
	iters: 400, epoch: 8 | loss: 0.3900960
	speed: 0.0224s/iter; left time: 66.1836s
	iters: 500, epoch: 8 | loss: 0.2882398
	speed: 0.0225s/iter; left time: 64.3062s
	iters: 600, epoch: 8 | loss: 0.6306376
	speed: 0.0227s/iter; left time: 62.6478s
	iters: 700, epoch: 8 | loss: 0.5859709
	speed: 0.0244s/iter; left time: 64.8040s
	iters: 800, epoch: 8 | loss: 0.3156556
	speed: 0.0227s/iter; left time: 58.2087s
	iters: 900, epoch: 8 | loss: 0.3468220
	speed: 0.0228s/iter; left time: 56.1097s
	iters: 1000, epoch: 8 | loss: 0.5767167
	speed: 0.0236s/iter; left time: 55.7185s
	iters: 1100, epoch: 8 | loss: 0.3858793
	speed: 0.0225s/iter; left time: 50.7728s
Epoch: 8 cost time: 25.83370590209961
Epoch: 8, Steps: 1120 | Train Loss: 0.4325622 Vali Loss: 0.6179586 Test Loss: 0.2895223
Validation loss decreased (0.618609 --> 0.617959).  Saving model ...
Updating learning rate to 4.7745751406263163e-05
	iters: 100, epoch: 9 | loss: 0.3194682
	speed: 0.1152s/iter; left time: 246.6741s
	iters: 200, epoch: 9 | loss: 0.2957603
	speed: 0.0242s/iter; left time: 49.4103s
	iters: 300, epoch: 9 | loss: 0.2982571
	speed: 0.0242s/iter; left time: 47.0139s
	iters: 400, epoch: 9 | loss: 0.3607166
	speed: 0.0210s/iter; left time: 38.6677s
	iters: 500, epoch: 9 | loss: 0.3145950
	speed: 0.0227s/iter; left time: 39.5166s
	iters: 600, epoch: 9 | loss: 0.2763953
	speed: 0.0229s/iter; left time: 37.5931s
	iters: 700, epoch: 9 | loss: 0.6026135
	speed: 0.0212s/iter; left time: 32.7182s
	iters: 800, epoch: 9 | loss: 0.3186839
	speed: 0.0226s/iter; left time: 32.4962s
	iters: 900, epoch: 9 | loss: 0.2992935
	speed: 0.0201s/iter; left time: 26.9955s
	iters: 1000, epoch: 9 | loss: 0.3817526
	speed: 0.0230s/iter; left time: 28.5482s
	iters: 1100, epoch: 9 | loss: 0.4110467
	speed: 0.0238s/iter; left time: 27.1268s
Epoch: 9 cost time: 25.641204833984375
Epoch: 9, Steps: 1120 | Train Loss: 0.4291235 Vali Loss: 0.6226160 Test Loss: 0.2905186
Validation loss decreased (0.617959 --> 0.622616).  Saving model ...
Updating learning rate to 1.2235870926211617e-05
	iters: 100, epoch: 10 | loss: 0.6497595
	speed: 0.1124s/iter; left time: 114.7290s
	iters: 200, epoch: 10 | loss: 0.6271996
	speed: 0.0220s/iter; left time: 20.2721s
	iters: 300, epoch: 10 | loss: 0.8970501
	speed: 0.0219s/iter; left time: 17.9624s
	iters: 400, epoch: 10 | loss: 0.6100113
	speed: 0.0214s/iter; left time: 15.4586s
	iters: 500, epoch: 10 | loss: 0.3855581
	speed: 0.0214s/iter; left time: 13.2949s
	iters: 600, epoch: 10 | loss: 0.3529028
	speed: 0.0215s/iter; left time: 11.2000s
	iters: 700, epoch: 10 | loss: 0.3373474
	speed: 0.0215s/iter; left time: 9.0567s
	iters: 800, epoch: 10 | loss: 0.2936640
	speed: 0.0216s/iter; left time: 6.9439s
	iters: 900, epoch: 10 | loss: 0.4414726
	speed: 0.0220s/iter; left time: 4.8624s
	iters: 1000, epoch: 10 | loss: 0.3255087
	speed: 0.0229s/iter; left time: 2.7755s
	iters: 1100, epoch: 10 | loss: 0.6305392
	speed: 0.0221s/iter; left time: 0.4648s
Epoch: 10 cost time: 24.663886308670044
Epoch: 10, Steps: 1120 | Train Loss: 0.4271800 Vali Loss: 0.6222567 Test Loss: 0.2895912
Validation loss decreased (0.622616 --> 0.622257).  Saving model ...
Updating learning rate to 0.0
>>>>>>>testing : long_term_forecast_weather_720_336_None_patch6_b0.5_TimeFilter_custom_addlossNone_numpairsmax_patchlen16_alpha1.0_beta0.1<<<<<<<<<<<<<<<<<<<<<<<<<<<<<<<<<
test 10204
mse:0.2896582782268524, mae:0.3118870258331299
================================================================================
Model Profiling Summary
Total Params             : 825,620
Inference Time (s)       : 0.012575
GPU Mem Footprint (MB)   : 33.92
Peak Mem (MB)            : 194.02
================================================================================
Deleted model checkpoint at: ./checkpoints/long_term_forecast_weather_720_336_None_patch6_b0.5_TimeFilter_custom_addlossNone_numpairsmax_patchlen16_alpha1.0_beta0.1/checkpoint.pth
[OK] TimeFilter | seq_len=720 | pred_len=336 | mse=0.290 | mae=0.312
======================================================
Running | model=TimeFilter | table_name=CvLoss | seq_len=720 | pred_len=720 | add_loss=fcv
======================================================
Args in experiment:
[1mBasic Config[0m
  Task Name:          long_term_forecast  Is Training:        2                   
  Model ID:           weather_720_720_fcv_patch6_b1.0Model:              TimeFilter          

[1mData Loader[0m
  Data:               custom              Root Path:          ./data              
  Data Path:          weather.csv         Features:           M                   
  Target:             OT                  Freq:               h                   
  Checkpoints:        ./checkpoints/      

[1mForecasting Task[0m
  Seq Len:            720                 Label Len:          48                  
  Pred Len:           720                 Seasonal Patterns:  Monthly             
  Inverse:            0                   

[1mModel Parameters[0m
  Top k:              5                   Num Kernels:        6                   
  Enc In:             21                  Dec In:             21                  
  C Out:              21                  d model:            128                 
  n heads:            4                   e layers:           2                   
  d layers:           1                   d FF:               256                 
  Moving Avg:         25                  Factor:             3                   
  Distil:             1                   Dropout:            0.3                 
  Embed:              timeF               Activation:         gelu                
  Output Attention:   0                   

[1mRun Parameters[0m
  Num Workers:        1                   Itr:                1                   
  Train Epochs:       10                  Batch Size:         32                  
  Patience:           3                   Learning Rate:      0.0005              
  Des:                Exp                 Loss:               MSE                 
  Lradj:              cosine              Use Amp:            0                   

[1mGPU[0m
  Use GPU:            1                   GPU:                0                   
  Use Multi GPU:      0                   Devices:            0,1,2,3             

[1mDe-stationary Projector Params[0m
  P Hidden Dims:      128, 128            P Hidden Layers:    2                   

Use GPU: cuda:0
>>>>>>>start training : long_term_forecast_weather_720_720_fcv_patch6_b1.0_TimeFilter_custom_addlossfcv_numpairsmax_patchlen6_alpha0.0_beta1.0>>>>>>>>>>>>>>>>>>>>>>>>>>
train 35448
val 4551
test 9820
	iters: 100, epoch: 1 | loss: 0.7995054
	speed: 0.0674s/iter; left time: 740.4906s
	iters: 200, epoch: 1 | loss: 0.7264413
	speed: 0.0443s/iter; left time: 481.4884s
	iters: 300, epoch: 1 | loss: 0.7458552
	speed: 0.0459s/iter; left time: 494.5320s
	iters: 400, epoch: 1 | loss: 0.6948934
	speed: 0.0399s/iter; left time: 425.8408s
	iters: 500, epoch: 1 | loss: 0.7283897
	speed: 0.0469s/iter; left time: 495.8162s
	iters: 600, epoch: 1 | loss: 0.6906998
	speed: 0.0452s/iter; left time: 473.4504s
	iters: 700, epoch: 1 | loss: 0.7162531
	speed: 0.0452s/iter; left time: 468.9485s
	iters: 800, epoch: 1 | loss: 0.6921042
	speed: 0.0447s/iter; left time: 459.9778s
	iters: 900, epoch: 1 | loss: 0.6570800
	speed: 0.0402s/iter; left time: 409.3356s
	iters: 1000, epoch: 1 | loss: 0.6664706
	speed: 0.0444s/iter; left time: 447.4629s
	iters: 1100, epoch: 1 | loss: 0.6737229
	speed: 0.0440s/iter; left time: 439.3042s
Epoch: 1 cost time: 50.58901405334473
Epoch: 1, Steps: 1108 | Train Loss: 0.7155696 Vali Loss: 0.6671169 Test Loss: 0.3549948
Validation loss decreased (inf --> 0.667117).  Saving model ...
Updating learning rate to 0.0004877641290737884
	iters: 100, epoch: 2 | loss: 0.6781759
	speed: 0.1309s/iter; left time: 1291.9042s
	iters: 200, epoch: 2 | loss: 0.6472787
	speed: 0.0423s/iter; left time: 413.7544s
	iters: 300, epoch: 2 | loss: 0.6691244
	speed: 0.0435s/iter; left time: 420.8739s
	iters: 400, epoch: 2 | loss: 0.6251369
	speed: 0.0449s/iter; left time: 429.9261s
	iters: 500, epoch: 2 | loss: 0.6386063
	speed: 0.0425s/iter; left time: 402.2833s
	iters: 600, epoch: 2 | loss: 0.6617802
	speed: 0.0423s/iter; left time: 396.1525s
	iters: 700, epoch: 2 | loss: 0.6363062
	speed: 0.0440s/iter; left time: 408.1557s
	iters: 800, epoch: 2 | loss: 0.6242369
	speed: 0.0401s/iter; left time: 368.1197s
	iters: 900, epoch: 2 | loss: 0.6122010
	speed: 0.0488s/iter; left time: 442.9778s
	iters: 1000, epoch: 2 | loss: 0.6382681
	speed: 0.0462s/iter; left time: 414.1210s
	iters: 1100, epoch: 2 | loss: 0.6113374
	speed: 0.0448s/iter; left time: 397.2309s
Epoch: 2 cost time: 49.2658257484436
Epoch: 2, Steps: 1108 | Train Loss: 0.6290921 Vali Loss: 0.7103547 Test Loss: 0.3652435
Validation loss decreased (0.667117 --> 0.710355).  Saving model ...
Updating learning rate to 0.0004522542485937369
	iters: 100, epoch: 3 | loss: 0.6173540
	speed: 0.1396s/iter; left time: 1223.6551s
	iters: 200, epoch: 3 | loss: 0.5965528
	speed: 0.0458s/iter; left time: 396.7554s
	iters: 300, epoch: 3 | loss: 0.6025841
	speed: 0.0461s/iter; left time: 394.8895s
	iters: 400, epoch: 3 | loss: 0.5790168
	speed: 0.0449s/iter; left time: 379.9031s
	iters: 500, epoch: 3 | loss: 0.5814827
	speed: 0.0438s/iter; left time: 366.0741s
	iters: 600, epoch: 3 | loss: 0.5930007
	speed: 0.0432s/iter; left time: 357.4490s
	iters: 700, epoch: 3 | loss: 0.5835463
	speed: 0.0446s/iter; left time: 364.4085s
	iters: 800, epoch: 3 | loss: 0.5802345
	speed: 0.0425s/iter; left time: 343.0525s
	iters: 900, epoch: 3 | loss: 0.5870826
	speed: 0.0408s/iter; left time: 324.6374s
	iters: 1000, epoch: 3 | loss: 0.5832034
	speed: 0.0443s/iter; left time: 348.7017s
	iters: 1100, epoch: 3 | loss: 0.5772385
	speed: 0.0435s/iter; left time: 337.4097s
Epoch: 3 cost time: 49.25400710105896
Epoch: 3, Steps: 1108 | Train Loss: 0.5849909 Vali Loss: 0.7546904 Test Loss: 0.3772816
Validation loss decreased (0.710355 --> 0.754690).  Saving model ...
Updating learning rate to 0.0003969463130731183
	iters: 100, epoch: 4 | loss: 0.5538214
	speed: 0.1374s/iter; left time: 1051.9981s
	iters: 200, epoch: 4 | loss: 0.5636263
	speed: 0.0439s/iter; left time: 331.7289s
	iters: 300, epoch: 4 | loss: 0.5605459
	speed: 0.0439s/iter; left time: 327.4522s
	iters: 400, epoch: 4 | loss: 0.5266895
	speed: 0.0424s/iter; left time: 311.9287s
	iters: 500, epoch: 4 | loss: 0.5511006
	speed: 0.0434s/iter; left time: 314.6437s
	iters: 600, epoch: 4 | loss: 0.5661229
	speed: 0.0448s/iter; left time: 320.4948s
	iters: 700, epoch: 4 | loss: 0.5482747
	speed: 0.0442s/iter; left time: 312.1176s
	iters: 800, epoch: 4 | loss: 0.5717208
	speed: 0.0437s/iter; left time: 303.9267s
	iters: 900, epoch: 4 | loss: 0.5800326
	speed: 0.0445s/iter; left time: 305.0476s
	iters: 1000, epoch: 4 | loss: 0.5591138
	speed: 0.0425s/iter; left time: 286.9946s
	iters: 1100, epoch: 4 | loss: 0.5468152
	speed: 0.0438s/iter; left time: 291.4347s
Epoch: 4 cost time: 48.84481406211853
Epoch: 4, Steps: 1108 | Train Loss: 0.5586149 Vali Loss: 0.7456917 Test Loss: 0.3668256
Validation loss decreased (0.754690 --> 0.745692).  Saving model ...
Updating learning rate to 0.00032725424859373687
	iters: 100, epoch: 5 | loss: 0.5485909
	speed: 0.1275s/iter; left time: 835.0736s
	iters: 200, epoch: 5 | loss: 0.5609951
	speed: 0.0446s/iter; left time: 287.5771s
	iters: 300, epoch: 5 | loss: 0.5490188
	speed: 0.0420s/iter; left time: 266.8829s
	iters: 400, epoch: 5 | loss: 0.5457637
	speed: 0.0469s/iter; left time: 292.9979s
	iters: 500, epoch: 5 | loss: 0.5511374
	speed: 0.0433s/iter; left time: 266.4089s
	iters: 600, epoch: 5 | loss: 0.5296156
	speed: 0.0432s/iter; left time: 261.0826s
	iters: 700, epoch: 5 | loss: 0.5569736
	speed: 0.0439s/iter; left time: 261.1768s
	iters: 800, epoch: 5 | loss: 0.5152866
	speed: 0.0442s/iter; left time: 258.4306s
	iters: 900, epoch: 5 | loss: 0.5422949
	speed: 0.0435s/iter; left time: 249.8675s
	iters: 1000, epoch: 5 | loss: 0.5527842
	speed: 0.0436s/iter; left time: 246.1217s
	iters: 1100, epoch: 5 | loss: 0.5331321
	speed: 0.0449s/iter; left time: 249.3559s
Epoch: 5 cost time: 48.806190729141235
Epoch: 5, Steps: 1108 | Train Loss: 0.5407347 Vali Loss: 0.7539920 Test Loss: 0.3600395
Validation loss decreased (0.745692 --> 0.753992).  Saving model ...
Updating learning rate to 0.00025
	iters: 100, epoch: 6 | loss: 0.5378063
	speed: 0.1321s/iter; left time: 718.6761s
	iters: 200, epoch: 6 | loss: 0.5294693
	speed: 0.0439s/iter; left time: 234.3455s
	iters: 300, epoch: 6 | loss: 0.5085997
	speed: 0.0427s/iter; left time: 223.7752s
	iters: 400, epoch: 6 | loss: 0.5155156
	speed: 0.0412s/iter; left time: 211.5673s
	iters: 500, epoch: 6 | loss: 0.5622943
	speed: 0.0414s/iter; left time: 208.6556s
	iters: 600, epoch: 6 | loss: 0.5414882
	speed: 0.0455s/iter; left time: 224.9233s
	iters: 700, epoch: 6 | loss: 0.5224451
	speed: 0.0398s/iter; left time: 192.6261s
	iters: 800, epoch: 6 | loss: 0.5198164
	speed: 0.0478s/iter; left time: 226.8444s
	iters: 900, epoch: 6 | loss: 0.5212376
	speed: 0.0464s/iter; left time: 215.2585s
	iters: 1000, epoch: 6 | loss: 0.5390687
	speed: 0.0451s/iter; left time: 205.0217s
	iters: 1100, epoch: 6 | loss: 0.5325230
	speed: 0.0444s/iter; left time: 197.1956s
Epoch: 6 cost time: 48.83325266838074
Epoch: 6, Steps: 1108 | Train Loss: 0.5276474 Vali Loss: 0.7407771 Test Loss: 0.3612604
Validation loss decreased (0.753992 --> 0.740777).  Saving model ...
Updating learning rate to 0.00017274575140626317
	iters: 100, epoch: 7 | loss: 0.5123417
	speed: 0.1351s/iter; left time: 585.2836s
	iters: 200, epoch: 7 | loss: 0.5063870
	speed: 0.0451s/iter; left time: 191.0892s
	iters: 300, epoch: 7 | loss: 0.5234962
	speed: 0.0445s/iter; left time: 183.9931s
	iters: 400, epoch: 7 | loss: 0.5005113
	speed: 0.0449s/iter; left time: 181.1694s
	iters: 500, epoch: 7 | loss: 0.5517673
	speed: 0.0439s/iter; left time: 172.7671s
	iters: 600, epoch: 7 | loss: 0.5222083
	speed: 0.0444s/iter; left time: 170.0549s
	iters: 700, epoch: 7 | loss: 0.4907595
	speed: 0.0432s/iter; left time: 161.1350s
	iters: 800, epoch: 7 | loss: 0.5279671
	speed: 0.0407s/iter; left time: 148.0409s
	iters: 900, epoch: 7 | loss: 0.5071978
	speed: 0.0418s/iter; left time: 147.5443s
	iters: 1000, epoch: 7 | loss: 0.4980931
	speed: 0.0437s/iter; left time: 150.0939s
	iters: 1100, epoch: 7 | loss: 0.5318216
	speed: 0.0426s/iter; left time: 141.8288s
Epoch: 7 cost time: 48.68846321105957
Epoch: 7, Steps: 1108 | Train Loss: 0.5184400 Vali Loss: 0.7526913 Test Loss: 0.3576992
Validation loss decreased (0.740777 --> 0.752691).  Saving model ...
Updating learning rate to 0.00010305368692688174
	iters: 100, epoch: 8 | loss: 0.5386804
	speed: 0.1401s/iter; left time: 451.8420s
	iters: 200, epoch: 8 | loss: 0.5132933
	speed: 0.0448s/iter; left time: 139.9242s
	iters: 300, epoch: 8 | loss: 0.5176229
	speed: 0.0443s/iter; left time: 134.1148s
	iters: 400, epoch: 8 | loss: 0.4985811
	speed: 0.0446s/iter; left time: 130.5631s
	iters: 500, epoch: 8 | loss: 0.5202594
	speed: 0.0460s/iter; left time: 129.8815s
	iters: 600, epoch: 8 | loss: 0.4915296
	speed: 0.0439s/iter; left time: 119.7326s
	iters: 700, epoch: 8 | loss: 0.4935459
	speed: 0.0451s/iter; left time: 118.3345s
	iters: 800, epoch: 8 | loss: 0.4975856
	speed: 0.0443s/iter; left time: 111.8093s
	iters: 900, epoch: 8 | loss: 0.4813037
	speed: 0.0429s/iter; left time: 104.1232s
	iters: 1000, epoch: 8 | loss: 0.5084612
	speed: 0.0441s/iter; left time: 102.4588s
	iters: 1100, epoch: 8 | loss: 0.5033742
	speed: 0.0436s/iter; left time: 96.9358s
Epoch: 8 cost time: 49.51027202606201
Epoch: 8, Steps: 1108 | Train Loss: 0.5115835 Vali Loss: 0.7246076 Test Loss: 0.3580106
Validation loss decreased (0.752691 --> 0.724608).  Saving model ...
Updating learning rate to 4.7745751406263163e-05
	iters: 100, epoch: 9 | loss: 0.5220540
	speed: 0.1257s/iter; left time: 266.0610s
	iters: 200, epoch: 9 | loss: 0.5055344
	speed: 0.0470s/iter; left time: 94.7438s
	iters: 300, epoch: 9 | loss: 0.4903344
	speed: 0.0457s/iter; left time: 87.6780s
	iters: 400, epoch: 9 | loss: 0.4927489
	speed: 0.0445s/iter; left time: 80.9059s
	iters: 500, epoch: 9 | loss: 0.5017053
	speed: 0.0446s/iter; left time: 76.5341s
	iters: 600, epoch: 9 | loss: 0.4925507
	speed: 0.0453s/iter; left time: 73.1907s
	iters: 700, epoch: 9 | loss: 0.5156583
	speed: 0.0449s/iter; left time: 68.1001s
	iters: 800, epoch: 9 | loss: 0.5232021
	speed: 0.0455s/iter; left time: 64.5069s
	iters: 900, epoch: 9 | loss: 0.4994193
	speed: 0.0452s/iter; left time: 59.4790s
	iters: 1000, epoch: 9 | loss: 0.4931131
	speed: 0.0451s/iter; left time: 54.9178s
	iters: 1100, epoch: 9 | loss: 0.5136243
	speed: 0.0449s/iter; left time: 50.1015s
Epoch: 9 cost time: 50.02621817588806
Epoch: 9, Steps: 1108 | Train Loss: 0.5072470 Vali Loss: 0.7458428 Test Loss: 0.3582871
Validation loss decreased (0.724608 --> 0.745843).  Saving model ...
Updating learning rate to 1.2235870926211617e-05
	iters: 100, epoch: 10 | loss: 0.5441798
	speed: 0.1337s/iter; left time: 134.8569s
	iters: 200, epoch: 10 | loss: 0.5236721
	speed: 0.0422s/iter; left time: 38.3528s
	iters: 300, epoch: 10 | loss: 0.5037735
	speed: 0.0421s/iter; left time: 34.0569s
	iters: 400, epoch: 10 | loss: 0.5192230
	speed: 0.0452s/iter; left time: 32.0731s
	iters: 500, epoch: 10 | loss: 0.4793789
	speed: 0.0399s/iter; left time: 24.2861s
	iters: 600, epoch: 10 | loss: 0.5116249
	speed: 0.0483s/iter; left time: 24.6055s
	iters: 700, epoch: 10 | loss: 0.5002502
	speed: 0.0449s/iter; left time: 18.3639s
	iters: 800, epoch: 10 | loss: 0.4967053
	speed: 0.0448s/iter; left time: 13.8477s
	iters: 900, epoch: 10 | loss: 0.4910391
	speed: 0.0443s/iter; left time: 9.2634s
	iters: 1000, epoch: 10 | loss: 0.4915534
	speed: 0.0453s/iter; left time: 4.9404s
	iters: 1100, epoch: 10 | loss: 0.5091635
	speed: 0.0460s/iter; left time: 0.4141s
Epoch: 10 cost time: 49.24192833900452
Epoch: 10, Steps: 1108 | Train Loss: 0.5051551 Vali Loss: 0.7436010 Test Loss: 0.3572730
Validation loss decreased (0.745843 --> 0.743601).  Saving model ...
Updating learning rate to 0.0
>>>>>>>testing : long_term_forecast_weather_720_720_fcv_patch6_b1.0_TimeFilter_custom_addlossfcv_numpairsmax_patchlen6_alpha0.0_beta1.0<<<<<<<<<<<<<<<<<<<<<<<<<<<<<<<<<
test 9820
mse:0.35717958211898804, mae:0.34944775700569153
================================================================================
Model Profiling Summary
Total Params             : 1,563,284
Inference Time (s)       : 0.012768
GPU Mem Footprint (MB)   : 42.67
Peak Mem (MB)            : 201.78
================================================================================
Deleted model checkpoint at: ./checkpoints/long_term_forecast_weather_720_720_fcv_patch6_b1.0_TimeFilter_custom_addlossfcv_numpairsmax_patchlen6_alpha0.0_beta1.0/checkpoint.pth
[OK] CvLoss | seq_len=720 | pred_len=720 | mse=0.357 | mae=0.349
======================================================
Running | model=TimeFilter | table_name=TimeFilter | seq_len=720 | pred_len=720 | add_loss=None
======================================================
Args in experiment:
[1mBasic Config[0m
  Task Name:          long_term_forecast  Is Training:        2                   
  Model ID:           weather_720_720_None_patch6_b1.0Model:              TimeFilter          

[1mData Loader[0m
  Data:               custom              Root Path:          ./data              
  Data Path:          weather.csv         Features:           M                   
  Target:             OT                  Freq:               h                   
  Checkpoints:        ./checkpoints/      

[1mForecasting Task[0m
  Seq Len:            720                 Label Len:          48                  
  Pred Len:           720                 Seasonal Patterns:  Monthly             
  Inverse:            0                   

[1mModel Parameters[0m
  Top k:              5                   Num Kernels:        6                   
  Enc In:             21                  Dec In:             21                  
  C Out:              21                  d model:            128                 
  n heads:            4                   e layers:           2                   
  d layers:           1                   d FF:               256                 
  Moving Avg:         25                  Factor:             3                   
  Distil:             1                   Dropout:            0.3                 
  Embed:              timeF               Activation:         gelu                
  Output Attention:   0                   

[1mRun Parameters[0m
  Num Workers:        1                   Itr:                1                   
  Train Epochs:       10                  Batch Size:         32                  
  Patience:           3                   Learning Rate:      0.0005              
  Des:                Exp                 Loss:               MSE                 
  Lradj:              cosine              Use Amp:            0                   

[1mGPU[0m
  Use GPU:            1                   GPU:                0                   
  Use Multi GPU:      0                   Devices:            0,1,2,3             

[1mDe-stationary Projector Params[0m
  P Hidden Dims:      128, 128            P Hidden Layers:    2                   

Use GPU: cuda:0
>>>>>>>start training : long_term_forecast_weather_720_720_None_patch6_b1.0_TimeFilter_custom_addlossNone_numpairsmax_patchlen16_alpha1.0_beta0.1>>>>>>>>>>>>>>>>>>>>>>>>>>
train 35448
val 4551
test 9820
	iters: 100, epoch: 1 | loss: 0.7414653
	speed: 0.0470s/iter; left time: 516.3468s
	iters: 200, epoch: 1 | loss: 0.6660261
	speed: 0.0216s/iter; left time: 235.0105s
	iters: 300, epoch: 1 | loss: 0.7683888
	speed: 0.0261s/iter; left time: 281.7357s
	iters: 400, epoch: 1 | loss: 0.5574121
	speed: 0.0217s/iter; left time: 231.6532s
	iters: 500, epoch: 1 | loss: 0.6135643
	speed: 0.0218s/iter; left time: 230.7127s
	iters: 600, epoch: 1 | loss: 0.6648276
	speed: 0.0282s/iter; left time: 295.2997s
	iters: 700, epoch: 1 | loss: 0.5702968
	speed: 0.0254s/iter; left time: 263.6475s
	iters: 800, epoch: 1 | loss: 0.5726893
	speed: 0.0255s/iter; left time: 261.7109s
	iters: 900, epoch: 1 | loss: 0.5258514
	speed: 0.0243s/iter; left time: 247.1563s
	iters: 1000, epoch: 1 | loss: 0.5087194
	speed: 0.0266s/iter; left time: 267.9384s
	iters: 1100, epoch: 1 | loss: 0.6477754
	speed: 0.0252s/iter; left time: 251.2073s
Epoch: 1 cost time: 28.9540958404541
Epoch: 1, Steps: 1108 | Train Loss: 0.6533084 Vali Loss: 0.6816127 Test Loss: 0.3591700
Validation loss decreased (inf --> 0.681613).  Saving model ...
Updating learning rate to 0.0004877641290737884
	iters: 100, epoch: 2 | loss: 0.6730911
	speed: 0.1177s/iter; left time: 1162.4689s
	iters: 200, epoch: 2 | loss: 0.4889932
	speed: 0.0247s/iter; left time: 241.8132s
	iters: 300, epoch: 2 | loss: 0.6645441
	speed: 0.0239s/iter; left time: 231.3711s
	iters: 400, epoch: 2 | loss: 0.4772634
	speed: 0.0234s/iter; left time: 223.6507s
	iters: 500, epoch: 2 | loss: 0.4698688
	speed: 0.0235s/iter; left time: 222.8094s
	iters: 600, epoch: 2 | loss: 0.5360246
	speed: 0.0238s/iter; left time: 223.5206s
	iters: 700, epoch: 2 | loss: 0.6452361
	speed: 0.0246s/iter; left time: 228.2680s
	iters: 800, epoch: 2 | loss: 0.6855557
	speed: 0.0250s/iter; left time: 228.9804s
	iters: 900, epoch: 2 | loss: 0.4890758
	speed: 0.0245s/iter; left time: 222.0648s
	iters: 1000, epoch: 2 | loss: 0.5307686
	speed: 0.0233s/iter; left time: 208.9888s
	iters: 1100, epoch: 2 | loss: 0.6297412
	speed: 0.0217s/iter; left time: 192.9093s
Epoch: 2 cost time: 27.01396608352661
Epoch: 2, Steps: 1108 | Train Loss: 0.5588320 Vali Loss: 0.6794316 Test Loss: 0.3704104
Validation loss decreased (0.681613 --> 0.679432).  Saving model ...
Updating learning rate to 0.0004522542485937369
	iters: 100, epoch: 3 | loss: 0.5777590
	speed: 0.1256s/iter; left time: 1101.0036s
	iters: 200, epoch: 3 | loss: 0.5121457
	speed: 0.0249s/iter; left time: 215.5760s
	iters: 300, epoch: 3 | loss: 0.4092807
	speed: 0.0206s/iter; left time: 176.8197s
	iters: 400, epoch: 3 | loss: 0.4465698
	speed: 0.0258s/iter; left time: 218.6393s
	iters: 500, epoch: 3 | loss: 0.4205618
	speed: 0.0205s/iter; left time: 171.8031s
	iters: 600, epoch: 3 | loss: 0.4193222
	speed: 0.0210s/iter; left time: 173.8606s
	iters: 700, epoch: 3 | loss: 0.4226903
	speed: 0.0293s/iter; left time: 238.8344s
	iters: 800, epoch: 3 | loss: 0.5954692
	speed: 0.0243s/iter; left time: 195.6111s
	iters: 900, epoch: 3 | loss: 0.7023457
	speed: 0.0241s/iter; left time: 192.2110s
	iters: 1000, epoch: 3 | loss: 0.4698583
	speed: 0.0245s/iter; left time: 192.5025s
	iters: 1100, epoch: 3 | loss: 0.6154981
	speed: 0.0243s/iter; left time: 188.5006s
Epoch: 3 cost time: 26.570948123931885
Epoch: 3, Steps: 1108 | Train Loss: 0.5201261 Vali Loss: 0.7700397 Test Loss: 0.3993960
Validation loss decreased (0.679432 --> 0.770040).  Saving model ...
Updating learning rate to 0.0003969463130731183
	iters: 100, epoch: 4 | loss: 0.4855351
	speed: 0.1327s/iter; left time: 1015.9555s
	iters: 200, epoch: 4 | loss: 0.5344435
	speed: 0.0245s/iter; left time: 185.2791s
	iters: 300, epoch: 4 | loss: 0.6683038
	speed: 0.0244s/iter; left time: 182.0551s
	iters: 400, epoch: 4 | loss: 0.4909952
	speed: 0.0236s/iter; left time: 173.7988s
	iters: 500, epoch: 4 | loss: 0.4766262
	speed: 0.0234s/iter; left time: 170.0440s
	iters: 600, epoch: 4 | loss: 0.4444649
	speed: 0.0245s/iter; left time: 175.6281s
	iters: 700, epoch: 4 | loss: 0.4633671
	speed: 0.0241s/iter; left time: 170.0514s
	iters: 800, epoch: 4 | loss: 0.4465407
	speed: 0.0248s/iter; left time: 172.8222s
	iters: 900, epoch: 4 | loss: 0.4671311
	speed: 0.0236s/iter; left time: 162.0103s
	iters: 1000, epoch: 4 | loss: 0.7255247
	speed: 0.0245s/iter; left time: 165.2277s
	iters: 1100, epoch: 4 | loss: 0.5167341
	speed: 0.0222s/iter; left time: 147.8778s
Epoch: 4 cost time: 26.94365358352661
Epoch: 4, Steps: 1108 | Train Loss: 0.4970522 Vali Loss: 0.7227654 Test Loss: 0.3928069
Validation loss decreased (0.770040 --> 0.722765).  Saving model ...
Updating learning rate to 0.00032725424859373687
	iters: 100, epoch: 5 | loss: 0.5046909
	speed: 0.1272s/iter; left time: 833.3565s
	iters: 200, epoch: 5 | loss: 0.4441319
	speed: 0.0231s/iter; left time: 149.0933s
	iters: 300, epoch: 5 | loss: 0.5440555
	speed: 0.0209s/iter; left time: 132.4066s
	iters: 400, epoch: 5 | loss: 0.4462136
	speed: 0.0270s/iter; left time: 168.8550s
	iters: 500, epoch: 5 | loss: 0.4517344
	speed: 0.0220s/iter; left time: 135.1615s
	iters: 600, epoch: 5 | loss: 0.5025445
	speed: 0.0208s/iter; left time: 125.8557s
	iters: 700, epoch: 5 | loss: 0.5758935
	speed: 0.0274s/iter; left time: 162.7828s
	iters: 800, epoch: 5 | loss: 0.4087752
	speed: 0.0240s/iter; left time: 140.1280s
	iters: 900, epoch: 5 | loss: 0.5153700
	speed: 0.0253s/iter; left time: 145.4681s
	iters: 1000, epoch: 5 | loss: 0.5907940
	speed: 0.0246s/iter; left time: 139.0401s
	iters: 1100, epoch: 5 | loss: 0.4093561
	speed: 0.0236s/iter; left time: 130.9412s
Epoch: 5 cost time: 26.472418069839478
Epoch: 5, Steps: 1108 | Train Loss: 0.4825393 Vali Loss: 0.7672850 Test Loss: 0.3997654
Validation loss decreased (0.722765 --> 0.767285).  Saving model ...
Updating learning rate to 0.00025
	iters: 100, epoch: 6 | loss: 0.5244126
	speed: 0.1301s/iter; left time: 707.7699s
	iters: 200, epoch: 6 | loss: 0.3765801
	speed: 0.0233s/iter; left time: 124.2260s
	iters: 300, epoch: 6 | loss: 0.3886277
	speed: 0.0235s/iter; left time: 123.0377s
	iters: 400, epoch: 6 | loss: 0.3513972
	speed: 0.0236s/iter; left time: 121.2987s
	iters: 500, epoch: 6 | loss: 0.4341779
	speed: 0.0245s/iter; left time: 123.3205s
	iters: 600, epoch: 6 | loss: 0.4409184
	speed: 0.0239s/iter; left time: 117.8888s
	iters: 700, epoch: 6 | loss: 0.4550644
	speed: 0.0243s/iter; left time: 117.4436s
	iters: 800, epoch: 6 | loss: 0.4323120
	speed: 0.0255s/iter; left time: 120.6675s
	iters: 900, epoch: 6 | loss: 0.6580923
	speed: 0.0249s/iter; left time: 115.6005s
	iters: 1000, epoch: 6 | loss: 0.3725727
	speed: 0.0239s/iter; left time: 108.5282s
	iters: 1100, epoch: 6 | loss: 0.5893949
	speed: 0.0237s/iter; left time: 105.1788s
Epoch: 6 cost time: 26.8263738155365
Epoch: 6, Steps: 1108 | Train Loss: 0.4712207 Vali Loss: 0.7371138 Test Loss: 0.3891911
Validation loss decreased (0.767285 --> 0.737114).  Saving model ...
Updating learning rate to 0.00017274575140626317
	iters: 100, epoch: 7 | loss: 0.7299570
	speed: 0.1270s/iter; left time: 550.2516s
	iters: 200, epoch: 7 | loss: 0.3753701
	speed: 0.0225s/iter; left time: 95.0756s
	iters: 300, epoch: 7 | loss: 0.3560478
	speed: 0.0225s/iter; left time: 92.9751s
	iters: 400, epoch: 7 | loss: 0.3648902
	speed: 0.0207s/iter; left time: 83.3123s
	iters: 500, epoch: 7 | loss: 0.4138177
	speed: 0.0277s/iter; left time: 109.1103s
	iters: 600, epoch: 7 | loss: 0.4895568
	speed: 0.0206s/iter; left time: 79.1113s
	iters: 700, epoch: 7 | loss: 0.3328989
	speed: 0.0234s/iter; left time: 87.3608s
	iters: 800, epoch: 7 | loss: 0.5037750
	speed: 0.0267s/iter; left time: 97.0891s
	iters: 900, epoch: 7 | loss: 0.4871995
	speed: 0.0235s/iter; left time: 83.1102s
	iters: 1000, epoch: 7 | loss: 0.3333195
	speed: 0.0243s/iter; left time: 83.4363s
	iters: 1100, epoch: 7 | loss: 0.5764375
	speed: 0.0238s/iter; left time: 79.1872s
Epoch: 7 cost time: 26.31515145301819
Epoch: 7, Steps: 1108 | Train Loss: 0.4631792 Vali Loss: 0.7379091 Test Loss: 0.3854739
Validation loss decreased (0.737114 --> 0.737909).  Saving model ...
Updating learning rate to 0.00010305368692688174
	iters: 100, epoch: 8 | loss: 0.6527928
	speed: 0.1321s/iter; left time: 425.9050s
	iters: 200, epoch: 8 | loss: 0.3576430
	speed: 0.0239s/iter; left time: 74.7304s
	iters: 300, epoch: 8 | loss: 0.3455725
	speed: 0.0232s/iter; left time: 70.2187s
	iters: 400, epoch: 8 | loss: 0.4687710
	speed: 0.0242s/iter; left time: 70.7641s
	iters: 500, epoch: 8 | loss: 0.4180811
	speed: 0.0235s/iter; left time: 66.4967s
	iters: 600, epoch: 8 | loss: 0.4569998
	speed: 0.0241s/iter; left time: 65.6001s
	iters: 700, epoch: 8 | loss: 0.4612989
	speed: 0.0242s/iter; left time: 63.5779s
	iters: 800, epoch: 8 | loss: 0.4602189
	speed: 0.0245s/iter; left time: 61.9853s
	iters: 900, epoch: 8 | loss: 0.3536528
	speed: 0.0237s/iter; left time: 57.3974s
	iters: 1000, epoch: 8 | loss: 0.3490655
	speed: 0.0251s/iter; left time: 58.3555s
	iters: 1100, epoch: 8 | loss: 0.3842568
	speed: 0.0239s/iter; left time: 53.2109s
Epoch: 8 cost time: 26.9270122051239
Epoch: 8, Steps: 1108 | Train Loss: 0.4575476 Vali Loss: 0.7523417 Test Loss: 0.3964236
Validation loss decreased (0.737909 --> 0.752342).  Saving model ...
Updating learning rate to 4.7745751406263163e-05
	iters: 100, epoch: 9 | loss: 0.3846245
	speed: 0.1263s/iter; left time: 267.3917s
	iters: 200, epoch: 9 | loss: 0.3752908
	speed: 0.0206s/iter; left time: 41.5986s
	iters: 300, epoch: 9 | loss: 0.4559712
	speed: 0.0236s/iter; left time: 45.3222s
	iters: 400, epoch: 9 | loss: 0.3684364
	speed: 0.0210s/iter; left time: 38.2444s
	iters: 500, epoch: 9 | loss: 0.4778152
	speed: 0.0256s/iter; left time: 43.9358s
	iters: 600, epoch: 9 | loss: 0.3417621
	speed: 0.0211s/iter; left time: 34.0586s
	iters: 700, epoch: 9 | loss: 0.3685433
	speed: 0.0223s/iter; left time: 33.8212s
	iters: 800, epoch: 9 | loss: 0.4869443
	speed: 0.0285s/iter; left time: 40.4041s
	iters: 900, epoch: 9 | loss: 0.4740083
	speed: 0.0246s/iter; left time: 32.3822s
	iters: 1000, epoch: 9 | loss: 0.5047393
	speed: 0.0246s/iter; left time: 29.9959s
	iters: 1100, epoch: 9 | loss: 0.3584313
	speed: 0.0244s/iter; left time: 27.2954s
Epoch: 9 cost time: 26.45241403579712
Epoch: 9, Steps: 1108 | Train Loss: 0.4538932 Vali Loss: 0.7581323 Test Loss: 0.3964715
Validation loss decreased (0.752342 --> 0.758132).  Saving model ...
Updating learning rate to 1.2235870926211617e-05
	iters: 100, epoch: 10 | loss: 0.4294824
	speed: 0.1325s/iter; left time: 133.7251s
	iters: 200, epoch: 10 | loss: 0.5003688
	speed: 0.0244s/iter; left time: 22.1414s
	iters: 300, epoch: 10 | loss: 0.6198682
	speed: 0.0241s/iter; left time: 19.4632s
	iters: 400, epoch: 10 | loss: 0.6156685
	speed: 0.0245s/iter; left time: 17.3920s
	iters: 500, epoch: 10 | loss: 0.3397981
	speed: 0.0246s/iter; left time: 14.9764s
	iters: 600, epoch: 10 | loss: 0.4066848
	speed: 0.0240s/iter; left time: 12.2282s
	iters: 700, epoch: 10 | loss: 0.4934828
	speed: 0.0242s/iter; left time: 9.9138s
	iters: 800, epoch: 10 | loss: 0.4516612
	speed: 0.0237s/iter; left time: 7.3250s
	iters: 900, epoch: 10 | loss: 0.5713254
	speed: 0.0240s/iter; left time: 5.0099s
	iters: 1000, epoch: 10 | loss: 0.3676347
	speed: 0.0243s/iter; left time: 2.6523s
	iters: 1100, epoch: 10 | loss: 0.4792175
	speed: 0.0234s/iter; left time: 0.2105s
Epoch: 10 cost time: 27.046279430389404
Epoch: 10, Steps: 1108 | Train Loss: 0.4518562 Vali Loss: 0.7558477 Test Loss: 0.3925943
Validation loss decreased (0.758132 --> 0.755848).  Saving model ...
Updating learning rate to 0.0
>>>>>>>testing : long_term_forecast_weather_720_720_None_patch6_b1.0_TimeFilter_custom_addlossNone_numpairsmax_patchlen16_alpha1.0_beta0.1<<<<<<<<<<<<<<<<<<<<<<<<<<<<<<<<<
test 9820
mse:0.3924567401409149, mae:0.37683120369911194
================================================================================
Model Profiling Summary
Total Params             : 1,563,284
Inference Time (s)       : 0.012279
GPU Mem Footprint (MB)   : 42.75
Peak Mem (MB)            : 201.92
================================================================================
Deleted model checkpoint at: ./checkpoints/long_term_forecast_weather_720_720_None_patch6_b1.0_TimeFilter_custom_addlossNone_numpairsmax_patchlen16_alpha1.0_beta0.1/checkpoint.pth
[OK] TimeFilter | seq_len=720 | pred_len=720 | mse=0.392 | mae=0.377
All jobs finished.
Collected results saved to: logs/weather_timefilter_grid/weather_timefilter_results.csv

================ Final Result Table ================

                                             CvLoss         TimeFilter       
                                                MSE    MAE    MSE    MAE
Historical sequence length Prediction length                            
96                         96                 0.149  0.188  0.153  0.199
                           192                0.198  0.236  0.202  0.246
                           336                0.257  0.283  0.259  0.289
                           720                0.340  0.334  0.345  0.344
                           Avg                0.236  0.260  0.240  0.269
192                        96                 0.142  0.180  0.146  0.195
                           192                0.191  0.230  0.194  0.243
                           336                0.250  0.278  0.256  0.289
                           720                0.333  0.331  0.334  0.341
                           Avg                0.229  0.255  0.232  0.267
336                        96                 0.153  0.192  0.153  0.202
                           192                0.209  0.241  0.215  0.255
                           336                0.269  0.287  0.288  0.302
                           720                0.363  0.347  0.372  0.360
                           Avg                0.248  0.267  0.257  0.280
720                        96                 0.151  0.195  0.159  0.213
                           192                0.216  0.254  0.219  0.266
                           336                0.278  0.301  0.290  0.312
                           720                0.357  0.349  0.392  0.377
                           Avg                0.250  0.275  0.265  0.292

===================================================