======================================================
Running Weather | model=CvLoss | seq_len=96 | pred_len=96 | patchlen=3 | beta=1.0
======================================================
Args in experiment:
Namespace(random_seed=2024, is_training=1, model_id='weather_96_96_fcv_patch3_b1.0', model='TQNet', data='custom', root_path='./dataset/', data_path='weather.csv', features='M', target='OT', freq='h', checkpoints='./checkpoints/', seq_len=96, label_len=0, pred_len=96, cycle=144, model_type='mlp', use_revin=1, fc_dropout=0.05, head_dropout=0.0, patch_len=16, stride=8, padding_patch='end', revin=0, affine=0, subtract_last=0, decomposition=0, kernel_size=25, individual=0, rnn_type='gru', dec_way='pmf', seg_len=48, channel_id=1, embed_type=0, enc_in=21, dec_in=7, c_out=7, d_model=512, n_heads=8, e_layers=2, d_layers=1, d_ff=2048, moving_avg=25, factor=1, distil=True, dropout=0.5, embed='timeF', activation='gelu', output_attention=False, do_predict=False, num_workers=10, itr=1, train_epochs=30, batch_size=64, patience=5, learning_rate=0.001, des='test', loss='mse', lradj='type3', pct_start=0.3, use_amp=False, use_gpu=True, gpu=0, use_multi_gpu=False, devices='0,1', test_flop=False, add_loss='fcv', num_pairs='max', loss_patchlen=3, alpha_add_loss=0.0, beta_add_loss=1.0)
Use GPU: cuda:0
>>>>>>>start training : long_term_forecast_weather_96_96_fcv_patch3_b1.0_TQNet_custom_addlossfcv_numpairsmax_patchlen3_alpha0.0_beta1.0>>>>>>>>>>>>>>>>>>>>>>>>>>
train 36696
val 5175
test 10444
	iters: 100, epoch: 1 | loss: 0.6226013
	speed: 0.0382s/iter; left time: 653.6297s
	iters: 200, epoch: 1 | loss: 0.6109685
	speed: 0.0108s/iter; left time: 182.8581s
	iters: 300, epoch: 1 | loss: 0.5657251
	speed: 0.0104s/iter; left time: 175.5632s
	iters: 400, epoch: 1 | loss: 0.5514588
	speed: 0.0113s/iter; left time: 189.5191s
	iters: 500, epoch: 1 | loss: 0.5143126
	speed: 0.0100s/iter; left time: 166.5806s
Epoch: 1 cost time: 8.188655138015747
Epoch: 1, Steps: 573 | Train Loss: 0.5853907 Vali Loss: 0.4755215 Test Loss: 0.1918469
Validation loss decreased (inf --> 0.475521).  Saving model ...
Updating learning rate to 0.001
	iters: 100, epoch: 2 | loss: 0.5155621
	speed: 0.0622s/iter; left time: 1028.2306s
	iters: 200, epoch: 2 | loss: 0.4751385
	speed: 0.0109s/iter; left time: 179.2141s
	iters: 300, epoch: 2 | loss: 0.4363945
	speed: 0.0110s/iter; left time: 179.4489s
	iters: 400, epoch: 2 | loss: 0.4292017
	speed: 0.0108s/iter; left time: 175.8147s
	iters: 500, epoch: 2 | loss: 0.4866593
	speed: 0.0111s/iter; left time: 178.2022s
Epoch: 2 cost time: 7.141413927078247
Epoch: 2, Steps: 573 | Train Loss: 0.4858662 Vali Loss: 0.3974318 Test Loss: 0.1598469
Validation loss decreased (0.475521 --> 0.397432).  Saving model ...
Updating learning rate to 0.001
	iters: 100, epoch: 3 | loss: 0.4943581
	speed: 0.0653s/iter; left time: 1040.6528s
	iters: 200, epoch: 3 | loss: 0.4423627
	speed: 0.0108s/iter; left time: 171.4881s
	iters: 300, epoch: 3 | loss: 0.5034879
	speed: 0.0107s/iter; left time: 168.3350s
	iters: 400, epoch: 3 | loss: 0.4735392
	speed: 0.0106s/iter; left time: 166.4463s
	iters: 500, epoch: 3 | loss: 0.4357165
	speed: 0.0108s/iter; left time: 167.8067s
Epoch: 3 cost time: 7.167265176773071
Epoch: 3, Steps: 573 | Train Loss: 0.4639629 Vali Loss: 0.3936437 Test Loss: 0.1576157
Validation loss decreased (0.397432 --> 0.393644).  Saving model ...
Updating learning rate to 0.001
	iters: 100, epoch: 4 | loss: 0.4610199
	speed: 0.0634s/iter; left time: 974.6099s
	iters: 200, epoch: 4 | loss: 0.4447559
	speed: 0.0120s/iter; left time: 182.9699s
	iters: 300, epoch: 4 | loss: 0.4306809
	speed: 0.0084s/iter; left time: 127.5567s
	iters: 400, epoch: 4 | loss: 0.4337526
	speed: 0.0076s/iter; left time: 114.0524s
	iters: 500, epoch: 4 | loss: 0.4287486
	speed: 0.0097s/iter; left time: 145.0805s
Epoch: 4 cost time: 6.42277455329895
Epoch: 4, Steps: 573 | Train Loss: 0.4573890 Vali Loss: 0.3930561 Test Loss: 0.1560977
Validation loss decreased (0.393644 --> 0.393056).  Saving model ...
Updating learning rate to 0.0008
	iters: 100, epoch: 5 | loss: 0.4765343
	speed: 0.0594s/iter; left time: 878.4058s
	iters: 200, epoch: 5 | loss: 0.4530725
	speed: 0.0096s/iter; left time: 141.3623s
	iters: 300, epoch: 5 | loss: 0.4248574
	speed: 0.0100s/iter; left time: 145.4223s
	iters: 400, epoch: 5 | loss: 0.4177163
	speed: 0.0083s/iter; left time: 120.5874s
	iters: 500, epoch: 5 | loss: 0.4658920
	speed: 0.0080s/iter; left time: 115.9061s
Epoch: 5 cost time: 5.788045883178711
Epoch: 5, Steps: 573 | Train Loss: 0.4515503 Vali Loss: 0.3964058 Test Loss: 0.1561859
EarlyStopping counter: 1 out of 5
Updating learning rate to 0.0006400000000000002
	iters: 100, epoch: 6 | loss: 0.4990803
	speed: 0.0599s/iter; left time: 852.7330s
	iters: 200, epoch: 6 | loss: 0.4232197
	speed: 0.0081s/iter; left time: 113.7486s
	iters: 300, epoch: 6 | loss: 0.4467377
	speed: 0.0077s/iter; left time: 108.5875s
	iters: 400, epoch: 6 | loss: 0.4619164
	speed: 0.0075s/iter; left time: 105.1371s
	iters: 500, epoch: 6 | loss: 0.4567267
	speed: 0.0100s/iter; left time: 138.8883s
Epoch: 6 cost time: 6.152148008346558
Epoch: 6, Steps: 573 | Train Loss: 0.4463616 Vali Loss: 0.3918437 Test Loss: 0.1547984
Validation loss decreased (0.393056 --> 0.391844).  Saving model ...
Updating learning rate to 0.0005120000000000001
	iters: 100, epoch: 7 | loss: 0.4597430
	speed: 0.0693s/iter; left time: 946.7017s
	iters: 200, epoch: 7 | loss: 0.4214612
	speed: 0.0111s/iter; left time: 150.0690s
	iters: 300, epoch: 7 | loss: 0.4831646
	speed: 0.0122s/iter; left time: 163.8473s
	iters: 400, epoch: 7 | loss: 0.4425693
	speed: 0.0108s/iter; left time: 144.6280s
	iters: 500, epoch: 7 | loss: 0.4499048
	speed: 0.0110s/iter; left time: 145.4657s
Epoch: 7 cost time: 7.191098213195801
Epoch: 7, Steps: 573 | Train Loss: 0.4417398 Vali Loss: 0.3927330 Test Loss: 0.1548322
EarlyStopping counter: 1 out of 5
Updating learning rate to 0.0004096000000000001
	iters: 100, epoch: 8 | loss: 0.4549676
	speed: 0.0646s/iter; left time: 845.1469s
	iters: 200, epoch: 8 | loss: 0.3900516
	speed: 0.0117s/iter; left time: 151.9456s
	iters: 300, epoch: 8 | loss: 0.4161655
	speed: 0.0115s/iter; left time: 148.4781s
	iters: 400, epoch: 8 | loss: 0.4121040
	speed: 0.0115s/iter; left time: 146.9643s
	iters: 500, epoch: 8 | loss: 0.4275014
	speed: 0.0112s/iter; left time: 141.5088s
Epoch: 8 cost time: 7.515861988067627
Epoch: 8, Steps: 573 | Train Loss: 0.4380624 Vali Loss: 0.3914545 Test Loss: 0.1539259
Validation loss decreased (0.391844 --> 0.391455).  Saving model ...
Updating learning rate to 0.0003276800000000001
	iters: 100, epoch: 9 | loss: 0.4163640
	speed: 0.0721s/iter; left time: 901.7150s
	iters: 200, epoch: 9 | loss: 0.4066378
	speed: 0.0113s/iter; left time: 140.5330s
	iters: 300, epoch: 9 | loss: 0.4286189
	speed: 0.0121s/iter; left time: 148.5385s
	iters: 400, epoch: 9 | loss: 0.4209866
	speed: 0.0114s/iter; left time: 138.8354s
	iters: 500, epoch: 9 | loss: 0.4381158
	speed: 0.0115s/iter; left time: 138.8642s
Epoch: 9 cost time: 7.70591402053833
Epoch: 9, Steps: 573 | Train Loss: 0.4348980 Vali Loss: 0.3898028 Test Loss: 0.1535954
Validation loss decreased (0.391455 --> 0.389803).  Saving model ...
Updating learning rate to 0.0002621440000000001
	iters: 100, epoch: 10 | loss: 0.4090049
	speed: 0.0684s/iter; left time: 816.3683s
	iters: 200, epoch: 10 | loss: 0.4487905
	speed: 0.0119s/iter; left time: 140.3608s
	iters: 300, epoch: 10 | loss: 0.4225451
	speed: 0.0114s/iter; left time: 133.6421s
	iters: 400, epoch: 10 | loss: 0.4109957
	speed: 0.0113s/iter; left time: 131.7065s
	iters: 500, epoch: 10 | loss: 0.4453408
	speed: 0.0111s/iter; left time: 128.0696s
Epoch: 10 cost time: 7.465717315673828
Epoch: 10, Steps: 573 | Train Loss: 0.4320843 Vali Loss: 0.3923314 Test Loss: 0.1540004
EarlyStopping counter: 1 out of 5
Updating learning rate to 0.0002097152000000001
	iters: 100, epoch: 11 | loss: 0.4080012
	speed: 0.0654s/iter; left time: 742.9576s
	iters: 200, epoch: 11 | loss: 0.4142357
	speed: 0.0130s/iter; left time: 146.1214s
	iters: 300, epoch: 11 | loss: 0.3912871
	speed: 0.0094s/iter; left time: 105.3066s
	iters: 400, epoch: 11 | loss: 0.4340952
	speed: 0.0129s/iter; left time: 142.2181s
	iters: 500, epoch: 11 | loss: 0.3893890
	speed: 0.0086s/iter; left time: 94.7421s
Epoch: 11 cost time: 6.810789585113525
Epoch: 11, Steps: 573 | Train Loss: 0.4299419 Vali Loss: 0.3896203 Test Loss: 0.1538132
Validation loss decreased (0.389803 --> 0.389620).  Saving model ...
Updating learning rate to 0.0001677721600000001
	iters: 100, epoch: 12 | loss: 0.4523747
	speed: 0.0667s/iter; left time: 719.6311s
	iters: 200, epoch: 12 | loss: 0.4518459
	speed: 0.0092s/iter; left time: 98.1779s
	iters: 300, epoch: 12 | loss: 0.4124890
	speed: 0.0083s/iter; left time: 88.1905s
	iters: 400, epoch: 12 | loss: 0.4494087
	speed: 0.0175s/iter; left time: 183.1907s
	iters: 500, epoch: 12 | loss: 0.4643750
	speed: 0.0159s/iter; left time: 165.4159s
Epoch: 12 cost time: 8.234589338302612
Epoch: 12, Steps: 573 | Train Loss: 0.4285014 Vali Loss: 0.3897402 Test Loss: 0.1533523
EarlyStopping counter: 1 out of 5
Updating learning rate to 0.00013421772800000008
	iters: 100, epoch: 13 | loss: 0.4256649
	speed: 0.0749s/iter; left time: 764.7610s
	iters: 200, epoch: 13 | loss: 0.4225087
	speed: 0.0100s/iter; left time: 101.0186s
	iters: 300, epoch: 13 | loss: 0.4253865
	speed: 0.0107s/iter; left time: 107.0495s
	iters: 400, epoch: 13 | loss: 0.4005000
	speed: 0.0181s/iter; left time: 179.4432s
	iters: 500, epoch: 13 | loss: 0.3976153
	speed: 0.0124s/iter; left time: 122.0177s
Epoch: 13 cost time: 8.130479335784912
Epoch: 13, Steps: 573 | Train Loss: 0.4273181 Vali Loss: 0.3876108 Test Loss: 0.1534288
Validation loss decreased (0.389620 --> 0.387611).  Saving model ...
Updating learning rate to 0.00010737418240000006
	iters: 100, epoch: 14 | loss: 0.4137492
	speed: 0.0709s/iter; left time: 683.2047s
	iters: 200, epoch: 14 | loss: 0.3841396
	speed: 0.0121s/iter; left time: 115.6581s
	iters: 300, epoch: 14 | loss: 0.3752101
	speed: 0.0123s/iter; left time: 116.5089s
	iters: 400, epoch: 14 | loss: 0.4315285
	speed: 0.0111s/iter; left time: 103.4758s
	iters: 500, epoch: 14 | loss: 0.4467248
	speed: 0.0136s/iter; left time: 125.3213s
Epoch: 14 cost time: 8.01904296875
Epoch: 14, Steps: 573 | Train Loss: 0.4256015 Vali Loss: 0.3908571 Test Loss: 0.1532403
EarlyStopping counter: 1 out of 5
Updating learning rate to 8.589934592000005e-05
	iters: 100, epoch: 15 | loss: 0.3955829
	speed: 0.0728s/iter; left time: 660.3447s
	iters: 200, epoch: 15 | loss: 0.4261364
	speed: 0.0123s/iter; left time: 110.3489s
	iters: 300, epoch: 15 | loss: 0.4507840
	speed: 0.0119s/iter; left time: 105.1543s
	iters: 400, epoch: 15 | loss: 0.4994156
	speed: 0.0119s/iter; left time: 104.3234s
	iters: 500, epoch: 15 | loss: 0.4522430
	speed: 0.0116s/iter; left time: 100.8909s
Epoch: 15 cost time: 7.892481327056885
Epoch: 15, Steps: 573 | Train Loss: 0.4249298 Vali Loss: 0.3884713 Test Loss: 0.1535099
EarlyStopping counter: 2 out of 5
Updating learning rate to 6.871947673600005e-05
	iters: 100, epoch: 16 | loss: 0.4155176
	speed: 0.0706s/iter; left time: 600.1883s
	iters: 200, epoch: 16 | loss: 0.4433707
	speed: 0.0115s/iter; left time: 96.7866s
	iters: 300, epoch: 16 | loss: 0.4361489
	speed: 0.0113s/iter; left time: 94.0966s
	iters: 400, epoch: 16 | loss: 0.4374516
	speed: 0.0114s/iter; left time: 93.3616s
	iters: 500, epoch: 16 | loss: 0.4159151
	speed: 0.0116s/iter; left time: 94.1953s
Epoch: 16 cost time: 7.543573617935181
Epoch: 16, Steps: 573 | Train Loss: 0.4249084 Vali Loss: 0.3887197 Test Loss: 0.1530845
EarlyStopping counter: 3 out of 5
Updating learning rate to 5.497558138880004e-05
	iters: 100, epoch: 17 | loss: 0.4344959
	speed: 0.0810s/iter; left time: 642.0003s
	iters: 200, epoch: 17 | loss: 0.4254035
	speed: 0.0166s/iter; left time: 130.0359s
	iters: 300, epoch: 17 | loss: 0.4124588
	speed: 0.0190s/iter; left time: 146.7953s
	iters: 400, epoch: 17 | loss: 0.4178059
	speed: 0.0149s/iter; left time: 113.8436s
	iters: 500, epoch: 17 | loss: 0.3962648
	speed: 0.0132s/iter; left time: 99.1741s
Epoch: 17 cost time: 10.01033616065979
Epoch: 17, Steps: 573 | Train Loss: 0.4237789 Vali Loss: 0.3888551 Test Loss: 0.1535898
EarlyStopping counter: 4 out of 5
Updating learning rate to 4.398046511104004e-05
	iters: 100, epoch: 18 | loss: 0.4078180
	speed: 0.0759s/iter; left time: 557.5148s
	iters: 200, epoch: 18 | loss: 0.3834558
	speed: 0.0107s/iter; left time: 77.5920s
	iters: 300, epoch: 18 | loss: 0.3997120
	speed: 0.0083s/iter; left time: 59.3585s
	iters: 400, epoch: 18 | loss: 0.4090603
	speed: 0.0081s/iter; left time: 56.8519s
	iters: 500, epoch: 18 | loss: 0.4198924
	speed: 0.0090s/iter; left time: 62.2482s
Epoch: 18 cost time: 7.024335861206055
Epoch: 18, Steps: 573 | Train Loss: 0.4233211 Vali Loss: 0.3868209 Test Loss: 0.1532439
Validation loss decreased (0.387611 --> 0.386821).  Saving model ...
Updating learning rate to 3.518437208883203e-05
	iters: 100, epoch: 19 | loss: 0.4049322
	speed: 0.0586s/iter; left time: 397.0172s
	iters: 200, epoch: 19 | loss: 0.3701416
	speed: 0.0129s/iter; left time: 86.3374s
	iters: 300, epoch: 19 | loss: 0.4015733
	speed: 0.0132s/iter; left time: 87.1015s
	iters: 400, epoch: 19 | loss: 0.4160287
	speed: 0.0083s/iter; left time: 53.8011s
	iters: 500, epoch: 19 | loss: 0.4252372
	speed: 0.0080s/iter; left time: 51.1409s
Epoch: 19 cost time: 6.623613119125366
Epoch: 19, Steps: 573 | Train Loss: 0.4227706 Vali Loss: 0.3902512 Test Loss: 0.1533359
EarlyStopping counter: 1 out of 5
Updating learning rate to 2.8147497671065623e-05
	iters: 100, epoch: 20 | loss: 0.3992445
	speed: 0.0786s/iter; left time: 487.8090s
	iters: 200, epoch: 20 | loss: 0.4237192
	speed: 0.0106s/iter; left time: 64.5548s
	iters: 300, epoch: 20 | loss: 0.4357545
	speed: 0.0107s/iter; left time: 64.1376s
	iters: 400, epoch: 20 | loss: 0.4172703
	speed: 0.0111s/iter; left time: 65.7568s
	iters: 500, epoch: 20 | loss: 0.4104290
	speed: 0.0119s/iter; left time: 68.8591s
Epoch: 20 cost time: 7.254077911376953
Epoch: 20, Steps: 573 | Train Loss: 0.4222008 Vali Loss: 0.3880168 Test Loss: 0.1532156
EarlyStopping counter: 2 out of 5
Updating learning rate to 2.2517998136852502e-05
	iters: 100, epoch: 21 | loss: 0.4317874
	speed: 0.0679s/iter; left time: 382.1125s
	iters: 200, epoch: 21 | loss: 0.3959187
	speed: 0.0110s/iter; left time: 60.6225s
	iters: 300, epoch: 21 | loss: 0.4120875
	speed: 0.0113s/iter; left time: 61.2159s
	iters: 400, epoch: 21 | loss: 0.4236723
	speed: 0.0116s/iter; left time: 61.9002s
	iters: 500, epoch: 21 | loss: 0.4572111
	speed: 0.0123s/iter; left time: 64.4367s
Epoch: 21 cost time: 7.451499700546265
Epoch: 21, Steps: 573 | Train Loss: 0.4219285 Vali Loss: 0.3891550 Test Loss: 0.1533639
EarlyStopping counter: 3 out of 5
Updating learning rate to 1.8014398509482003e-05
	iters: 100, epoch: 22 | loss: 0.3964416
	speed: 0.0793s/iter; left time: 401.0735s
	iters: 200, epoch: 22 | loss: 0.4280062
	speed: 0.0180s/iter; left time: 89.4664s
	iters: 300, epoch: 22 | loss: 0.3994178
	speed: 0.0192s/iter; left time: 93.1063s
	iters: 400, epoch: 22 | loss: 0.4712509
	speed: 0.0170s/iter; left time: 81.0742s
	iters: 500, epoch: 22 | loss: 0.4536733
	speed: 0.0108s/iter; left time: 50.2719s
Epoch: 22 cost time: 10.385793209075928
Epoch: 22, Steps: 573 | Train Loss: 0.4216028 Vali Loss: 0.3890423 Test Loss: 0.1531837
EarlyStopping counter: 4 out of 5
Updating learning rate to 1.4411518807585603e-05
	iters: 100, epoch: 23 | loss: 0.4269963
	speed: 0.0689s/iter; left time: 309.0300s
	iters: 200, epoch: 23 | loss: 0.4137404
	speed: 0.0101s/iter; left time: 44.1088s
	iters: 300, epoch: 23 | loss: 0.4289615
	speed: 0.0104s/iter; left time: 44.5193s
	iters: 400, epoch: 23 | loss: 0.4672762
	speed: 0.0112s/iter; left time: 46.8008s
	iters: 500, epoch: 23 | loss: 0.3993225
	speed: 0.0116s/iter; left time: 47.1903s
Epoch: 23 cost time: 7.1771252155303955
Epoch: 23, Steps: 573 | Train Loss: 0.4218954 Vali Loss: 0.3886005 Test Loss: 0.1531118
EarlyStopping counter: 5 out of 5
Early stopping
>>>>>>>testing : long_term_forecast_weather_96_96_fcv_patch3_b1.0_TQNet_custom_addlossfcv_numpairsmax_patchlen3_alpha0.0_beta1.0<<<<<<<<<<<<<<<<<<<<<<<<<<<<<<<<<
test 10444
mse:0.15382854640483856, mae:0.19134962558746338
================================================================================
Model Profiling Summary
Total Params             : 664,496
Inference Time (s)       : 0.002858
GPU Mem Footprint (MB)   : 23.70
Peak Mem (MB)            : 34.11
================================================================================
Deleted model checkpoint at: ./checkpoints/long_term_forecast_weather_96_96_fcv_patch3_b1.0_TQNet_custom_addlossfcv_numpairsmax_patchlen3_alpha0.0_beta1.0/checkpoint.pth
[OK] CvLoss | seq_len=96 | pred_len=96 | mse=0.154 | mae=0.191
======================================================
Running Weather | model=TQNet | seq_len=96 | pred_len=96 | patchlen=3 | beta=1.0
======================================================
Args in experiment:
Namespace(random_seed=2024, is_training=1, model_id='weather_96_96_None_patch3_b1.0', model='TQNet', data='custom', root_path='./dataset/', data_path='weather.csv', features='M', target='OT', freq='h', checkpoints='./checkpoints/', seq_len=96, label_len=0, pred_len=96, cycle=144, model_type='mlp', use_revin=1, fc_dropout=0.05, head_dropout=0.0, patch_len=16, stride=8, padding_patch='end', revin=0, affine=0, subtract_last=0, decomposition=0, kernel_size=25, individual=0, rnn_type='gru', dec_way='pmf', seg_len=48, channel_id=1, embed_type=0, enc_in=21, dec_in=7, c_out=7, d_model=512, n_heads=8, e_layers=2, d_layers=1, d_ff=2048, moving_avg=25, factor=1, distil=True, dropout=0.5, embed='timeF', activation='gelu', output_attention=False, do_predict=False, num_workers=10, itr=1, train_epochs=30, batch_size=64, patience=5, learning_rate=0.001, des='test', loss='mse', lradj='type3', pct_start=0.3, use_amp=False, use_gpu=True, gpu=0, use_multi_gpu=False, devices='0,1', test_flop=False, add_loss='None', num_pairs='max', loss_patchlen=16, alpha_add_loss=1.0, beta_add_loss=0.1)
Use GPU: cuda:0
>>>>>>>start training : long_term_forecast_weather_96_96_None_patch3_b1.0_TQNet_custom_addlossNone_numpairsmax_patchlen16_alpha1.0_beta0.1>>>>>>>>>>>>>>>>>>>>>>>>>>
train 36696
val 5175
test 10444
	iters: 100, epoch: 1 | loss: 0.5641320
	speed: 0.0369s/iter; left time: 629.8765s
	iters: 200, epoch: 1 | loss: 0.5792539
	speed: 0.0115s/iter; left time: 195.5043s
	iters: 300, epoch: 1 | loss: 0.5931816
	speed: 0.0091s/iter; left time: 153.5913s
	iters: 400, epoch: 1 | loss: 0.5183144
	speed: 0.0080s/iter; left time: 134.8848s
	iters: 500, epoch: 1 | loss: 0.3835629
	speed: 0.0077s/iter; left time: 128.3269s
Epoch: 1 cost time: 7.343782186508179
Epoch: 1, Steps: 573 | Train Loss: 0.5830420 Vali Loss: 0.4868209 Test Loss: 0.1963321
Validation loss decreased (inf --> 0.486821).  Saving model ...
Updating learning rate to 0.001
	iters: 100, epoch: 2 | loss: 0.9260259
	speed: 0.0644s/iter; left time: 1064.0273s
	iters: 200, epoch: 2 | loss: 0.3782405
	speed: 0.0081s/iter; left time: 132.1960s
	iters: 300, epoch: 2 | loss: 0.3071031
	speed: 0.0083s/iter; left time: 135.8955s
	iters: 400, epoch: 2 | loss: 0.2756756
	speed: 0.0109s/iter; left time: 176.3821s
	iters: 500, epoch: 2 | loss: 0.6823431
	speed: 0.0145s/iter; left time: 233.0619s
Epoch: 2 cost time: 6.819679260253906
Epoch: 2, Steps: 573 | Train Loss: 0.4746259 Vali Loss: 0.4108912 Test Loss: 0.1691697
Validation loss decreased (0.486821 --> 0.410891).  Saving model ...
Updating learning rate to 0.001
	iters: 100, epoch: 3 | loss: 0.3701514
	speed: 0.0915s/iter; left time: 1458.2085s
	iters: 200, epoch: 3 | loss: 0.3369475
	speed: 0.0172s/iter; left time: 272.0129s
	iters: 300, epoch: 3 | loss: 0.4326250
	speed: 0.0093s/iter; left time: 146.9025s
	iters: 400, epoch: 3 | loss: 0.8022238
	speed: 0.0093s/iter; left time: 145.5354s
	iters: 500, epoch: 3 | loss: 0.3093583
	speed: 0.0092s/iter; left time: 143.2845s
Epoch: 3 cost time: 8.184536457061768
Epoch: 3, Steps: 573 | Train Loss: 0.4448314 Vali Loss: 0.4147924 Test Loss: 0.1680307
EarlyStopping counter: 1 out of 5
Updating learning rate to 0.001
	iters: 100, epoch: 4 | loss: 0.9065241
	speed: 0.0659s/iter; left time: 1013.3668s
	iters: 200, epoch: 4 | loss: 0.2769027
	speed: 0.0099s/iter; left time: 151.3341s
	iters: 300, epoch: 4 | loss: 0.8862660
	speed: 0.0097s/iter; left time: 146.9129s
	iters: 400, epoch: 4 | loss: 0.2804852
	speed: 0.0101s/iter; left time: 152.5492s
	iters: 500, epoch: 4 | loss: 0.3666844
	speed: 0.0101s/iter; left time: 150.5158s
Epoch: 4 cost time: 6.81298041343689
Epoch: 4, Steps: 573 | Train Loss: 0.4469261 Vali Loss: 0.3995996 Test Loss: 0.1651202
Validation loss decreased (0.410891 --> 0.399600).  Saving model ...
Updating learning rate to 0.0008
	iters: 100, epoch: 5 | loss: 0.3626454
	speed: 0.0679s/iter; left time: 1005.3548s
	iters: 200, epoch: 5 | loss: 0.4000807
	speed: 0.0100s/iter; left time: 147.1278s
	iters: 300, epoch: 5 | loss: 0.3309989
	speed: 0.0098s/iter; left time: 142.8683s
	iters: 400, epoch: 5 | loss: 0.2891974
	speed: 0.0103s/iter; left time: 149.8109s
	iters: 500, epoch: 5 | loss: 0.3521819
	speed: 0.0103s/iter; left time: 148.6128s
Epoch: 5 cost time: 6.789591073989868
Epoch: 5, Steps: 573 | Train Loss: 0.4323289 Vali Loss: 0.3997949 Test Loss: 0.1625395
EarlyStopping counter: 1 out of 5
Updating learning rate to 0.0006400000000000002
	iters: 100, epoch: 6 | loss: 0.8672046
	speed: 0.0697s/iter; left time: 991.8399s
	iters: 200, epoch: 6 | loss: 0.2755191
	speed: 0.0106s/iter; left time: 149.3716s
	iters: 300, epoch: 6 | loss: 0.7983199
	speed: 0.0101s/iter; left time: 141.3727s
	iters: 400, epoch: 6 | loss: 0.7201954
	speed: 0.0103s/iter; left time: 143.9452s
	iters: 500, epoch: 6 | loss: 0.3609505
	speed: 0.0100s/iter; left time: 137.9655s
Epoch: 6 cost time: 6.78425931930542
Epoch: 6, Steps: 573 | Train Loss: 0.4278862 Vali Loss: 0.3984529 Test Loss: 0.1624010
Validation loss decreased (0.399600 --> 0.398453).  Saving model ...
Updating learning rate to 0.0005120000000000001
	iters: 100, epoch: 7 | loss: 0.3929551
	speed: 0.0647s/iter; left time: 883.2919s
	iters: 200, epoch: 7 | loss: 0.2985206
	speed: 0.0109s/iter; left time: 147.9678s
	iters: 300, epoch: 7 | loss: 1.2924705
	speed: 0.0104s/iter; left time: 140.4471s
	iters: 400, epoch: 7 | loss: 0.4405934
	speed: 0.0094s/iter; left time: 125.8603s
	iters: 500, epoch: 7 | loss: 0.3516614
	speed: 0.0111s/iter; left time: 146.6923s
Epoch: 7 cost time: 6.4970314502716064
Epoch: 7, Steps: 573 | Train Loss: 0.4222241 Vali Loss: 0.3953142 Test Loss: 0.1602439
Validation loss decreased (0.398453 --> 0.395314).  Saving model ...
Updating learning rate to 0.0004096000000000001
	iters: 100, epoch: 8 | loss: 0.3718574
	speed: 0.0768s/iter; left time: 1005.0433s
	iters: 200, epoch: 8 | loss: 0.2458867
	speed: 0.0171s/iter; left time: 221.4053s
	iters: 300, epoch: 8 | loss: 0.3194708
	speed: 0.0106s/iter; left time: 136.0886s
	iters: 400, epoch: 8 | loss: 0.2675892
	speed: 0.0094s/iter; left time: 120.2298s
	iters: 500, epoch: 8 | loss: 0.2997555
	speed: 0.0081s/iter; left time: 103.1220s
Epoch: 8 cost time: 7.528920412063599
Epoch: 8, Steps: 573 | Train Loss: 0.4176344 Vali Loss: 0.3909393 Test Loss: 0.1588005
Validation loss decreased (0.395314 --> 0.390939).  Saving model ...
Updating learning rate to 0.0003276800000000001
	iters: 100, epoch: 9 | loss: 0.3776480
	speed: 0.0735s/iter; left time: 919.2224s
	iters: 200, epoch: 9 | loss: 0.2684430
	speed: 0.0079s/iter; left time: 98.1738s
	iters: 300, epoch: 9 | loss: 0.2570872
	speed: 0.0076s/iter; left time: 93.9807s
	iters: 400, epoch: 9 | loss: 0.3564777
	speed: 0.0082s/iter; left time: 100.2707s
	iters: 500, epoch: 9 | loss: 0.2591241
	speed: 0.0077s/iter; left time: 92.6958s
Epoch: 9 cost time: 5.753638029098511
Epoch: 9, Steps: 573 | Train Loss: 0.4144742 Vali Loss: 0.3925691 Test Loss: 0.1570033
EarlyStopping counter: 1 out of 5
Updating learning rate to 0.0002621440000000001
	iters: 100, epoch: 10 | loss: 0.3140500
	speed: 0.0792s/iter; left time: 945.3925s
	iters: 200, epoch: 10 | loss: 0.3568353
	speed: 0.0105s/iter; left time: 124.6213s
	iters: 300, epoch: 10 | loss: 0.4112647
	speed: 0.0103s/iter; left time: 120.9995s
	iters: 400, epoch: 10 | loss: 0.3406810
	speed: 0.0104s/iter; left time: 121.2499s
	iters: 500, epoch: 10 | loss: 0.3204227
	speed: 0.0110s/iter; left time: 126.3666s
Epoch: 10 cost time: 7.3846917152404785
Epoch: 10, Steps: 573 | Train Loss: 0.4107256 Vali Loss: 0.3931182 Test Loss: 0.1572549
EarlyStopping counter: 2 out of 5
Updating learning rate to 0.0002097152000000001
	iters: 100, epoch: 11 | loss: 0.3369913
	speed: 0.0661s/iter; left time: 751.4310s
	iters: 200, epoch: 11 | loss: 0.2481453
	speed: 0.0106s/iter; left time: 119.3747s
	iters: 300, epoch: 11 | loss: 0.6639597
	speed: 0.0108s/iter; left time: 120.0614s
	iters: 400, epoch: 11 | loss: 0.3141117
	speed: 0.0095s/iter; left time: 105.1786s
	iters: 500, epoch: 11 | loss: 0.2758199
	speed: 0.0104s/iter; left time: 113.5965s
Epoch: 11 cost time: 6.764796495437622
Epoch: 11, Steps: 573 | Train Loss: 0.4078654 Vali Loss: 0.3887689 Test Loss: 0.1570991
Validation loss decreased (0.390939 --> 0.388769).  Saving model ...
Updating learning rate to 0.0001677721600000001
	iters: 100, epoch: 12 | loss: 0.3316101
	speed: 0.0719s/iter; left time: 775.1730s
	iters: 200, epoch: 12 | loss: 0.7720159
	speed: 0.0101s/iter; left time: 107.6536s
	iters: 300, epoch: 12 | loss: 0.2608860
	speed: 0.0115s/iter; left time: 122.0776s
	iters: 400, epoch: 12 | loss: 0.5235841
	speed: 0.0100s/iter; left time: 104.5753s
	iters: 500, epoch: 12 | loss: 0.5078062
	speed: 0.0111s/iter; left time: 114.7918s
Epoch: 12 cost time: 7.595965147018433
Epoch: 12, Steps: 573 | Train Loss: 0.4078505 Vali Loss: 0.3912024 Test Loss: 0.1564866
EarlyStopping counter: 1 out of 5
Updating learning rate to 0.00013421772800000008
	iters: 100, epoch: 13 | loss: 0.2891765
	speed: 0.0954s/iter; left time: 974.6762s
	iters: 200, epoch: 13 | loss: 0.2862125
	speed: 0.0096s/iter; left time: 97.0177s
	iters: 300, epoch: 13 | loss: 0.2814212
	speed: 0.0104s/iter; left time: 103.8145s
	iters: 400, epoch: 13 | loss: 0.2773103
	speed: 0.0106s/iter; left time: 105.5492s
	iters: 500, epoch: 13 | loss: 0.2503964
	speed: 0.0099s/iter; left time: 97.4345s
Epoch: 13 cost time: 7.218268394470215
Epoch: 13, Steps: 573 | Train Loss: 0.4046285 Vali Loss: 0.3867200 Test Loss: 0.1563134
Validation loss decreased (0.388769 --> 0.386720).  Saving model ...
Updating learning rate to 0.00010737418240000006
	iters: 100, epoch: 14 | loss: 0.3157699
	speed: 0.0678s/iter; left time: 653.5363s
	iters: 200, epoch: 14 | loss: 0.3022342
	speed: 0.0072s/iter; left time: 68.6256s
	iters: 300, epoch: 14 | loss: 0.2524670
	speed: 0.0092s/iter; left time: 87.0137s
	iters: 400, epoch: 14 | loss: 0.3257584
	speed: 0.0108s/iter; left time: 101.0152s
	iters: 500, epoch: 14 | loss: 0.8624724
	speed: 0.0085s/iter; left time: 78.9427s
Epoch: 14 cost time: 6.402273416519165
Epoch: 14, Steps: 573 | Train Loss: 0.4032557 Vali Loss: 0.3900962 Test Loss: 0.1563255
EarlyStopping counter: 1 out of 5
Updating learning rate to 8.589934592000005e-05
	iters: 100, epoch: 15 | loss: 0.2538222
	speed: 0.0714s/iter; left time: 647.2869s
	iters: 200, epoch: 15 | loss: 0.7368888
	speed: 0.0082s/iter; left time: 73.7350s
	iters: 300, epoch: 15 | loss: 0.3995571
	speed: 0.0075s/iter; left time: 66.1418s
	iters: 400, epoch: 15 | loss: 0.6121926
	speed: 0.0076s/iter; left time: 66.8813s
	iters: 500, epoch: 15 | loss: 0.3638261
	speed: 0.0077s/iter; left time: 66.8344s
Epoch: 15 cost time: 5.956041574478149
Epoch: 15, Steps: 573 | Train Loss: 0.4021240 Vali Loss: 0.3880471 Test Loss: 0.1568081
EarlyStopping counter: 2 out of 5
Updating learning rate to 6.871947673600005e-05
	iters: 100, epoch: 16 | loss: 0.3607574
	speed: 0.0592s/iter; left time: 503.0278s
	iters: 200, epoch: 16 | loss: 0.3315504
	speed: 0.0142s/iter; left time: 119.0315s
	iters: 300, epoch: 16 | loss: 0.3028338
	speed: 0.0119s/iter; left time: 98.7688s
	iters: 400, epoch: 16 | loss: 0.3828386
	speed: 0.0074s/iter; left time: 60.7453s
	iters: 500, epoch: 16 | loss: 0.2775657
	speed: 0.0076s/iter; left time: 61.2549s
Epoch: 16 cost time: 6.403337001800537
Epoch: 16, Steps: 573 | Train Loss: 0.4014241 Vali Loss: 0.3887919 Test Loss: 0.1559988
EarlyStopping counter: 3 out of 5
Updating learning rate to 5.497558138880004e-05
	iters: 100, epoch: 17 | loss: 0.3434899
	speed: 0.0761s/iter; left time: 602.5631s
	iters: 200, epoch: 17 | loss: 0.3836636
	speed: 0.0116s/iter; left time: 90.7978s
	iters: 300, epoch: 17 | loss: 0.2628481
	speed: 0.0105s/iter; left time: 81.2748s
	iters: 400, epoch: 17 | loss: 0.2777473
	speed: 0.0110s/iter; left time: 84.0101s
	iters: 500, epoch: 17 | loss: 0.2611520
	speed: 0.0165s/iter; left time: 123.8452s
Epoch: 17 cost time: 8.169061183929443
Epoch: 17, Steps: 573 | Train Loss: 0.4001675 Vali Loss: 0.3874407 Test Loss: 0.1558419
EarlyStopping counter: 4 out of 5
Updating learning rate to 4.398046511104004e-05
	iters: 100, epoch: 18 | loss: 0.7250630
	speed: 0.0938s/iter; left time: 689.2655s
	iters: 200, epoch: 18 | loss: 0.3424737
	speed: 0.0090s/iter; left time: 64.9893s
	iters: 300, epoch: 18 | loss: 0.2882546
	speed: 0.0099s/iter; left time: 70.7057s
	iters: 400, epoch: 18 | loss: 0.2709507
	speed: 0.0098s/iter; left time: 69.3026s
	iters: 500, epoch: 18 | loss: 0.2910733
	speed: 0.0099s/iter; left time: 68.5173s
Epoch: 18 cost time: 6.8110597133636475
Epoch: 18, Steps: 573 | Train Loss: 0.3998292 Vali Loss: 0.3853224 Test Loss: 0.1556247
Validation loss decreased (0.386720 --> 0.385322).  Saving model ...
Updating learning rate to 3.518437208883203e-05
	iters: 100, epoch: 19 | loss: 0.2791408
	speed: 0.0681s/iter; left time: 461.2246s
	iters: 200, epoch: 19 | loss: 0.2358771
	speed: 0.0094s/iter; left time: 62.9170s
	iters: 300, epoch: 19 | loss: 0.3135412
	speed: 0.0105s/iter; left time: 68.9730s
	iters: 400, epoch: 19 | loss: 0.3132395
	speed: 0.0097s/iter; left time: 62.6245s
	iters: 500, epoch: 19 | loss: 0.3800932
	speed: 0.0091s/iter; left time: 58.2936s
Epoch: 19 cost time: 6.526808977127075
Epoch: 19, Steps: 573 | Train Loss: 0.3992495 Vali Loss: 0.3898032 Test Loss: 0.1557907
EarlyStopping counter: 1 out of 5
Updating learning rate to 2.8147497671065623e-05
	iters: 100, epoch: 20 | loss: 0.3030667
	speed: 0.0693s/iter; left time: 430.0374s
	iters: 200, epoch: 20 | loss: 0.2723881
	speed: 0.0100s/iter; left time: 60.8788s
	iters: 300, epoch: 20 | loss: 0.3088607
	speed: 0.0101s/iter; left time: 60.9392s
	iters: 400, epoch: 20 | loss: 0.4046063
	speed: 0.0097s/iter; left time: 57.2266s
	iters: 500, epoch: 20 | loss: 0.2818762
	speed: 0.0101s/iter; left time: 58.7539s
Epoch: 20 cost time: 6.729358196258545
Epoch: 20, Steps: 573 | Train Loss: 0.3987070 Vali Loss: 0.3879605 Test Loss: 0.1555386
EarlyStopping counter: 2 out of 5
Updating learning rate to 2.2517998136852502e-05
	iters: 100, epoch: 21 | loss: 0.4876571
	speed: 0.0668s/iter; left time: 376.0893s
	iters: 200, epoch: 21 | loss: 0.2609212
	speed: 0.0105s/iter; left time: 57.9061s
	iters: 300, epoch: 21 | loss: 0.2914654
	speed: 0.0082s/iter; left time: 44.5718s
	iters: 400, epoch: 21 | loss: 0.4616264
	speed: 0.0072s/iter; left time: 38.3963s
	iters: 500, epoch: 21 | loss: 0.8033652
	speed: 0.0073s/iter; left time: 38.3847s
Epoch: 21 cost time: 6.192885398864746
Epoch: 21, Steps: 573 | Train Loss: 0.3988278 Vali Loss: 0.3875298 Test Loss: 0.1554122
EarlyStopping counter: 3 out of 5
Updating learning rate to 1.8014398509482003e-05
	iters: 100, epoch: 22 | loss: 0.2743598
	speed: 0.0728s/iter; left time: 368.0633s
	iters: 200, epoch: 22 | loss: 0.3187250
	speed: 0.0080s/iter; left time: 39.5324s
	iters: 300, epoch: 22 | loss: 0.2587418
	speed: 0.0125s/iter; left time: 60.8910s
	iters: 400, epoch: 22 | loss: 0.7785920
	speed: 0.0086s/iter; left time: 41.0855s
	iters: 500, epoch: 22 | loss: 0.3574348
	speed: 0.0078s/iter; left time: 36.1094s
Epoch: 22 cost time: 6.565771579742432
Epoch: 22, Steps: 573 | Train Loss: 0.3979311 Vali Loss: 0.3887540 Test Loss: 0.1552794
EarlyStopping counter: 4 out of 5
Updating learning rate to 1.4411518807585603e-05
	iters: 100, epoch: 23 | loss: 0.8330662
	speed: 0.1032s/iter; left time: 462.8716s
	iters: 200, epoch: 23 | loss: 0.2782973
	speed: 0.0073s/iter; left time: 32.1102s
	iters: 300, epoch: 23 | loss: 0.3440339
	speed: 0.0074s/iter; left time: 31.5777s
	iters: 400, epoch: 23 | loss: 0.8778057
	speed: 0.0079s/iter; left time: 33.0663s
	iters: 500, epoch: 23 | loss: 0.2535703
	speed: 0.0076s/iter; left time: 30.9603s
Epoch: 23 cost time: 6.46326470375061
Epoch: 23, Steps: 573 | Train Loss: 0.3978195 Vali Loss: 0.3878294 Test Loss: 0.1555591
EarlyStopping counter: 5 out of 5
Early stopping
>>>>>>>testing : long_term_forecast_weather_96_96_None_patch3_b1.0_TQNet_custom_addlossNone_numpairsmax_patchlen16_alpha1.0_beta0.1<<<<<<<<<<<<<<<<<<<<<<<<<<<<<<<<<
test 10444
mse:0.15620192885398865, mae:0.19976210594177246
================================================================================
Model Profiling Summary
Total Params             : 664,496
Inference Time (s)       : 0.002976
GPU Mem Footprint (MB)   : 23.70
Peak Mem (MB)            : 34.11
================================================================================
Deleted model checkpoint at: ./checkpoints/long_term_forecast_weather_96_96_None_patch3_b1.0_TQNet_custom_addlossNone_numpairsmax_patchlen16_alpha1.0_beta0.1/checkpoint.pth
[OK] TQNet | seq_len=96 | pred_len=96 | mse=0.156 | mae=0.200
======================================================
Running Weather | model=CvLoss | seq_len=96 | pred_len=192 | patchlen=3 | beta=1.0
======================================================
Args in experiment:
Namespace(random_seed=2024, is_training=1, model_id='weather_96_192_fcv_patch3_b1.0', model='TQNet', data='custom', root_path='./dataset/', data_path='weather.csv', features='M', target='OT', freq='h', checkpoints='./checkpoints/', seq_len=96, label_len=0, pred_len=192, cycle=144, model_type='mlp', use_revin=1, fc_dropout=0.05, head_dropout=0.0, patch_len=16, stride=8, padding_patch='end', revin=0, affine=0, subtract_last=0, decomposition=0, kernel_size=25, individual=0, rnn_type='gru', dec_way='pmf', seg_len=48, channel_id=1, embed_type=0, enc_in=21, dec_in=7, c_out=7, d_model=512, n_heads=8, e_layers=2, d_layers=1, d_ff=2048, moving_avg=25, factor=1, distil=True, dropout=0.5, embed='timeF', activation='gelu', output_attention=False, do_predict=False, num_workers=10, itr=1, train_epochs=30, batch_size=64, patience=5, learning_rate=0.001, des='test', loss='mse', lradj='type3', pct_start=0.3, use_amp=False, use_gpu=True, gpu=0, use_multi_gpu=False, devices='0,1', test_flop=False, add_loss='fcv', num_pairs='max', loss_patchlen=3, alpha_add_loss=0.0, beta_add_loss=1.0)
Use GPU: cuda:0
>>>>>>>start training : long_term_forecast_weather_96_192_fcv_patch3_b1.0_TQNet_custom_addlossfcv_numpairsmax_patchlen3_alpha0.0_beta1.0>>>>>>>>>>>>>>>>>>>>>>>>>>
train 36600
val 5079
test 10348
	iters: 100, epoch: 1 | loss: 0.6669452
	speed: 0.0422s/iter; left time: 718.1885s
	iters: 200, epoch: 1 | loss: 0.6658797
	speed: 0.0125s/iter; left time: 212.4267s
	iters: 300, epoch: 1 | loss: 0.6345320
	speed: 0.0116s/iter; left time: 196.0741s
	iters: 400, epoch: 1 | loss: 0.6020690
	speed: 0.0122s/iter; left time: 203.6070s
	iters: 500, epoch: 1 | loss: 0.5840287
	speed: 0.0137s/iter; left time: 228.2251s
Epoch: 1 cost time: 9.58837342262268
Epoch: 1, Steps: 571 | Train Loss: 0.6469858 Vali Loss: 0.5494884 Test Loss: 0.2377125
Validation loss decreased (inf --> 0.549488).  Saving model ...
Updating learning rate to 0.001
	iters: 100, epoch: 2 | loss: 0.5538499
	speed: 0.0744s/iter; left time: 1224.1827s
	iters: 200, epoch: 2 | loss: 0.5503872
	speed: 0.0123s/iter; left time: 200.8997s
	iters: 300, epoch: 2 | loss: 0.5971665
	speed: 0.0134s/iter; left time: 217.5461s
	iters: 400, epoch: 2 | loss: 0.5578364
	speed: 0.0128s/iter; left time: 206.3883s
	iters: 500, epoch: 2 | loss: 0.5053854
	speed: 0.0125s/iter; left time: 201.1160s
Epoch: 2 cost time: 8.275563716888428
Epoch: 2, Steps: 571 | Train Loss: 0.5641713 Vali Loss: 0.4836031 Test Loss: 0.2143546
Validation loss decreased (0.549488 --> 0.483603).  Saving model ...
Updating learning rate to 0.001
	iters: 100, epoch: 3 | loss: 0.5065457
	speed: 0.1005s/iter; left time: 1597.4225s
	iters: 200, epoch: 3 | loss: 0.5569408
	speed: 0.0196s/iter; left time: 308.9613s
	iters: 300, epoch: 3 | loss: 0.5513323
	speed: 0.0197s/iter; left time: 308.3433s
	iters: 400, epoch: 3 | loss: 0.5022786
	speed: 0.0096s/iter; left time: 149.1824s
	iters: 500, epoch: 3 | loss: 0.5654584
	speed: 0.0093s/iter; left time: 144.5654s
Epoch: 3 cost time: 10.130962133407593
Epoch: 3, Steps: 571 | Train Loss: 0.5455769 Vali Loss: 0.4709182 Test Loss: 0.2097569
Validation loss decreased (0.483603 --> 0.470918).  Saving model ...
Updating learning rate to 0.001
	iters: 100, epoch: 4 | loss: 0.5468460
	speed: 0.0764s/iter; left time: 1169.8949s
	iters: 200, epoch: 4 | loss: 0.5019168
	speed: 0.0098s/iter; left time: 149.1111s
	iters: 300, epoch: 4 | loss: 0.5597996
	speed: 0.0144s/iter; left time: 218.0560s
	iters: 400, epoch: 4 | loss: 0.5450013
	speed: 0.0103s/iter; left time: 153.9905s
	iters: 500, epoch: 4 | loss: 0.5554988
	speed: 0.0102s/iter; left time: 152.0962s
Epoch: 4 cost time: 7.495515823364258
Epoch: 4, Steps: 571 | Train Loss: 0.5402503 Vali Loss: 0.4722060 Test Loss: 0.2092446
EarlyStopping counter: 1 out of 5
Updating learning rate to 0.0008
	iters: 100, epoch: 5 | loss: 0.5650778
	speed: 0.0714s/iter; left time: 1053.3050s
	iters: 200, epoch: 5 | loss: 0.5383804
	speed: 0.0209s/iter; left time: 305.9493s
	iters: 300, epoch: 5 | loss: 0.5562110
	speed: 0.0092s/iter; left time: 133.7689s
	iters: 400, epoch: 5 | loss: 0.5643588
	speed: 0.0089s/iter; left time: 128.6962s
	iters: 500, epoch: 5 | loss: 0.5503461
	speed: 0.0093s/iter; left time: 133.9981s
Epoch: 5 cost time: 7.53160548210144
Epoch: 5, Steps: 571 | Train Loss: 0.5348311 Vali Loss: 0.4660742 Test Loss: 0.2077988
Validation loss decreased (0.470918 --> 0.466074).  Saving model ...
Updating learning rate to 0.0006400000000000002
	iters: 100, epoch: 6 | loss: 0.5537803
	speed: 0.0828s/iter; left time: 1173.5257s
	iters: 200, epoch: 6 | loss: 0.5237035
	speed: 0.0124s/iter; left time: 174.8118s
	iters: 300, epoch: 6 | loss: 0.5508751
	speed: 0.0129s/iter; left time: 179.8239s
	iters: 400, epoch: 6 | loss: 0.5367194
	speed: 0.0129s/iter; left time: 178.7570s
	iters: 500, epoch: 6 | loss: 0.5822729
	speed: 0.0125s/iter; left time: 172.1873s
Epoch: 6 cost time: 8.358940601348877
Epoch: 6, Steps: 571 | Train Loss: 0.5295505 Vali Loss: 0.4650730 Test Loss: 0.2063815
Validation loss decreased (0.466074 --> 0.465073).  Saving model ...
Updating learning rate to 0.0005120000000000001
	iters: 100, epoch: 7 | loss: 0.5059038
	speed: 0.0898s/iter; left time: 1221.7343s
	iters: 200, epoch: 7 | loss: 0.5445088
	speed: 0.0179s/iter; left time: 242.4134s
	iters: 300, epoch: 7 | loss: 0.5158142
	speed: 0.0191s/iter; left time: 256.1237s
	iters: 400, epoch: 7 | loss: 0.5320867
	speed: 0.0207s/iter; left time: 275.8406s
	iters: 500, epoch: 7 | loss: 0.5415646
	speed: 0.0173s/iter; left time: 228.4844s
Epoch: 7 cost time: 11.445614099502563
Epoch: 7, Steps: 571 | Train Loss: 0.5251265 Vali Loss: 0.4656347 Test Loss: 0.2041858
EarlyStopping counter: 1 out of 5
Updating learning rate to 0.0004096000000000001
	iters: 100, epoch: 8 | loss: 0.5286984
	speed: 0.0819s/iter; left time: 1068.0614s
	iters: 200, epoch: 8 | loss: 0.5193136
	speed: 0.0118s/iter; left time: 152.0277s
	iters: 300, epoch: 8 | loss: 0.5315042
	speed: 0.0128s/iter; left time: 164.6901s
	iters: 400, epoch: 8 | loss: 0.5360201
	speed: 0.0116s/iter; left time: 147.5734s
	iters: 500, epoch: 8 | loss: 0.4906465
	speed: 0.0117s/iter; left time: 147.5084s
Epoch: 8 cost time: 8.05282211303711
Epoch: 8, Steps: 571 | Train Loss: 0.5212336 Vali Loss: 0.4656332 Test Loss: 0.2076475
EarlyStopping counter: 2 out of 5
Updating learning rate to 0.0003276800000000001
	iters: 100, epoch: 9 | loss: 0.4841233
	speed: 0.0901s/iter; left time: 1122.5359s
	iters: 200, epoch: 9 | loss: 0.4966370
	speed: 0.0147s/iter; left time: 181.9760s
	iters: 300, epoch: 9 | loss: 0.5382478
	speed: 0.0116s/iter; left time: 142.1775s
	iters: 400, epoch: 9 | loss: 0.5024033
	speed: 0.0098s/iter; left time: 118.7498s
	iters: 500, epoch: 9 | loss: 0.4795645
	speed: 0.0113s/iter; left time: 136.2313s
Epoch: 9 cost time: 8.535959720611572
Epoch: 9, Steps: 571 | Train Loss: 0.5182044 Vali Loss: 0.4638854 Test Loss: 0.2053784
Validation loss decreased (0.465073 --> 0.463885).  Saving model ...
Updating learning rate to 0.0002621440000000001
	iters: 100, epoch: 10 | loss: 0.5460108
	speed: 0.0967s/iter; left time: 1150.3776s
	iters: 200, epoch: 10 | loss: 0.4882730
	speed: 0.0116s/iter; left time: 137.0678s
	iters: 300, epoch: 10 | loss: 0.5432560
	speed: 0.0114s/iter; left time: 133.7503s
	iters: 400, epoch: 10 | loss: 0.4978945
	speed: 0.0109s/iter; left time: 126.4883s
	iters: 500, epoch: 10 | loss: 0.5385207
	speed: 0.0211s/iter; left time: 242.7098s
Epoch: 10 cost time: 9.712334156036377
Epoch: 10, Steps: 571 | Train Loss: 0.5155681 Vali Loss: 0.4621709 Test Loss: 0.2047065
Validation loss decreased (0.463885 --> 0.462171).  Saving model ...
Updating learning rate to 0.0002097152000000001
	iters: 100, epoch: 11 | loss: 0.5573620
	speed: 0.0864s/iter; left time: 977.9050s
	iters: 200, epoch: 11 | loss: 0.5408351
	speed: 0.0123s/iter; left time: 137.5418s
	iters: 300, epoch: 11 | loss: 0.4837385
	speed: 0.0166s/iter; left time: 184.9956s
	iters: 400, epoch: 11 | loss: 0.5098789
	speed: 0.0170s/iter; left time: 186.9660s
	iters: 500, epoch: 11 | loss: 0.5278870
	speed: 0.0122s/iter; left time: 133.6085s
Epoch: 11 cost time: 8.908058643341064
Epoch: 11, Steps: 571 | Train Loss: 0.5134105 Vali Loss: 0.4611610 Test Loss: 0.2032622
Validation loss decreased (0.462171 --> 0.461161).  Saving model ...
Updating learning rate to 0.0001677721600000001
	iters: 100, epoch: 12 | loss: 0.5042875
	speed: 0.0874s/iter; left time: 939.4798s
	iters: 200, epoch: 12 | loss: 0.5000514
	speed: 0.0128s/iter; left time: 136.2938s
	iters: 300, epoch: 12 | loss: 0.4937658
	speed: 0.0127s/iter; left time: 133.7878s
	iters: 400, epoch: 12 | loss: 0.5582649
	speed: 0.0131s/iter; left time: 136.8090s
	iters: 500, epoch: 12 | loss: 0.5183582
	speed: 0.0113s/iter; left time: 117.4505s
Epoch: 12 cost time: 8.626173734664917
Epoch: 12, Steps: 571 | Train Loss: 0.5121962 Vali Loss: 0.4602875 Test Loss: 0.2039919
Validation loss decreased (0.461161 --> 0.460288).  Saving model ...
Updating learning rate to 0.00013421772800000008
	iters: 100, epoch: 13 | loss: 0.5134054
	speed: 0.1043s/iter; left time: 1061.5885s
	iters: 200, epoch: 13 | loss: 0.4935977
	speed: 0.0140s/iter; left time: 141.2806s
	iters: 300, epoch: 13 | loss: 0.4829170
	speed: 0.0121s/iter; left time: 120.5232s
	iters: 400, epoch: 13 | loss: 0.5114399
	speed: 0.0128s/iter; left time: 125.9866s
	iters: 500, epoch: 13 | loss: 0.5170458
	speed: 0.0140s/iter; left time: 136.6434s
Epoch: 13 cost time: 8.953598499298096
Epoch: 13, Steps: 571 | Train Loss: 0.5103541 Vali Loss: 0.4601349 Test Loss: 0.2046993
Validation loss decreased (0.460288 --> 0.460135).  Saving model ...
Updating learning rate to 0.00010737418240000006
	iters: 100, epoch: 14 | loss: 0.5336742
	speed: 0.0908s/iter; left time: 872.4538s
	iters: 200, epoch: 14 | loss: 0.5020944
	speed: 0.0136s/iter; left time: 129.0937s
	iters: 300, epoch: 14 | loss: 0.5070546
	speed: 0.0124s/iter; left time: 117.0987s
	iters: 400, epoch: 14 | loss: 0.5150399
	speed: 0.0142s/iter; left time: 132.3404s
	iters: 500, epoch: 14 | loss: 0.5043674
	speed: 0.0135s/iter; left time: 124.4421s
Epoch: 14 cost time: 8.911165952682495
Epoch: 14, Steps: 571 | Train Loss: 0.5090701 Vali Loss: 0.4605998 Test Loss: 0.2036155
EarlyStopping counter: 1 out of 5
Updating learning rate to 8.589934592000005e-05
	iters: 100, epoch: 15 | loss: 0.5179313
	speed: 0.1078s/iter; left time: 973.8562s
	iters: 200, epoch: 15 | loss: 0.5205693
	speed: 0.0196s/iter; left time: 175.0349s
	iters: 300, epoch: 15 | loss: 0.5025722
	speed: 0.0126s/iter; left time: 111.5496s
	iters: 400, epoch: 15 | loss: 0.5235149
	speed: 0.0159s/iter; left time: 138.6582s
	iters: 500, epoch: 15 | loss: 0.4859803
	speed: 0.0103s/iter; left time: 88.9861s
Epoch: 15 cost time: 10.621510028839111
Epoch: 15, Steps: 571 | Train Loss: 0.5082515 Vali Loss: 0.4626378 Test Loss: 0.2043325
EarlyStopping counter: 2 out of 5
Updating learning rate to 6.871947673600005e-05
	iters: 100, epoch: 16 | loss: 0.5011144
	speed: 0.0806s/iter; left time: 682.3244s
	iters: 200, epoch: 16 | loss: 0.5313371
	speed: 0.0201s/iter; left time: 168.2353s
	iters: 300, epoch: 16 | loss: 0.5088907
	speed: 0.0111s/iter; left time: 91.5729s
	iters: 400, epoch: 16 | loss: 0.4778367
	speed: 0.0115s/iter; left time: 93.8021s
	iters: 500, epoch: 16 | loss: 0.5051178
	speed: 0.0120s/iter; left time: 96.5416s
Epoch: 16 cost time: 8.590516328811646
Epoch: 16, Steps: 571 | Train Loss: 0.5077376 Vali Loss: 0.4608062 Test Loss: 0.2040998
EarlyStopping counter: 3 out of 5
Updating learning rate to 5.497558138880004e-05
	iters: 100, epoch: 17 | loss: 0.5322335
	speed: 0.1213s/iter; left time: 957.9814s
	iters: 200, epoch: 17 | loss: 0.5111932
	speed: 0.0155s/iter; left time: 120.7982s
	iters: 300, epoch: 17 | loss: 0.4992744
	speed: 0.0126s/iter; left time: 96.9567s
	iters: 400, epoch: 17 | loss: 0.4878775
	speed: 0.0129s/iter; left time: 98.0643s
	iters: 500, epoch: 17 | loss: 0.5300973
	speed: 0.0136s/iter; left time: 101.6579s
Epoch: 17 cost time: 9.76564884185791
Epoch: 17, Steps: 571 | Train Loss: 0.5074348 Vali Loss: 0.4606481 Test Loss: 0.2041901
EarlyStopping counter: 4 out of 5
Updating learning rate to 4.398046511104004e-05
	iters: 100, epoch: 18 | loss: 0.4939439
	speed: 0.0890s/iter; left time: 651.6041s
	iters: 200, epoch: 18 | loss: 0.5164197
	speed: 0.0134s/iter; left time: 96.4788s
	iters: 300, epoch: 18 | loss: 0.5370054
	speed: 0.0143s/iter; left time: 101.7376s
	iters: 400, epoch: 18 | loss: 0.4749548
	speed: 0.0135s/iter; left time: 94.4745s
	iters: 500, epoch: 18 | loss: 0.4607201
	speed: 0.0129s/iter; left time: 89.0439s
Epoch: 18 cost time: 8.941773176193237
Epoch: 18, Steps: 571 | Train Loss: 0.5065282 Vali Loss: 0.4614439 Test Loss: 0.2043528
EarlyStopping counter: 5 out of 5
Early stopping
>>>>>>>testing : long_term_forecast_weather_96_192_fcv_patch3_b1.0_TQNet_custom_addlossfcv_numpairsmax_patchlen3_alpha0.0_beta1.0<<<<<<<<<<<<<<<<<<<<<<<<<<<<<<<<<
test 10348
mse:0.20499302446842194, mae:0.2396882176399231
================================================================================
Model Profiling Summary
Total Params             : 713,744
Inference Time (s)       : 0.003655
GPU Mem Footprint (MB)   : 26.63
Peak Mem (MB)            : 37.04
================================================================================
Deleted model checkpoint at: ./checkpoints/long_term_forecast_weather_96_192_fcv_patch3_b1.0_TQNet_custom_addlossfcv_numpairsmax_patchlen3_alpha0.0_beta1.0/checkpoint.pth
[OK] CvLoss | seq_len=96 | pred_len=192 | mse=0.205 | mae=0.240
======================================================
Running Weather | model=TQNet | seq_len=96 | pred_len=192 | patchlen=3 | beta=1.0
======================================================
Args in experiment:
Namespace(random_seed=2024, is_training=1, model_id='weather_96_192_None_patch3_b1.0', model='TQNet', data='custom', root_path='./dataset/', data_path='weather.csv', features='M', target='OT', freq='h', checkpoints='./checkpoints/', seq_len=96, label_len=0, pred_len=192, cycle=144, model_type='mlp', use_revin=1, fc_dropout=0.05, head_dropout=0.0, patch_len=16, stride=8, padding_patch='end', revin=0, affine=0, subtract_last=0, decomposition=0, kernel_size=25, individual=0, rnn_type='gru', dec_way='pmf', seg_len=48, channel_id=1, embed_type=0, enc_in=21, dec_in=7, c_out=7, d_model=512, n_heads=8, e_layers=2, d_layers=1, d_ff=2048, moving_avg=25, factor=1, distil=True, dropout=0.5, embed='timeF', activation='gelu', output_attention=False, do_predict=False, num_workers=10, itr=1, train_epochs=30, batch_size=64, patience=5, learning_rate=0.001, des='test', loss='mse', lradj='type3', pct_start=0.3, use_amp=False, use_gpu=True, gpu=0, use_multi_gpu=False, devices='0,1', test_flop=False, add_loss='None', num_pairs='max', loss_patchlen=16, alpha_add_loss=1.0, beta_add_loss=0.1)
Use GPU: cuda:0
>>>>>>>start training : long_term_forecast_weather_96_192_None_patch3_b1.0_TQNet_custom_addlossNone_numpairsmax_patchlen16_alpha1.0_beta0.1>>>>>>>>>>>>>>>>>>>>>>>>>>
train 36600
val 5079
test 10348
	iters: 100, epoch: 1 | loss: 0.5715910
	speed: 0.0461s/iter; left time: 785.1829s
	iters: 200, epoch: 1 | loss: 0.5770396
	speed: 0.0088s/iter; left time: 148.8920s
	iters: 300, epoch: 1 | loss: 0.7608701
	speed: 0.0092s/iter; left time: 155.5117s
	iters: 400, epoch: 1 | loss: 0.4647288
	speed: 0.0106s/iter; left time: 176.8286s
	iters: 500, epoch: 1 | loss: 0.7060800
	speed: 0.0118s/iter; left time: 196.2827s
Epoch: 1 cost time: 9.821553468704224
Epoch: 1, Steps: 571 | Train Loss: 0.6474131 Vali Loss: 0.5618002 Test Loss: 0.2425490
Validation loss decreased (inf --> 0.561800).  Saving model ...
Updating learning rate to 0.001
	iters: 100, epoch: 2 | loss: 0.4229305
	speed: 0.0974s/iter; left time: 1602.6940s
	iters: 200, epoch: 2 | loss: 0.4452615
	speed: 0.0095s/iter; left time: 154.9097s
	iters: 300, epoch: 2 | loss: 0.4735262
	speed: 0.0098s/iter; left time: 159.6302s
	iters: 400, epoch: 2 | loss: 0.4636768
	speed: 0.0138s/iter; left time: 222.3187s
	iters: 500, epoch: 2 | loss: 0.3818670
	speed: 0.0229s/iter; left time: 367.6380s
Epoch: 2 cost time: 8.396833181381226
Epoch: 2, Steps: 571 | Train Loss: 0.5453503 Vali Loss: 0.4922274 Test Loss: 0.2203756
Validation loss decreased (0.561800 --> 0.492227).  Saving model ...
Updating learning rate to 0.001
	iters: 100, epoch: 3 | loss: 0.3855724
	speed: 0.0819s/iter; left time: 1300.9141s
	iters: 200, epoch: 3 | loss: 0.8375894
	speed: 0.0106s/iter; left time: 167.9086s
	iters: 300, epoch: 3 | loss: 0.3916092
	speed: 0.0112s/iter; left time: 175.3643s
	iters: 400, epoch: 3 | loss: 0.5808372
	speed: 0.0111s/iter; left time: 172.9356s
	iters: 500, epoch: 3 | loss: 0.4118344
	speed: 0.0111s/iter; left time: 172.5654s
Epoch: 3 cost time: 7.549533128738403
Epoch: 3, Steps: 571 | Train Loss: 0.5141849 Vali Loss: 0.4844393 Test Loss: 0.2213103
Validation loss decreased (0.492227 --> 0.484439).  Saving model ...
Updating learning rate to 0.001
	iters: 100, epoch: 4 | loss: 0.4593485
	speed: 0.0955s/iter; left time: 1463.5767s
	iters: 200, epoch: 4 | loss: 0.3597198
	speed: 0.0208s/iter; left time: 316.6914s
	iters: 300, epoch: 4 | loss: 0.4331996
	speed: 0.0212s/iter; left time: 320.5469s
	iters: 400, epoch: 4 | loss: 0.4428898
	speed: 0.0172s/iter; left time: 257.7195s
	iters: 500, epoch: 4 | loss: 0.6349044
	speed: 0.0110s/iter; left time: 163.9145s
Epoch: 4 cost time: 10.522860288619995
Epoch: 4, Steps: 571 | Train Loss: 0.5099978 Vali Loss: 0.4743906 Test Loss: 0.2109558
Validation loss decreased (0.484439 --> 0.474391).  Saving model ...
Updating learning rate to 0.0008
	iters: 100, epoch: 5 | loss: 0.9974499
	speed: 0.0787s/iter; left time: 1160.8774s
	iters: 200, epoch: 5 | loss: 0.4442792
	speed: 0.0104s/iter; left time: 152.3430s
	iters: 300, epoch: 5 | loss: 0.5945447
	speed: 0.0118s/iter; left time: 171.5690s
	iters: 400, epoch: 5 | loss: 0.4390613
	speed: 0.0114s/iter; left time: 164.0705s
	iters: 500, epoch: 5 | loss: 0.4725229
	speed: 0.0122s/iter; left time: 174.9350s
Epoch: 5 cost time: 7.479522705078125
Epoch: 5, Steps: 571 | Train Loss: 0.5031454 Vali Loss: 0.4702255 Test Loss: 0.2113260
Validation loss decreased (0.474391 --> 0.470225).  Saving model ...
Updating learning rate to 0.0006400000000000002
	iters: 100, epoch: 6 | loss: 0.6933491
	speed: 0.0759s/iter; left time: 1076.3425s
	iters: 200, epoch: 6 | loss: 0.6033562
	speed: 0.0165s/iter; left time: 232.9208s
	iters: 300, epoch: 6 | loss: 0.4692294
	speed: 0.0105s/iter; left time: 147.3796s
	iters: 400, epoch: 6 | loss: 0.4199279
	speed: 0.0163s/iter; left time: 226.0686s
	iters: 500, epoch: 6 | loss: 0.5319790
	speed: 0.0112s/iter; left time: 154.3011s
Epoch: 6 cost time: 9.307805299758911
Epoch: 6, Steps: 571 | Train Loss: 0.4954020 Vali Loss: 0.4660631 Test Loss: 0.2082886
Validation loss decreased (0.470225 --> 0.466063).  Saving model ...
Updating learning rate to 0.0005120000000000001
	iters: 100, epoch: 7 | loss: 0.7809008
	speed: 0.0996s/iter; left time: 1354.6516s
	iters: 200, epoch: 7 | loss: 0.6816656
	speed: 0.0111s/iter; left time: 149.7706s
	iters: 300, epoch: 7 | loss: 0.3929626
	speed: 0.0092s/iter; left time: 123.7605s
	iters: 400, epoch: 7 | loss: 0.3831132
	speed: 0.0104s/iter; left time: 138.0302s
	iters: 500, epoch: 7 | loss: 0.6728197
	speed: 0.0093s/iter; left time: 122.5303s
Epoch: 7 cost time: 7.983332395553589
Epoch: 7, Steps: 571 | Train Loss: 0.4890885 Vali Loss: 0.4652105 Test Loss: 0.2061115
Validation loss decreased (0.466063 --> 0.465211).  Saving model ...
Updating learning rate to 0.0004096000000000001
	iters: 100, epoch: 8 | loss: 0.3643512
	speed: 0.0757s/iter; left time: 986.7754s
	iters: 200, epoch: 8 | loss: 0.4123804
	speed: 0.0231s/iter; left time: 298.2920s
	iters: 300, epoch: 8 | loss: 0.4034258
	speed: 0.0144s/iter; left time: 185.0777s
	iters: 400, epoch: 8 | loss: 0.6650668
	speed: 0.0147s/iter; left time: 187.2987s
	iters: 500, epoch: 8 | loss: 0.5299325
	speed: 0.0163s/iter; left time: 205.7807s
Epoch: 8 cost time: 10.038547277450562
Epoch: 8, Steps: 571 | Train Loss: 0.4856544 Vali Loss: 0.4616885 Test Loss: 0.2072403
Validation loss decreased (0.465211 --> 0.461689).  Saving model ...
Updating learning rate to 0.0003276800000000001
	iters: 100, epoch: 9 | loss: 0.3503694
	speed: 0.1160s/iter; left time: 1445.8970s
	iters: 200, epoch: 9 | loss: 0.3551342
	speed: 0.0241s/iter; left time: 297.4175s
	iters: 300, epoch: 9 | loss: 0.4959148
	speed: 0.0123s/iter; left time: 151.2302s
	iters: 400, epoch: 9 | loss: 0.3883376
	speed: 0.0120s/iter; left time: 146.1477s
	iters: 500, epoch: 9 | loss: 0.3535505
	speed: 0.0122s/iter; left time: 147.3844s
Epoch: 9 cost time: 10.447100400924683
Epoch: 9, Steps: 571 | Train Loss: 0.4825863 Vali Loss: 0.4643005 Test Loss: 0.2076234
EarlyStopping counter: 1 out of 5
Updating learning rate to 0.0002621440000000001
	iters: 100, epoch: 10 | loss: 0.4412624
	speed: 0.0912s/iter; left time: 1084.8628s
	iters: 200, epoch: 10 | loss: 0.5237263
	speed: 0.0130s/iter; left time: 153.1622s
	iters: 300, epoch: 10 | loss: 0.4316325
	speed: 0.0120s/iter; left time: 140.1595s
	iters: 400, epoch: 10 | loss: 0.4125932
	speed: 0.0128s/iter; left time: 148.0443s
	iters: 500, epoch: 10 | loss: 0.6212007
	speed: 0.0125s/iter; left time: 143.0877s
Epoch: 10 cost time: 8.239606618881226
Epoch: 10, Steps: 571 | Train Loss: 0.4796990 Vali Loss: 0.4612972 Test Loss: 0.2060505
Validation loss decreased (0.461689 --> 0.461297).  Saving model ...
Updating learning rate to 0.0002097152000000001
	iters: 100, epoch: 11 | loss: 0.4902408
	speed: 0.0850s/iter; left time: 961.8083s
	iters: 200, epoch: 11 | loss: 0.5002416
	speed: 0.0112s/iter; left time: 126.1648s
	iters: 300, epoch: 11 | loss: 0.4266423
	speed: 0.0199s/iter; left time: 220.9724s
	iters: 400, epoch: 11 | loss: 0.3418924
	speed: 0.0217s/iter; left time: 239.1919s
	iters: 500, epoch: 11 | loss: 0.4165922
	speed: 0.0267s/iter; left time: 291.6085s
Epoch: 11 cost time: 10.867151975631714
Epoch: 11, Steps: 571 | Train Loss: 0.4782501 Vali Loss: 0.4602695 Test Loss: 0.2051691
Validation loss decreased (0.461297 --> 0.460270).  Saving model ...
Updating learning rate to 0.0001677721600000001
	iters: 100, epoch: 12 | loss: 0.6114401
	speed: 0.0802s/iter; left time: 861.9746s
	iters: 200, epoch: 12 | loss: 0.6321810
	speed: 0.0072s/iter; left time: 76.8977s
	iters: 300, epoch: 12 | loss: 0.6322609
	speed: 0.0081s/iter; left time: 85.5452s
	iters: 400, epoch: 12 | loss: 0.4498698
	speed: 0.0081s/iter; left time: 84.3401s
	iters: 500, epoch: 12 | loss: 0.3982494
	speed: 0.0073s/iter; left time: 75.1202s
Epoch: 12 cost time: 6.3588643074035645
Epoch: 12, Steps: 571 | Train Loss: 0.4761039 Vali Loss: 0.4601630 Test Loss: 0.2049396
Validation loss decreased (0.460270 --> 0.460163).  Saving model ...
Updating learning rate to 0.00013421772800000008
	iters: 100, epoch: 13 | loss: 0.4019023
	speed: 0.0743s/iter; left time: 756.3629s
	iters: 200, epoch: 13 | loss: 0.3796182
	speed: 0.0085s/iter; left time: 85.9962s
	iters: 300, epoch: 13 | loss: 0.3768489
	speed: 0.0081s/iter; left time: 81.0375s
	iters: 400, epoch: 13 | loss: 0.4935484
	speed: 0.0084s/iter; left time: 82.7120s
	iters: 500, epoch: 13 | loss: 0.3664498
	speed: 0.0084s/iter; left time: 82.4153s
Epoch: 13 cost time: 7.135703086853027
Epoch: 13, Steps: 571 | Train Loss: 0.4744182 Vali Loss: 0.4583892 Test Loss: 0.2048094
Validation loss decreased (0.460163 --> 0.458389).  Saving model ...
Updating learning rate to 0.00010737418240000006
	iters: 100, epoch: 14 | loss: 0.7354608
	speed: 0.0843s/iter; left time: 809.5415s
	iters: 200, epoch: 14 | loss: 0.3812374
	speed: 0.0117s/iter; left time: 110.9216s
	iters: 300, epoch: 14 | loss: 0.3792392
	speed: 0.0113s/iter; left time: 106.3870s
	iters: 400, epoch: 14 | loss: 0.3744701
	speed: 0.0110s/iter; left time: 102.5317s
	iters: 500, epoch: 14 | loss: 0.4194832
	speed: 0.0111s/iter; left time: 102.6036s
Epoch: 14 cost time: 7.658373117446899
Epoch: 14, Steps: 571 | Train Loss: 0.4730982 Vali Loss: 0.4594080 Test Loss: 0.2047383
EarlyStopping counter: 1 out of 5
Updating learning rate to 8.589934592000005e-05
	iters: 100, epoch: 15 | loss: 0.4142273
	speed: 0.0785s/iter; left time: 709.2504s
	iters: 200, epoch: 15 | loss: 0.4429644
	speed: 0.0105s/iter; left time: 93.5517s
	iters: 300, epoch: 15 | loss: 0.4220565
	speed: 0.0105s/iter; left time: 93.1630s
	iters: 400, epoch: 15 | loss: 0.5670510
	speed: 0.0104s/iter; left time: 91.2565s
	iters: 500, epoch: 15 | loss: 0.3555812
	speed: 0.0107s/iter; left time: 92.1968s
Epoch: 15 cost time: 7.2357847690582275
Epoch: 15, Steps: 571 | Train Loss: 0.4719979 Vali Loss: 0.4591522 Test Loss: 0.2049158
EarlyStopping counter: 2 out of 5
Updating learning rate to 6.871947673600005e-05
	iters: 100, epoch: 16 | loss: 0.3989560
	speed: 0.0811s/iter; left time: 686.6919s
	iters: 200, epoch: 16 | loss: 0.5040343
	speed: 0.0101s/iter; left time: 84.7977s
	iters: 300, epoch: 16 | loss: 0.3629314
	speed: 0.0105s/iter; left time: 86.4761s
	iters: 400, epoch: 16 | loss: 0.6358898
	speed: 0.0113s/iter; left time: 92.1067s
	iters: 500, epoch: 16 | loss: 0.3612246
	speed: 0.0108s/iter; left time: 86.8346s
Epoch: 16 cost time: 7.465097665786743
Epoch: 16, Steps: 571 | Train Loss: 0.4708787 Vali Loss: 0.4570554 Test Loss: 0.2048969
Validation loss decreased (0.458389 --> 0.457055).  Saving model ...
Updating learning rate to 5.497558138880004e-05
	iters: 100, epoch: 17 | loss: 0.4088351
	speed: 0.0836s/iter; left time: 659.8397s
	iters: 200, epoch: 17 | loss: 0.6151899
	speed: 0.0190s/iter; left time: 148.1421s
	iters: 300, epoch: 17 | loss: 0.3481666
	speed: 0.0208s/iter; left time: 159.7140s
	iters: 400, epoch: 17 | loss: 0.7773900
	speed: 0.0189s/iter; left time: 143.4565s
	iters: 500, epoch: 17 | loss: 0.6178508
	speed: 0.0139s/iter; left time: 103.8959s
Epoch: 17 cost time: 10.747243642807007
Epoch: 17, Steps: 571 | Train Loss: 0.4698564 Vali Loss: 0.4589253 Test Loss: 0.2047368
EarlyStopping counter: 1 out of 5
Updating learning rate to 4.398046511104004e-05
	iters: 100, epoch: 18 | loss: 0.4252270
	speed: 0.0783s/iter; left time: 573.2286s
	iters: 200, epoch: 18 | loss: 0.4004849
	speed: 0.0127s/iter; left time: 91.8566s
	iters: 300, epoch: 18 | loss: 0.4021255
	speed: 0.0092s/iter; left time: 65.6723s
	iters: 400, epoch: 18 | loss: 0.5806971
	speed: 0.0096s/iter; left time: 67.2429s
	iters: 500, epoch: 18 | loss: 0.3167342
	speed: 0.0118s/iter; left time: 81.5096s
Epoch: 18 cost time: 6.918900012969971
Epoch: 18, Steps: 571 | Train Loss: 0.4698266 Vali Loss: 0.4588436 Test Loss: 0.2048908
EarlyStopping counter: 2 out of 5
Updating learning rate to 3.518437208883203e-05
	iters: 100, epoch: 19 | loss: 0.5410936
	speed: 0.0716s/iter; left time: 483.4922s
	iters: 200, epoch: 19 | loss: 0.6508589
	speed: 0.0093s/iter; left time: 61.9604s
	iters: 300, epoch: 19 | loss: 0.4159686
	speed: 0.0096s/iter; left time: 63.0694s
	iters: 400, epoch: 19 | loss: 0.3429432
	speed: 0.0158s/iter; left time: 101.6717s
	iters: 500, epoch: 19 | loss: 0.7971760
	speed: 0.0085s/iter; left time: 54.2160s
Epoch: 19 cost time: 6.806313991546631
Epoch: 19, Steps: 571 | Train Loss: 0.4692319 Vali Loss: 0.4574680 Test Loss: 0.2047056
EarlyStopping counter: 3 out of 5
Updating learning rate to 2.8147497671065623e-05
	iters: 100, epoch: 20 | loss: 0.4681590
	speed: 0.0740s/iter; left time: 457.6664s
	iters: 200, epoch: 20 | loss: 0.8022281
	speed: 0.0099s/iter; left time: 60.1467s
	iters: 300, epoch: 20 | loss: 0.3934411
	speed: 0.0100s/iter; left time: 59.7431s
	iters: 400, epoch: 20 | loss: 0.8924566
	speed: 0.0095s/iter; left time: 55.6823s
	iters: 500, epoch: 20 | loss: 0.3967139
	speed: 0.0099s/iter; left time: 57.3103s
Epoch: 20 cost time: 7.334038257598877
Epoch: 20, Steps: 571 | Train Loss: 0.4687721 Vali Loss: 0.4592453 Test Loss: 0.2051702
EarlyStopping counter: 4 out of 5
Updating learning rate to 2.2517998136852502e-05
	iters: 100, epoch: 21 | loss: 0.6437686
	speed: 0.0756s/iter; left time: 424.3396s
	iters: 200, epoch: 21 | loss: 0.5768771
	speed: 0.0106s/iter; left time: 58.1888s
	iters: 300, epoch: 21 | loss: 0.3239857
	speed: 0.0113s/iter; left time: 61.0880s
	iters: 400, epoch: 21 | loss: 0.3864113
	speed: 0.0197s/iter; left time: 104.4506s
	iters: 500, epoch: 21 | loss: 0.3946649
	speed: 0.0170s/iter; left time: 88.8173s
Epoch: 21 cost time: 9.874094486236572
Epoch: 21, Steps: 571 | Train Loss: 0.4680716 Vali Loss: 0.4581834 Test Loss: 0.2048387
EarlyStopping counter: 5 out of 5
Early stopping
>>>>>>>testing : long_term_forecast_weather_96_192_None_patch3_b1.0_TQNet_custom_addlossNone_numpairsmax_patchlen16_alpha1.0_beta0.1<<<<<<<<<<<<<<<<<<<<<<<<<<<<<<<<<
test 10348
mse:0.2051793783903122, mae:0.24479644000530243
================================================================================
Model Profiling Summary
Total Params             : 713,744
Inference Time (s)       : 0.002023
GPU Mem Footprint (MB)   : 26.63
Peak Mem (MB)            : 37.04
================================================================================
Deleted model checkpoint at: ./checkpoints/long_term_forecast_weather_96_192_None_patch3_b1.0_TQNet_custom_addlossNone_numpairsmax_patchlen16_alpha1.0_beta0.1/checkpoint.pth
[OK] TQNet | seq_len=96 | pred_len=192 | mse=0.205 | mae=0.245
======================================================
Running Weather | model=CvLoss | seq_len=96 | pred_len=336 | patchlen=3 | beta=0.5
======================================================
Args in experiment:
Namespace(random_seed=2024, is_training=1, model_id='weather_96_336_fcv_patch3_b0.5', model='TQNet', data='custom', root_path='./dataset/', data_path='weather.csv', features='M', target='OT', freq='h', checkpoints='./checkpoints/', seq_len=96, label_len=0, pred_len=336, cycle=144, model_type='mlp', use_revin=1, fc_dropout=0.05, head_dropout=0.0, patch_len=16, stride=8, padding_patch='end', revin=0, affine=0, subtract_last=0, decomposition=0, kernel_size=25, individual=0, rnn_type='gru', dec_way='pmf', seg_len=48, channel_id=1, embed_type=0, enc_in=21, dec_in=7, c_out=7, d_model=512, n_heads=8, e_layers=2, d_layers=1, d_ff=2048, moving_avg=25, factor=1, distil=True, dropout=0.5, embed='timeF', activation='gelu', output_attention=False, do_predict=False, num_workers=10, itr=1, train_epochs=30, batch_size=64, patience=5, learning_rate=0.001, des='test', loss='mse', lradj='type3', pct_start=0.3, use_amp=False, use_gpu=True, gpu=0, use_multi_gpu=False, devices='0,1', test_flop=False, add_loss='fcv', num_pairs='max', loss_patchlen=3, alpha_add_loss=0.5, beta_add_loss=0.5)
Use GPU: cuda:0
>>>>>>>start training : long_term_forecast_weather_96_336_fcv_patch3_b0.5_TQNet_custom_addlossfcv_numpairsmax_patchlen3_alpha0.5_beta0.5>>>>>>>>>>>>>>>>>>>>>>>>>>
train 36456
val 4935
test 10204
	iters: 100, epoch: 1 | loss: 0.7649878
	speed: 0.0446s/iter; left time: 756.7208s
	iters: 200, epoch: 1 | loss: 0.6837603
	speed: 0.0132s/iter; left time: 222.3838s
	iters: 300, epoch: 1 | loss: 0.7139373
	speed: 0.0128s/iter; left time: 214.0506s
	iters: 400, epoch: 1 | loss: 0.6539085
	speed: 0.0130s/iter; left time: 217.1703s
	iters: 500, epoch: 1 | loss: 0.7778822
	speed: 0.0139s/iter; left time: 230.0254s
Epoch: 1 cost time: 9.856559038162231
Epoch: 1, Steps: 569 | Train Loss: 0.7137885 Vali Loss: 0.6424333 Test Loss: 0.2933483
Validation loss decreased (inf --> 0.642433).  Saving model ...
Updating learning rate to 0.001
	iters: 100, epoch: 2 | loss: 0.5843272
	speed: 0.0855s/iter; left time: 1402.1086s
	iters: 200, epoch: 2 | loss: 0.6378160
	speed: 0.0125s/iter; left time: 204.3796s
	iters: 300, epoch: 2 | loss: 0.6659038
	speed: 0.0157s/iter; left time: 254.1515s
	iters: 400, epoch: 2 | loss: 0.5495316
	speed: 0.0102s/iter; left time: 164.5069s
	iters: 500, epoch: 2 | loss: 0.5430478
	speed: 0.0104s/iter; left time: 165.7744s
Epoch: 2 cost time: 8.406365633010864
Epoch: 2, Steps: 569 | Train Loss: 0.6265762 Vali Loss: 0.5844216 Test Loss: 0.2764135
Validation loss decreased (0.642433 --> 0.584422).  Saving model ...
Updating learning rate to 0.001
	iters: 100, epoch: 3 | loss: 0.6525068
	speed: 0.1030s/iter; left time: 1630.4029s
	iters: 200, epoch: 3 | loss: 0.5622097
	speed: 0.0204s/iter; left time: 320.5711s
	iters: 300, epoch: 3 | loss: 0.6816796
	speed: 0.0107s/iter; left time: 166.4929s
	iters: 400, epoch: 3 | loss: 0.6501223
	speed: 0.0100s/iter; left time: 156.0202s
	iters: 500, epoch: 3 | loss: 0.6225476
	speed: 0.0105s/iter; left time: 161.7064s
Epoch: 3 cost time: 9.852750778198242
Epoch: 3, Steps: 569 | Train Loss: 0.6054535 Vali Loss: 0.5670927 Test Loss: 0.2696686
Validation loss decreased (0.584422 --> 0.567093).  Saving model ...
Updating learning rate to 0.001
	iters: 100, epoch: 4 | loss: 0.6143949
	speed: 0.0969s/iter; left time: 1479.6626s
	iters: 200, epoch: 4 | loss: 0.5811902
	speed: 0.0127s/iter; left time: 193.2674s
	iters: 300, epoch: 4 | loss: 0.5108173
	speed: 0.0139s/iter; left time: 209.6849s
	iters: 400, epoch: 4 | loss: 0.5733744
	speed: 0.0135s/iter; left time: 202.5799s
	iters: 500, epoch: 4 | loss: 0.5658634
	speed: 0.0131s/iter; left time: 194.4634s
Epoch: 4 cost time: 8.804169178009033
Epoch: 4, Steps: 569 | Train Loss: 0.5999911 Vali Loss: 0.5540018 Test Loss: 0.2668176
Validation loss decreased (0.567093 --> 0.554002).  Saving model ...
Updating learning rate to 0.0008
	iters: 100, epoch: 5 | loss: 0.5863059
	speed: 0.0957s/iter; left time: 1406.7006s
	iters: 200, epoch: 5 | loss: 0.6024579
	speed: 0.0127s/iter; left time: 185.4833s
	iters: 300, epoch: 5 | loss: 0.6021551
	speed: 0.0125s/iter; left time: 181.5672s
	iters: 400, epoch: 5 | loss: 0.6978583
	speed: 0.0127s/iter; left time: 183.5276s
	iters: 500, epoch: 5 | loss: 0.5119830
	speed: 0.0130s/iter; left time: 186.3169s
Epoch: 5 cost time: 8.548389196395874
Epoch: 5, Steps: 569 | Train Loss: 0.5943264 Vali Loss: 0.5496308 Test Loss: 0.2664115
Validation loss decreased (0.554002 --> 0.549631).  Saving model ...
Updating learning rate to 0.0006400000000000002
	iters: 100, epoch: 6 | loss: 0.5952731
	speed: 0.0899s/iter; left time: 1269.4108s
	iters: 200, epoch: 6 | loss: 0.7147644
	speed: 0.0142s/iter; left time: 199.1130s
	iters: 300, epoch: 6 | loss: 0.5772936
	speed: 0.0132s/iter; left time: 184.2799s
	iters: 400, epoch: 6 | loss: 0.5907061
	speed: 0.0136s/iter; left time: 187.9263s
	iters: 500, epoch: 6 | loss: 0.5407855
	speed: 0.0127s/iter; left time: 174.3499s
Epoch: 6 cost time: 9.463136911392212
Epoch: 6, Steps: 569 | Train Loss: 0.5885985 Vali Loss: 0.5484135 Test Loss: 0.2660874
Validation loss decreased (0.549631 --> 0.548414).  Saving model ...
Updating learning rate to 0.0005120000000000001
	iters: 100, epoch: 7 | loss: 0.6017299
	speed: 0.1177s/iter; left time: 1595.4057s
	iters: 200, epoch: 7 | loss: 0.5574473
	speed: 0.0158s/iter; left time: 213.2236s
	iters: 300, epoch: 7 | loss: 0.5316969
	speed: 0.0103s/iter; left time: 137.8660s
	iters: 400, epoch: 7 | loss: 0.6553742
	speed: 0.0127s/iter; left time: 168.5605s
	iters: 500, epoch: 7 | loss: 0.5607948
	speed: 0.0132s/iter; left time: 173.3542s
Epoch: 7 cost time: 8.536558389663696
Epoch: 7, Steps: 569 | Train Loss: 0.5841802 Vali Loss: 0.5459379 Test Loss: 0.2653199
Validation loss decreased (0.548414 --> 0.545938).  Saving model ...
Updating learning rate to 0.0004096000000000001
	iters: 100, epoch: 8 | loss: 0.5590539
	speed: 0.0831s/iter; left time: 1079.0333s
	iters: 200, epoch: 8 | loss: 0.4971343
	speed: 0.0107s/iter; left time: 137.7400s
	iters: 300, epoch: 8 | loss: 0.6480277
	speed: 0.0118s/iter; left time: 150.8328s
	iters: 400, epoch: 8 | loss: 0.6348300
	speed: 0.0120s/iter; left time: 152.4597s
	iters: 500, epoch: 8 | loss: 0.5446991
	speed: 0.0185s/iter; left time: 232.6800s
Epoch: 8 cost time: 8.302375078201294
Epoch: 8, Steps: 569 | Train Loss: 0.5793140 Vali Loss: 0.5435863 Test Loss: 0.2643891
Validation loss decreased (0.545938 --> 0.543586).  Saving model ...
Updating learning rate to 0.0003276800000000001
	iters: 100, epoch: 9 | loss: 0.5548294
	speed: 0.0797s/iter; left time: 989.4418s
	iters: 200, epoch: 9 | loss: 0.6340337
	speed: 0.0192s/iter; left time: 236.4481s
	iters: 300, epoch: 9 | loss: 0.6262517
	speed: 0.0125s/iter; left time: 152.9481s
	iters: 400, epoch: 9 | loss: 0.6052803
	speed: 0.0133s/iter; left time: 161.2984s
	iters: 500, epoch: 9 | loss: 0.6513213
	speed: 0.0134s/iter; left time: 161.1633s
Epoch: 9 cost time: 9.183048486709595
Epoch: 9, Steps: 569 | Train Loss: 0.5763372 Vali Loss: 0.5408713 Test Loss: 0.2631622
Validation loss decreased (0.543586 --> 0.540871).  Saving model ...
Updating learning rate to 0.0002621440000000001
	iters: 100, epoch: 10 | loss: 0.5249238
	speed: 0.0936s/iter; left time: 1109.4436s
	iters: 200, epoch: 10 | loss: 0.5422435
	speed: 0.0204s/iter; left time: 239.2419s
	iters: 300, epoch: 10 | loss: 0.6078293
	speed: 0.0200s/iter; left time: 233.0677s
	iters: 400, epoch: 10 | loss: 0.5422038
	speed: 0.0223s/iter; left time: 257.1809s
	iters: 500, epoch: 10 | loss: 0.5873652
	speed: 0.0201s/iter; left time: 229.6211s
Epoch: 10 cost time: 12.4382004737854
Epoch: 10, Steps: 569 | Train Loss: 0.5734920 Vali Loss: 0.5435003 Test Loss: 0.2632664
EarlyStopping counter: 1 out of 5
Updating learning rate to 0.0002097152000000001
	iters: 100, epoch: 11 | loss: 0.6099211
	speed: 0.0967s/iter; left time: 1090.5990s
	iters: 200, epoch: 11 | loss: 0.5223255
	speed: 0.0139s/iter; left time: 155.8962s
	iters: 300, epoch: 11 | loss: 0.5683161
	speed: 0.0140s/iter; left time: 154.9503s
	iters: 400, epoch: 11 | loss: 0.5295597
	speed: 0.0140s/iter; left time: 153.9970s
	iters: 500, epoch: 11 | loss: 0.5815184
	speed: 0.0132s/iter; left time: 143.7313s
Epoch: 11 cost time: 9.18136978149414
Epoch: 11, Steps: 569 | Train Loss: 0.5715508 Vali Loss: 0.5409641 Test Loss: 0.2630064
EarlyStopping counter: 2 out of 5
Updating learning rate to 0.0001677721600000001
	iters: 100, epoch: 12 | loss: 0.5310869
	speed: 0.0911s/iter; left time: 975.4298s
	iters: 200, epoch: 12 | loss: 0.5644735
	speed: 0.0135s/iter; left time: 143.0715s
	iters: 300, epoch: 12 | loss: 0.4930003
	speed: 0.0125s/iter; left time: 131.7545s
	iters: 400, epoch: 12 | loss: 0.6030777
	speed: 0.0107s/iter; left time: 111.6815s
	iters: 500, epoch: 12 | loss: 0.4921899
	speed: 0.0138s/iter; left time: 142.4379s
Epoch: 12 cost time: 8.342873334884644
Epoch: 12, Steps: 569 | Train Loss: 0.5695191 Vali Loss: 0.5419721 Test Loss: 0.2637328
EarlyStopping counter: 3 out of 5
Updating learning rate to 0.00013421772800000008
	iters: 100, epoch: 13 | loss: 0.5180253
	speed: 0.0937s/iter; left time: 950.5313s
	iters: 200, epoch: 13 | loss: 0.5092466
	speed: 0.0102s/iter; left time: 102.8859s
	iters: 300, epoch: 13 | loss: 0.6011546
	speed: 0.0113s/iter; left time: 112.8029s
	iters: 400, epoch: 13 | loss: 0.5553392
	speed: 0.0113s/iter; left time: 111.0289s
	iters: 500, epoch: 13 | loss: 0.5480942
	speed: 0.0162s/iter; left time: 157.3943s
Epoch: 13 cost time: 8.156774759292603
Epoch: 13, Steps: 569 | Train Loss: 0.5680482 Vali Loss: 0.5415688 Test Loss: 0.2629546
EarlyStopping counter: 4 out of 5
Updating learning rate to 0.00010737418240000006
	iters: 100, epoch: 14 | loss: 0.6064491
	speed: 0.1219s/iter; left time: 1167.1272s
	iters: 200, epoch: 14 | loss: 0.4828774
	speed: 0.0143s/iter; left time: 135.7815s
	iters: 300, epoch: 14 | loss: 0.5714980
	speed: 0.0120s/iter; left time: 112.4009s
	iters: 400, epoch: 14 | loss: 0.4949694
	speed: 0.0119s/iter; left time: 109.9762s
	iters: 500, epoch: 14 | loss: 0.5401611
	speed: 0.0128s/iter; left time: 117.5859s
Epoch: 14 cost time: 9.98306393623352
Epoch: 14, Steps: 569 | Train Loss: 0.5668880 Vali Loss: 0.5410013 Test Loss: 0.2631336
EarlyStopping counter: 5 out of 5
Early stopping
>>>>>>>testing : long_term_forecast_weather_96_336_fcv_patch3_b0.5_TQNet_custom_addlossfcv_numpairsmax_patchlen3_alpha0.5_beta0.5<<<<<<<<<<<<<<<<<<<<<<<<<<<<<<<<<
test 10204
mse:0.2634264826774597, mae:0.28634917736053467
================================================================================
Model Profiling Summary
Total Params             : 787,616
Inference Time (s)       : 0.008625
GPU Mem Footprint (MB)   : 30.40
Peak Mem (MB)            : 40.81
================================================================================
Deleted model checkpoint at: ./checkpoints/long_term_forecast_weather_96_336_fcv_patch3_b0.5_TQNet_custom_addlossfcv_numpairsmax_patchlen3_alpha0.5_beta0.5/checkpoint.pth
[OK] CvLoss | seq_len=96 | pred_len=336 | mse=0.263 | mae=0.286
======================================================
Running Weather | model=TQNet | seq_len=96 | pred_len=336 | patchlen=3 | beta=0.5
======================================================
Args in experiment:
Namespace(random_seed=2024, is_training=1, model_id='weather_96_336_None_patch3_b0.5', model='TQNet', data='custom', root_path='./dataset/', data_path='weather.csv', features='M', target='OT', freq='h', checkpoints='./checkpoints/', seq_len=96, label_len=0, pred_len=336, cycle=144, model_type='mlp', use_revin=1, fc_dropout=0.05, head_dropout=0.0, patch_len=16, stride=8, padding_patch='end', revin=0, affine=0, subtract_last=0, decomposition=0, kernel_size=25, individual=0, rnn_type='gru', dec_way='pmf', seg_len=48, channel_id=1, embed_type=0, enc_in=21, dec_in=7, c_out=7, d_model=512, n_heads=8, e_layers=2, d_layers=1, d_ff=2048, moving_avg=25, factor=1, distil=True, dropout=0.5, embed='timeF', activation='gelu', output_attention=False, do_predict=False, num_workers=10, itr=1, train_epochs=30, batch_size=64, patience=5, learning_rate=0.001, des='test', loss='mse', lradj='type3', pct_start=0.3, use_amp=False, use_gpu=True, gpu=0, use_multi_gpu=False, devices='0,1', test_flop=False, add_loss='None', num_pairs='max', loss_patchlen=16, alpha_add_loss=1.0, beta_add_loss=0.1)
Use GPU: cuda:0
>>>>>>>start training : long_term_forecast_weather_96_336_None_patch3_b0.5_TQNet_custom_addlossNone_numpairsmax_patchlen16_alpha1.0_beta0.1>>>>>>>>>>>>>>>>>>>>>>>>>>
train 36456
val 4935
test 10204
	iters: 100, epoch: 1 | loss: 0.7947304
	speed: 0.0437s/iter; left time: 742.1675s
	iters: 200, epoch: 1 | loss: 0.6566173
	speed: 0.0130s/iter; left time: 219.7035s
	iters: 300, epoch: 1 | loss: 0.7348723
	speed: 0.0127s/iter; left time: 213.7157s
	iters: 400, epoch: 1 | loss: 0.6626469
	speed: 0.0125s/iter; left time: 208.3146s
	iters: 500, epoch: 1 | loss: 0.8372165
	speed: 0.0129s/iter; left time: 213.1061s
Epoch: 1 cost time: 9.601986646652222
Epoch: 1, Steps: 569 | Train Loss: 0.7158659 Vali Loss: 0.6480784 Test Loss: 0.2946042
Validation loss decreased (inf --> 0.648078).  Saving model ...
Updating learning rate to 0.001
	iters: 100, epoch: 2 | loss: 0.5494038
	speed: 0.1039s/iter; left time: 1704.1404s
	iters: 200, epoch: 2 | loss: 0.6154246
	speed: 0.0136s/iter; left time: 222.4749s
	iters: 300, epoch: 2 | loss: 0.7195887
	speed: 0.0106s/iter; left time: 172.0126s
	iters: 400, epoch: 2 | loss: 0.5005590
	speed: 0.0093s/iter; left time: 149.9809s
	iters: 500, epoch: 2 | loss: 0.4657153
	speed: 0.0137s/iter; left time: 218.8328s
Epoch: 2 cost time: 8.179583311080933
Epoch: 2, Steps: 569 | Train Loss: 0.6133281 Vali Loss: 0.5906489 Test Loss: 0.2783455
Validation loss decreased (0.648078 --> 0.590649).  Saving model ...
Updating learning rate to 0.001
	iters: 100, epoch: 3 | loss: 0.6841197
	speed: 0.0854s/iter; left time: 1351.4619s
	iters: 200, epoch: 3 | loss: 0.5025569
	speed: 0.0091s/iter; left time: 142.5653s
	iters: 300, epoch: 3 | loss: 0.7932997
	speed: 0.0095s/iter; left time: 147.8303s
	iters: 400, epoch: 3 | loss: 0.6661479
	speed: 0.0098s/iter; left time: 152.3581s
	iters: 500, epoch: 3 | loss: 0.6715258
	speed: 0.0130s/iter; left time: 200.3694s
Epoch: 3 cost time: 7.6331377029418945
Epoch: 3, Steps: 569 | Train Loss: 0.5917015 Vali Loss: 0.5670320 Test Loss: 0.2736877
Validation loss decreased (0.590649 --> 0.567032).  Saving model ...
Updating learning rate to 0.001
	iters: 100, epoch: 4 | loss: 0.6159806
	speed: 0.0869s/iter; left time: 1326.0524s
	iters: 200, epoch: 4 | loss: 0.5112740
	speed: 0.0116s/iter; left time: 176.2001s
	iters: 300, epoch: 4 | loss: 0.4324789
	speed: 0.0118s/iter; left time: 177.6337s
	iters: 400, epoch: 4 | loss: 0.5311269
	speed: 0.0116s/iter; left time: 173.8605s
	iters: 500, epoch: 4 | loss: 0.5100304
	speed: 0.0119s/iter; left time: 176.7993s
Epoch: 4 cost time: 8.304494142532349
Epoch: 4, Steps: 569 | Train Loss: 0.5801577 Vali Loss: 0.5543845 Test Loss: 0.2684074
Validation loss decreased (0.567032 --> 0.554385).  Saving model ...
Updating learning rate to 0.0008
	iters: 100, epoch: 5 | loss: 0.5281974
	speed: 0.0866s/iter; left time: 1272.1048s
	iters: 200, epoch: 5 | loss: 0.5823816
	speed: 0.0112s/iter; left time: 163.8784s
	iters: 300, epoch: 5 | loss: 0.6107381
	speed: 0.0112s/iter; left time: 162.7049s
	iters: 400, epoch: 5 | loss: 0.7661796
	speed: 0.0117s/iter; left time: 168.6860s
	iters: 500, epoch: 5 | loss: 0.4357651
	speed: 0.0111s/iter; left time: 158.5275s
Epoch: 5 cost time: 7.6745569705963135
Epoch: 5, Steps: 569 | Train Loss: 0.5710057 Vali Loss: 0.5552087 Test Loss: 0.2684941
EarlyStopping counter: 1 out of 5
Updating learning rate to 0.0006400000000000002
	iters: 100, epoch: 6 | loss: 0.5691187
	speed: 0.1185s/iter; left time: 1673.5327s
	iters: 200, epoch: 6 | loss: 0.8135332
	speed: 0.0154s/iter; left time: 215.6003s
	iters: 300, epoch: 6 | loss: 0.5131770
	speed: 0.0118s/iter; left time: 164.5065s
	iters: 400, epoch: 6 | loss: 0.5350075
	speed: 0.0115s/iter; left time: 158.6039s
	iters: 500, epoch: 6 | loss: 0.4978317
	speed: 0.0120s/iter; left time: 164.5679s
Epoch: 6 cost time: 9.247491598129272
Epoch: 6, Steps: 569 | Train Loss: 0.5669253 Vali Loss: 0.5482272 Test Loss: 0.2666152
Validation loss decreased (0.554385 --> 0.548227).  Saving model ...
Updating learning rate to 0.0005120000000000001
	iters: 100, epoch: 7 | loss: 0.6146179
	speed: 0.0897s/iter; left time: 1216.2173s
	iters: 200, epoch: 7 | loss: 0.4834659
	speed: 0.0127s/iter; left time: 170.8182s
	iters: 300, epoch: 7 | loss: 0.4687309
	speed: 0.0110s/iter; left time: 147.4596s
	iters: 400, epoch: 7 | loss: 0.6678470
	speed: 0.0112s/iter; left time: 148.8091s
	iters: 500, epoch: 7 | loss: 0.4973234
	speed: 0.0101s/iter; left time: 132.5894s
Epoch: 7 cost time: 7.4376983642578125
Epoch: 7, Steps: 569 | Train Loss: 0.5621495 Vali Loss: 0.5496035 Test Loss: 0.2658749
EarlyStopping counter: 1 out of 5
Updating learning rate to 0.0004096000000000001
	iters: 100, epoch: 8 | loss: 0.5485365
	speed: 0.0895s/iter; left time: 1162.5425s
	iters: 200, epoch: 8 | loss: 0.4523383
	speed: 0.0099s/iter; left time: 127.2701s
	iters: 300, epoch: 8 | loss: 0.6808945
	speed: 0.0134s/iter; left time: 170.8905s
	iters: 400, epoch: 8 | loss: 0.6557887
	speed: 0.0090s/iter; left time: 113.7307s
	iters: 500, epoch: 8 | loss: 0.4746192
	speed: 0.0088s/iter; left time: 110.5409s
Epoch: 8 cost time: 7.315121173858643
Epoch: 8, Steps: 569 | Train Loss: 0.5582634 Vali Loss: 0.5448316 Test Loss: 0.2644439
Validation loss decreased (0.548227 --> 0.544832).  Saving model ...
Updating learning rate to 0.0003276800000000001
	iters: 100, epoch: 9 | loss: 0.4957728
	speed: 0.0854s/iter; left time: 1060.9064s
	iters: 200, epoch: 9 | loss: 0.6812650
	speed: 0.0120s/iter; left time: 147.8631s
	iters: 300, epoch: 9 | loss: 0.6615300
	speed: 0.0088s/iter; left time: 107.8814s
	iters: 400, epoch: 9 | loss: 0.6145557
	speed: 0.0090s/iter; left time: 108.7079s
	iters: 500, epoch: 9 | loss: 0.7309727
	speed: 0.0085s/iter; left time: 102.6273s
Epoch: 9 cost time: 7.281089544296265
Epoch: 9, Steps: 569 | Train Loss: 0.5536131 Vali Loss: 0.5457174 Test Loss: 0.2636092
EarlyStopping counter: 1 out of 5
Updating learning rate to 0.0002621440000000001
	iters: 100, epoch: 10 | loss: 0.4592212
	speed: 0.1273s/iter; left time: 1509.0449s
	iters: 200, epoch: 10 | loss: 0.4871360
	speed: 0.0188s/iter; left time: 220.4720s
	iters: 300, epoch: 10 | loss: 0.6010855
	speed: 0.0182s/iter; left time: 211.6487s
	iters: 400, epoch: 10 | loss: 0.4978853
	speed: 0.0114s/iter; left time: 131.6507s
	iters: 500, epoch: 10 | loss: 0.5868781
	speed: 0.0113s/iter; left time: 129.4007s
Epoch: 10 cost time: 10.282998323440552
Epoch: 10, Steps: 569 | Train Loss: 0.5507971 Vali Loss: 0.5444545 Test Loss: 0.2620370
Validation loss decreased (0.544832 --> 0.544455).  Saving model ...
Updating learning rate to 0.0002097152000000001
	iters: 100, epoch: 11 | loss: 0.6079928
	speed: 0.0925s/iter; left time: 1043.9244s
	iters: 200, epoch: 11 | loss: 0.4707466
	speed: 0.0120s/iter; left time: 133.6651s
	iters: 300, epoch: 11 | loss: 0.5216572
	speed: 0.0120s/iter; left time: 132.7528s
	iters: 400, epoch: 11 | loss: 0.4804703
	speed: 0.0116s/iter; left time: 127.1016s
	iters: 500, epoch: 11 | loss: 0.5861166
	speed: 0.0116s/iter; left time: 126.1451s
Epoch: 11 cost time: 7.9384987354278564
Epoch: 11, Steps: 569 | Train Loss: 0.5483957 Vali Loss: 0.5438149 Test Loss: 0.2624964
Validation loss decreased (0.544455 --> 0.543815).  Saving model ...
Updating learning rate to 0.0001677721600000001
	iters: 100, epoch: 12 | loss: 0.4530255
	speed: 0.0875s/iter; left time: 937.5402s
	iters: 200, epoch: 12 | loss: 0.5508189
	speed: 0.0125s/iter; left time: 132.7658s
	iters: 300, epoch: 12 | loss: 0.4130909
	speed: 0.0130s/iter; left time: 136.6198s
	iters: 400, epoch: 12 | loss: 0.5961056
	speed: 0.0119s/iter; left time: 123.5363s
	iters: 500, epoch: 12 | loss: 0.4197724
	speed: 0.0117s/iter; left time: 121.1169s
Epoch: 12 cost time: 8.08858346939087
Epoch: 12, Steps: 569 | Train Loss: 0.5473531 Vali Loss: 0.5462458 Test Loss: 0.2630685
EarlyStopping counter: 1 out of 5
Updating learning rate to 0.00013421772800000008
	iters: 100, epoch: 13 | loss: 0.4581656
	speed: 0.0847s/iter; left time: 858.8743s
	iters: 200, epoch: 13 | loss: 0.4380426
	speed: 0.0119s/iter; left time: 119.0848s
	iters: 300, epoch: 13 | loss: 0.5657250
	speed: 0.0128s/iter; left time: 127.1198s
	iters: 400, epoch: 13 | loss: 0.5245076
	speed: 0.0117s/iter; left time: 115.4644s
	iters: 500, epoch: 13 | loss: 0.4933257
	speed: 0.0118s/iter; left time: 115.0850s
Epoch: 13 cost time: 7.580865144729614
Epoch: 13, Steps: 569 | Train Loss: 0.5451079 Vali Loss: 0.5432863 Test Loss: 0.2617380
Validation loss decreased (0.543815 --> 0.543286).  Saving model ...
Updating learning rate to 0.00010737418240000006
	iters: 100, epoch: 14 | loss: 0.6058300
	speed: 0.1135s/iter; left time: 1086.5068s
	iters: 200, epoch: 14 | loss: 0.4018393
	speed: 0.0107s/iter; left time: 101.3256s
	iters: 300, epoch: 14 | loss: 0.5179457
	speed: 0.0118s/iter; left time: 111.0320s
	iters: 400, epoch: 14 | loss: 0.4064202
	speed: 0.0118s/iter; left time: 109.4289s
	iters: 500, epoch: 14 | loss: 0.4796110
	speed: 0.0194s/iter; left time: 178.3048s
Epoch: 14 cost time: 9.826555490493774
Epoch: 14, Steps: 569 | Train Loss: 0.5438150 Vali Loss: 0.5441871 Test Loss: 0.2617013
EarlyStopping counter: 1 out of 5
Updating learning rate to 8.589934592000005e-05
	iters: 100, epoch: 15 | loss: 0.5246676
	speed: 0.0939s/iter; left time: 845.5554s
	iters: 200, epoch: 15 | loss: 0.4071573
	speed: 0.0102s/iter; left time: 90.6923s
	iters: 300, epoch: 15 | loss: 0.4231961
	speed: 0.0103s/iter; left time: 90.8156s
	iters: 400, epoch: 15 | loss: 0.6413758
	speed: 0.0108s/iter; left time: 93.8590s
	iters: 500, epoch: 15 | loss: 0.6616402
	speed: 0.0123s/iter; left time: 105.5105s
Epoch: 15 cost time: 7.589098930358887
Epoch: 15, Steps: 569 | Train Loss: 0.5424918 Vali Loss: 0.5423221 Test Loss: 0.2619441
Validation loss decreased (0.543286 --> 0.542322).  Saving model ...
Updating learning rate to 6.871947673600005e-05
	iters: 100, epoch: 16 | loss: 0.4930299
	speed: 0.0925s/iter; left time: 780.4482s
	iters: 200, epoch: 16 | loss: 0.4705200
	speed: 0.0122s/iter; left time: 101.5004s
	iters: 300, epoch: 16 | loss: 0.4989453
	speed: 0.0125s/iter; left time: 102.7161s
	iters: 400, epoch: 16 | loss: 0.4467205
	speed: 0.0122s/iter; left time: 99.1292s
	iters: 500, epoch: 16 | loss: 0.4405765
	speed: 0.0113s/iter; left time: 90.8986s
Epoch: 16 cost time: 8.11142635345459
Epoch: 16, Steps: 569 | Train Loss: 0.5417400 Vali Loss: 0.5431880 Test Loss: 0.2619175
EarlyStopping counter: 1 out of 5
Updating learning rate to 5.497558138880004e-05
	iters: 100, epoch: 17 | loss: 0.4644329
	speed: 0.0926s/iter; left time: 728.0966s
	iters: 200, epoch: 17 | loss: 0.5619163
	speed: 0.0112s/iter; left time: 87.2258s
	iters: 300, epoch: 17 | loss: 0.5246240
	speed: 0.0126s/iter; left time: 96.2924s
	iters: 400, epoch: 17 | loss: 0.4993038
	speed: 0.0188s/iter; left time: 142.3029s
	iters: 500, epoch: 17 | loss: 0.4346526
	speed: 0.0212s/iter; left time: 158.0430s
Epoch: 17 cost time: 10.58538818359375
Epoch: 17, Steps: 569 | Train Loss: 0.5410963 Vali Loss: 0.5418670 Test Loss: 0.2616027
Validation loss decreased (0.542322 --> 0.541867).  Saving model ...
Updating learning rate to 4.398046511104004e-05
	iters: 100, epoch: 18 | loss: 0.5512087
	speed: 0.1149s/iter; left time: 838.8396s
	iters: 200, epoch: 18 | loss: 0.7285010
	speed: 0.0115s/iter; left time: 82.6760s
	iters: 300, epoch: 18 | loss: 0.4591413
	speed: 0.0109s/iter; left time: 77.3635s
	iters: 400, epoch: 18 | loss: 0.4305646
	speed: 0.0122s/iter; left time: 85.5215s
	iters: 500, epoch: 18 | loss: 0.8685126
	speed: 0.0158s/iter; left time: 109.1671s
Epoch: 18 cost time: 8.595331192016602
Epoch: 18, Steps: 569 | Train Loss: 0.5403333 Vali Loss: 0.5424932 Test Loss: 0.2622238
EarlyStopping counter: 1 out of 5
Updating learning rate to 3.518437208883203e-05
	iters: 100, epoch: 19 | loss: 0.3951313
	speed: 0.0952s/iter; left time: 640.7823s
	iters: 200, epoch: 19 | loss: 0.5646312
	speed: 0.0117s/iter; left time: 77.8665s
	iters: 300, epoch: 19 | loss: 0.4623374
	speed: 0.0112s/iter; left time: 73.3479s
	iters: 400, epoch: 19 | loss: 0.6726919
	speed: 0.0232s/iter; left time: 149.4412s
	iters: 500, epoch: 19 | loss: 0.4185030
	speed: 0.0236s/iter; left time: 149.2930s
Epoch: 19 cost time: 10.794738292694092
Epoch: 19, Steps: 569 | Train Loss: 0.5398598 Vali Loss: 0.5433154 Test Loss: 0.2620006
EarlyStopping counter: 2 out of 5
Updating learning rate to 2.8147497671065623e-05
	iters: 100, epoch: 20 | loss: 0.5692120
	speed: 0.1026s/iter; left time: 632.2300s
	iters: 200, epoch: 20 | loss: 0.4799015
	speed: 0.0119s/iter; left time: 72.1851s
	iters: 300, epoch: 20 | loss: 0.5322422
	speed: 0.0134s/iter; left time: 79.8934s
	iters: 400, epoch: 20 | loss: 0.4084471
	speed: 0.0122s/iter; left time: 71.5472s
	iters: 500, epoch: 20 | loss: 0.6966882
	speed: 0.0155s/iter; left time: 89.4469s
Epoch: 20 cost time: 9.437058448791504
Epoch: 20, Steps: 569 | Train Loss: 0.5391790 Vali Loss: 0.5429302 Test Loss: 0.2617497
EarlyStopping counter: 3 out of 5
Updating learning rate to 2.2517998136852502e-05
	iters: 100, epoch: 21 | loss: 0.5014557
	speed: 0.0989s/iter; left time: 552.8601s
	iters: 200, epoch: 21 | loss: 0.5601099
	speed: 0.0121s/iter; left time: 66.5159s
	iters: 300, epoch: 21 | loss: 0.4920863
	speed: 0.0133s/iter; left time: 71.8668s
	iters: 400, epoch: 21 | loss: 0.4602178
	speed: 0.0212s/iter; left time: 112.2613s
	iters: 500, epoch: 21 | loss: 0.6543496
	speed: 0.0185s/iter; left time: 95.9981s
Epoch: 21 cost time: 10.619736433029175
Epoch: 21, Steps: 569 | Train Loss: 0.5388891 Vali Loss: 0.5416718 Test Loss: 0.2618179
Validation loss decreased (0.541867 --> 0.541672).  Saving model ...
Updating learning rate to 1.8014398509482003e-05
	iters: 100, epoch: 22 | loss: 0.4577581
	speed: 0.1118s/iter; left time: 561.6855s
	iters: 200, epoch: 22 | loss: 0.4256232
	speed: 0.0116s/iter; left time: 57.1517s
	iters: 300, epoch: 22 | loss: 0.5405048
	speed: 0.0126s/iter; left time: 60.5750s
	iters: 400, epoch: 22 | loss: 0.4606205
	speed: 0.0125s/iter; left time: 58.9123s
	iters: 500, epoch: 22 | loss: 0.4719784
	speed: 0.0126s/iter; left time: 58.4052s
Epoch: 22 cost time: 8.485556840896606
Epoch: 22, Steps: 569 | Train Loss: 0.5383532 Vali Loss: 0.5429281 Test Loss: 0.2616427
EarlyStopping counter: 1 out of 5
Updating learning rate to 1.4411518807585603e-05
	iters: 100, epoch: 23 | loss: 0.4879719
	speed: 0.0981s/iter; left time: 436.9058s
	iters: 200, epoch: 23 | loss: 0.4895089
	speed: 0.0115s/iter; left time: 49.8626s
	iters: 300, epoch: 23 | loss: 0.7134082
	speed: 0.0093s/iter; left time: 39.6534s
	iters: 400, epoch: 23 | loss: 0.4915179
	speed: 0.0138s/iter; left time: 57.4320s
	iters: 500, epoch: 23 | loss: 0.6407515
	speed: 0.0138s/iter; left time: 55.8800s
Epoch: 23 cost time: 8.39243483543396
Epoch: 23, Steps: 569 | Train Loss: 0.5385362 Vali Loss: 0.5421913 Test Loss: 0.2618322
EarlyStopping counter: 2 out of 5
Updating learning rate to 1.1529215046068483e-05
	iters: 100, epoch: 24 | loss: 0.6280069
	speed: 0.1164s/iter; left time: 451.9938s
	iters: 200, epoch: 24 | loss: 0.7811842
	speed: 0.0163s/iter; left time: 61.6899s
	iters: 300, epoch: 24 | loss: 1.0045797
	speed: 0.0108s/iter; left time: 39.6623s
	iters: 400, epoch: 24 | loss: 0.3933322
	speed: 0.0106s/iter; left time: 37.9006s
	iters: 500, epoch: 24 | loss: 0.5250608
	speed: 0.0117s/iter; left time: 40.8349s
Epoch: 24 cost time: 8.391178369522095
Epoch: 24, Steps: 569 | Train Loss: 0.5383076 Vali Loss: 0.5425264 Test Loss: 0.2616450
EarlyStopping counter: 3 out of 5
Updating learning rate to 9.223372036854787e-06
	iters: 100, epoch: 25 | loss: 0.4819980
	speed: 0.1005s/iter; left time: 333.0541s
	iters: 200, epoch: 25 | loss: 0.5417488
	speed: 0.0137s/iter; left time: 43.9556s
	iters: 300, epoch: 25 | loss: 0.4424465
	speed: 0.0133s/iter; left time: 41.4470s
	iters: 400, epoch: 25 | loss: 0.6172962
	speed: 0.0118s/iter; left time: 35.4450s
	iters: 500, epoch: 25 | loss: 0.5751853
	speed: 0.0144s/iter; left time: 42.0206s
Epoch: 25 cost time: 10.29839563369751
Epoch: 25, Steps: 569 | Train Loss: 0.5380302 Vali Loss: 0.5428327 Test Loss: 0.2617561
EarlyStopping counter: 4 out of 5
Updating learning rate to 7.37869762948383e-06
	iters: 100, epoch: 26 | loss: 0.6002941
	speed: 0.1320s/iter; left time: 362.4058s
	iters: 200, epoch: 26 | loss: 0.4778066
	speed: 0.0129s/iter; left time: 34.0416s
	iters: 300, epoch: 26 | loss: 0.7590250
	speed: 0.0129s/iter; left time: 32.7829s
	iters: 400, epoch: 26 | loss: 0.6672551
	speed: 0.0122s/iter; left time: 29.7694s
	iters: 500, epoch: 26 | loss: 0.5695110
	speed: 0.0129s/iter; left time: 30.1795s
Epoch: 26 cost time: 8.68971061706543
Epoch: 26, Steps: 569 | Train Loss: 0.5380914 Vali Loss: 0.5425110 Test Loss: 0.2615973
EarlyStopping counter: 5 out of 5
Early stopping
>>>>>>>testing : long_term_forecast_weather_96_336_None_patch3_b0.5_TQNet_custom_addlossNone_numpairsmax_patchlen16_alpha1.0_beta0.1<<<<<<<<<<<<<<<<<<<<<<<<<<<<<<<<<
test 10204
mse:0.2621364891529083, mae:0.28723251819610596
================================================================================
Model Profiling Summary
Total Params             : 787,616
Inference Time (s)       : 0.003401
GPU Mem Footprint (MB)   : 30.13
Peak Mem (MB)            : 40.36
================================================================================
Deleted model checkpoint at: ./checkpoints/long_term_forecast_weather_96_336_None_patch3_b0.5_TQNet_custom_addlossNone_numpairsmax_patchlen16_alpha1.0_beta0.1/checkpoint.pth
[OK] TQNet | seq_len=96 | pred_len=336 | mse=0.262 | mae=0.287
======================================================
Running Weather | model=CvLoss | seq_len=96 | pred_len=720 | patchlen=3 | beta=0.5
======================================================
Args in experiment:
Namespace(random_seed=2024, is_training=1, model_id='weather_96_720_fcv_patch3_b0.5', model='TQNet', data='custom', root_path='./dataset/', data_path='weather.csv', features='M', target='OT', freq='h', checkpoints='./checkpoints/', seq_len=96, label_len=0, pred_len=720, cycle=144, model_type='mlp', use_revin=1, fc_dropout=0.05, head_dropout=0.0, patch_len=16, stride=8, padding_patch='end', revin=0, affine=0, subtract_last=0, decomposition=0, kernel_size=25, individual=0, rnn_type='gru', dec_way='pmf', seg_len=48, channel_id=1, embed_type=0, enc_in=21, dec_in=7, c_out=7, d_model=512, n_heads=8, e_layers=2, d_layers=1, d_ff=2048, moving_avg=25, factor=1, distil=True, dropout=0.5, embed='timeF', activation='gelu', output_attention=False, do_predict=False, num_workers=10, itr=1, train_epochs=30, batch_size=64, patience=5, learning_rate=0.001, des='test', loss='mse', lradj='type3', pct_start=0.3, use_amp=False, use_gpu=True, gpu=0, use_multi_gpu=False, devices='0,1', test_flop=False, add_loss='fcv', num_pairs='max', loss_patchlen=3, alpha_add_loss=0.5, beta_add_loss=0.5)
Use GPU: cuda:0
>>>>>>>start training : long_term_forecast_weather_96_720_fcv_patch3_b0.5_TQNet_custom_addlossfcv_numpairsmax_patchlen3_alpha0.5_beta0.5>>>>>>>>>>>>>>>>>>>>>>>>>>
train 36072
val 4551
test 9820
	iters: 100, epoch: 1 | loss: 0.8330646
	speed: 0.0466s/iter; left time: 782.7870s
	iters: 200, epoch: 1 | loss: 0.7478044
	speed: 0.0202s/iter; left time: 337.3426s
	iters: 300, epoch: 1 | loss: 0.7434444
	speed: 0.0164s/iter; left time: 271.2924s
	iters: 400, epoch: 1 | loss: 0.7625935
	speed: 0.0160s/iter; left time: 263.3291s
	iters: 500, epoch: 1 | loss: 0.7324086
	speed: 0.0135s/iter; left time: 221.8911s
Epoch: 1 cost time: 11.554516792297363
Epoch: 1, Steps: 563 | Train Loss: 0.7888729 Vali Loss: 0.7658496 Test Loss: 0.3685150
Validation loss decreased (inf --> 0.765850).  Saving model ...
Updating learning rate to 0.001
	iters: 100, epoch: 2 | loss: 0.6843303
	speed: 0.1261s/iter; left time: 2046.4615s
	iters: 200, epoch: 2 | loss: 0.7189598
	speed: 0.0139s/iter; left time: 224.7787s
	iters: 300, epoch: 2 | loss: 0.6704133
	speed: 0.0262s/iter; left time: 420.3707s
	iters: 400, epoch: 2 | loss: 0.7185388
	speed: 0.0164s/iter; left time: 261.8313s
	iters: 500, epoch: 2 | loss: 0.6396279
	speed: 0.0170s/iter; left time: 268.4397s
Epoch: 2 cost time: 11.02414608001709
Epoch: 2, Steps: 563 | Train Loss: 0.7031417 Vali Loss: 0.6872017 Test Loss: 0.3493838
Validation loss decreased (0.765850 --> 0.687202).  Saving model ...
Updating learning rate to 0.001
	iters: 100, epoch: 3 | loss: 0.7107310
	speed: 0.1211s/iter; left time: 1897.4176s
	iters: 200, epoch: 3 | loss: 0.7513015
	speed: 0.0168s/iter; left time: 261.8159s
	iters: 300, epoch: 3 | loss: 0.6780443
	speed: 0.0236s/iter; left time: 364.6296s
	iters: 400, epoch: 3 | loss: 0.6653250
	speed: 0.0250s/iter; left time: 384.4156s
	iters: 500, epoch: 3 | loss: 0.7126231
	speed: 0.0253s/iter; left time: 385.8696s
Epoch: 3 cost time: 14.153412580490112
Epoch: 3, Steps: 563 | Train Loss: 0.6835526 Vali Loss: 0.6846905 Test Loss: 0.3471969
Validation loss decreased (0.687202 --> 0.684690).  Saving model ...
Updating learning rate to 0.001
	iters: 100, epoch: 4 | loss: 0.7089325
	speed: 0.1207s/iter; left time: 1822.1466s
	iters: 200, epoch: 4 | loss: 0.6193452
	speed: 0.0159s/iter; left time: 239.0327s
	iters: 300, epoch: 4 | loss: 0.6555514
	speed: 0.0160s/iter; left time: 239.0503s
	iters: 400, epoch: 4 | loss: 0.7092855
	speed: 0.0159s/iter; left time: 235.0517s
	iters: 500, epoch: 4 | loss: 0.7660434
	speed: 0.0163s/iter; left time: 240.3433s
Epoch: 4 cost time: 10.450817108154297
Epoch: 4, Steps: 563 | Train Loss: 0.6783999 Vali Loss: 0.6830968 Test Loss: 0.3474828
Validation loss decreased (0.684690 --> 0.683097).  Saving model ...
Updating learning rate to 0.0008
	iters: 100, epoch: 5 | loss: 0.7312934
	speed: 0.1216s/iter; left time: 1767.4138s
	iters: 200, epoch: 5 | loss: 0.7574706
	speed: 0.0279s/iter; left time: 402.5907s
	iters: 300, epoch: 5 | loss: 0.6665370
	speed: 0.0173s/iter; left time: 248.5968s
	iters: 400, epoch: 5 | loss: 0.6477709
	speed: 0.0150s/iter; left time: 213.4595s
	iters: 500, epoch: 5 | loss: 0.6591503
	speed: 0.0135s/iter; left time: 191.2473s
Epoch: 5 cost time: 12.6146080493927
Epoch: 5, Steps: 563 | Train Loss: 0.6742689 Vali Loss: 0.6816615 Test Loss: 0.3471436
Validation loss decreased (0.683097 --> 0.681662).  Saving model ...
Updating learning rate to 0.0006400000000000002
	iters: 100, epoch: 6 | loss: 0.6583040
	speed: 0.1067s/iter; left time: 1491.8690s
	iters: 200, epoch: 6 | loss: 0.7110587
	speed: 0.0122s/iter; left time: 169.6982s
	iters: 300, epoch: 6 | loss: 0.6666966
	speed: 0.0140s/iter; left time: 192.7011s
	iters: 400, epoch: 6 | loss: 0.8082788
	speed: 0.0284s/iter; left time: 388.4318s
	iters: 500, epoch: 6 | loss: 0.6505228
	speed: 0.0282s/iter; left time: 382.4254s
Epoch: 6 cost time: 12.692769289016724
Epoch: 6, Steps: 563 | Train Loss: 0.6737449 Vali Loss: 0.6728994 Test Loss: 0.3453366
Validation loss decreased (0.681662 --> 0.672899).  Saving model ...
Updating learning rate to 0.0005120000000000001
	iters: 100, epoch: 7 | loss: 0.6806027
	speed: 0.1522s/iter; left time: 2041.4021s
	iters: 200, epoch: 7 | loss: 0.6477200
	speed: 0.0152s/iter; left time: 202.4424s
	iters: 300, epoch: 7 | loss: 0.6752862
	speed: 0.0161s/iter; left time: 212.2800s
	iters: 400, epoch: 7 | loss: 0.6395777
	speed: 0.0151s/iter; left time: 198.1224s
	iters: 500, epoch: 7 | loss: 0.5952789
	speed: 0.0158s/iter; left time: 205.2037s
Epoch: 7 cost time: 9.973740339279175
Epoch: 7, Steps: 563 | Train Loss: 0.6653385 Vali Loss: 0.6739518 Test Loss: 0.3445764
EarlyStopping counter: 1 out of 5
Updating learning rate to 0.0004096000000000001
	iters: 100, epoch: 8 | loss: 0.6080136
	speed: 0.1115s/iter; left time: 1432.2388s
	iters: 200, epoch: 8 | loss: 0.6098231
	speed: 0.0168s/iter; left time: 214.8274s
	iters: 300, epoch: 8 | loss: 0.7290673
	speed: 0.0167s/iter; left time: 211.8095s
	iters: 400, epoch: 8 | loss: 0.6096519
	speed: 0.0172s/iter; left time: 215.3466s
	iters: 500, epoch: 8 | loss: 0.7388984
	speed: 0.0164s/iter; left time: 203.7021s
Epoch: 8 cost time: 10.886493682861328
Epoch: 8, Steps: 563 | Train Loss: 0.6620572 Vali Loss: 0.6694839 Test Loss: 0.3454336
Validation loss decreased (0.672899 --> 0.669484).  Saving model ...
Updating learning rate to 0.0003276800000000001
	iters: 100, epoch: 9 | loss: 0.6506377
	speed: 0.1155s/iter; left time: 1418.6101s
	iters: 200, epoch: 9 | loss: 0.6717266
	speed: 0.0193s/iter; left time: 234.7324s
	iters: 300, epoch: 9 | loss: 0.6913142
	speed: 0.0149s/iter; left time: 180.5393s
	iters: 400, epoch: 9 | loss: 0.6153264
	speed: 0.0193s/iter; left time: 231.6982s
	iters: 500, epoch: 9 | loss: 0.6800726
	speed: 0.0163s/iter; left time: 193.8381s
Epoch: 9 cost time: 11.284212112426758
Epoch: 9, Steps: 563 | Train Loss: 0.6587146 Vali Loss: 0.6685190 Test Loss: 0.3444939
Validation loss decreased (0.669484 --> 0.668519).  Saving model ...
Updating learning rate to 0.0002621440000000001
	iters: 100, epoch: 10 | loss: 0.6579366
	speed: 0.1069s/iter; left time: 1253.6914s
	iters: 200, epoch: 10 | loss: 0.7382066
	speed: 0.0180s/iter; left time: 209.6660s
	iters: 300, epoch: 10 | loss: 0.6740256
	speed: 0.0164s/iter; left time: 188.8768s
	iters: 400, epoch: 10 | loss: 0.6126015
	speed: 0.0271s/iter; left time: 310.1053s
	iters: 500, epoch: 10 | loss: 0.5876280
	speed: 0.0337s/iter; left time: 381.3303s
Epoch: 10 cost time: 14.10222601890564
Epoch: 10, Steps: 563 | Train Loss: 0.6560755 Vali Loss: 0.6663785 Test Loss: 0.3441299
Validation loss decreased (0.668519 --> 0.666378).  Saving model ...
Updating learning rate to 0.0002097152000000001
	iters: 100, epoch: 11 | loss: 0.6416242
	speed: 0.1192s/iter; left time: 1330.6645s
	iters: 200, epoch: 11 | loss: 0.6508124
	speed: 0.0165s/iter; left time: 182.6357s
	iters: 300, epoch: 11 | loss: 0.6157627
	speed: 0.0156s/iter; left time: 171.5155s
	iters: 400, epoch: 11 | loss: 0.6118473
	speed: 0.0160s/iter; left time: 173.7237s
	iters: 500, epoch: 11 | loss: 0.7325192
	speed: 0.0162s/iter; left time: 174.7889s
Epoch: 11 cost time: 10.445171594619751
Epoch: 11, Steps: 563 | Train Loss: 0.6540192 Vali Loss: 0.6673087 Test Loss: 0.3443817
EarlyStopping counter: 1 out of 5
Updating learning rate to 0.0001677721600000001
	iters: 100, epoch: 12 | loss: 0.6666723
	speed: 0.1111s/iter; left time: 1176.9326s
	iters: 200, epoch: 12 | loss: 0.6960977
	speed: 0.0155s/iter; left time: 162.4447s
	iters: 300, epoch: 12 | loss: 0.6101772
	speed: 0.0153s/iter; left time: 159.0104s
	iters: 400, epoch: 12 | loss: 0.6604793
	speed: 0.0164s/iter; left time: 168.6852s
	iters: 500, epoch: 12 | loss: 0.6839868
	speed: 0.0161s/iter; left time: 163.9759s
Epoch: 12 cost time: 10.281203746795654
Epoch: 12, Steps: 563 | Train Loss: 0.6521713 Vali Loss: 0.6667940 Test Loss: 0.3441886
EarlyStopping counter: 2 out of 5
Updating learning rate to 0.00013421772800000008
	iters: 100, epoch: 13 | loss: 0.6373483
	speed: 0.1134s/iter; left time: 1138.1765s
	iters: 200, epoch: 13 | loss: 0.6368431
	speed: 0.0169s/iter; left time: 168.2623s
	iters: 300, epoch: 13 | loss: 0.6055272
	speed: 0.0244s/iter; left time: 239.8081s
	iters: 400, epoch: 13 | loss: 0.6486260
	speed: 0.0301s/iter; left time: 293.4435s
	iters: 500, epoch: 13 | loss: 0.6918771
	speed: 0.0211s/iter; left time: 203.1982s
Epoch: 13 cost time: 13.523542165756226
Epoch: 13, Steps: 563 | Train Loss: 0.6502867 Vali Loss: 0.6666232 Test Loss: 0.3435929
EarlyStopping counter: 3 out of 5
Updating learning rate to 0.00010737418240000006
	iters: 100, epoch: 14 | loss: 0.6506830
	speed: 0.1086s/iter; left time: 1028.4877s
	iters: 200, epoch: 14 | loss: 0.6397816
	speed: 0.0147s/iter; left time: 137.5866s
	iters: 300, epoch: 14 | loss: 0.5801914
	speed: 0.0176s/iter; left time: 163.3781s
	iters: 400, epoch: 14 | loss: 0.6458429
	speed: 0.0181s/iter; left time: 166.1360s
	iters: 500, epoch: 14 | loss: 0.6339868
	speed: 0.0132s/iter; left time: 120.0961s
Epoch: 14 cost time: 10.078641653060913
Epoch: 14, Steps: 563 | Train Loss: 0.6492396 Vali Loss: 0.6640813 Test Loss: 0.3432355
Validation loss decreased (0.666378 --> 0.664081).  Saving model ...
Updating learning rate to 8.589934592000005e-05
	iters: 100, epoch: 15 | loss: 0.7732615
	speed: 0.1192s/iter; left time: 1062.1058s
	iters: 200, epoch: 15 | loss: 0.6140835
	speed: 0.0152s/iter; left time: 134.2352s
	iters: 300, epoch: 15 | loss: 0.6475677
	speed: 0.0161s/iter; left time: 140.4694s
	iters: 400, epoch: 15 | loss: 0.5792826
	speed: 0.0158s/iter; left time: 135.7096s
	iters: 500, epoch: 15 | loss: 0.5718811
	speed: 0.0159s/iter; left time: 134.8890s
Epoch: 15 cost time: 10.27722692489624
Epoch: 15, Steps: 563 | Train Loss: 0.6481814 Vali Loss: 0.6645629 Test Loss: 0.3439929
EarlyStopping counter: 1 out of 5
Updating learning rate to 6.871947673600005e-05
	iters: 100, epoch: 16 | loss: 0.6366044
	speed: 0.1227s/iter; left time: 1024.3011s
	iters: 200, epoch: 16 | loss: 0.6140447
	speed: 0.0230s/iter; left time: 189.9473s
	iters: 300, epoch: 16 | loss: 0.6827359
	speed: 0.0288s/iter; left time: 234.7493s
	iters: 400, epoch: 16 | loss: 0.6375339
	speed: 0.0261s/iter; left time: 210.3579s
	iters: 500, epoch: 16 | loss: 0.6917390
	speed: 0.0153s/iter; left time: 121.6140s
Epoch: 16 cost time: 14.152505159378052
Epoch: 16, Steps: 563 | Train Loss: 0.6474382 Vali Loss: 0.6637602 Test Loss: 0.3438283
Validation loss decreased (0.664081 --> 0.663760).  Saving model ...
Updating learning rate to 5.497558138880004e-05
	iters: 100, epoch: 17 | loss: 0.6736680
	speed: 0.1145s/iter; left time: 891.1055s
	iters: 200, epoch: 17 | loss: 0.7333561
	speed: 0.0159s/iter; left time: 122.0313s
	iters: 300, epoch: 17 | loss: 0.6597130
	speed: 0.0160s/iter; left time: 121.3956s
	iters: 400, epoch: 17 | loss: 0.6353379
	speed: 0.0144s/iter; left time: 107.9153s
	iters: 500, epoch: 17 | loss: 0.6159735
	speed: 0.0135s/iter; left time: 99.8123s
Epoch: 17 cost time: 10.341713190078735
Epoch: 17, Steps: 563 | Train Loss: 0.6469358 Vali Loss: 0.6650496 Test Loss: 0.3435287
EarlyStopping counter: 1 out of 5
Updating learning rate to 4.398046511104004e-05
	iters: 100, epoch: 18 | loss: 0.6408700
	speed: 0.1218s/iter; left time: 879.7355s
	iters: 200, epoch: 18 | loss: 0.6506833
	speed: 0.0144s/iter; left time: 102.5900s
	iters: 300, epoch: 18 | loss: 0.5997661
	speed: 0.0176s/iter; left time: 123.5265s
	iters: 400, epoch: 18 | loss: 0.7041476
	speed: 0.0142s/iter; left time: 98.3339s
	iters: 500, epoch: 18 | loss: 0.6000474
	speed: 0.0140s/iter; left time: 95.6819s
Epoch: 18 cost time: 9.841633081436157
Epoch: 18, Steps: 563 | Train Loss: 0.6463146 Vali Loss: 0.6642525 Test Loss: 0.3434334
EarlyStopping counter: 2 out of 5
Updating learning rate to 3.518437208883203e-05
	iters: 100, epoch: 19 | loss: 0.6341128
	speed: 0.1202s/iter; left time: 799.9061s
	iters: 200, epoch: 19 | loss: 0.6843742
	speed: 0.0251s/iter; left time: 164.6370s
	iters: 300, epoch: 19 | loss: 0.6643275
	speed: 0.0239s/iter; left time: 154.1022s
	iters: 400, epoch: 19 | loss: 0.5836676
	speed: 0.0191s/iter; left time: 121.6015s
	iters: 500, epoch: 19 | loss: 0.6192349
	speed: 0.0155s/iter; left time: 96.6708s
Epoch: 19 cost time: 13.817494630813599
Epoch: 19, Steps: 563 | Train Loss: 0.6457137 Vali Loss: 0.6643518 Test Loss: 0.3432486
EarlyStopping counter: 3 out of 5
Updating learning rate to 2.8147497671065623e-05
	iters: 100, epoch: 20 | loss: 0.6177369
	speed: 0.1131s/iter; left time: 689.0260s
	iters: 200, epoch: 20 | loss: 0.6128189
	speed: 0.0164s/iter; left time: 98.1457s
	iters: 300, epoch: 20 | loss: 0.6933620
	speed: 0.0161s/iter; left time: 94.6125s
	iters: 400, epoch: 20 | loss: 0.6213735
	speed: 0.0168s/iter; left time: 97.4141s
	iters: 500, epoch: 20 | loss: 0.6274590
	speed: 0.0160s/iter; left time: 90.8418s
Epoch: 20 cost time: 10.52621078491211
Epoch: 20, Steps: 563 | Train Loss: 0.6452891 Vali Loss: 0.6640670 Test Loss: 0.3436076
EarlyStopping counter: 4 out of 5
Updating learning rate to 2.2517998136852502e-05
	iters: 100, epoch: 21 | loss: 0.6224922
	speed: 0.1150s/iter; left time: 636.1151s
	iters: 200, epoch: 21 | loss: 0.5825661
	speed: 0.0166s/iter; left time: 90.3899s
	iters: 300, epoch: 21 | loss: 0.5951033
	speed: 0.0167s/iter; left time: 88.8242s
	iters: 400, epoch: 21 | loss: 0.6098784
	speed: 0.0166s/iter; left time: 86.9630s
	iters: 500, epoch: 21 | loss: 0.6411562
	speed: 0.0167s/iter; left time: 85.6315s
Epoch: 21 cost time: 10.785177230834961
Epoch: 21, Steps: 563 | Train Loss: 0.6445314 Vali Loss: 0.6643271 Test Loss: 0.3433957
EarlyStopping counter: 5 out of 5
Early stopping
>>>>>>>testing : long_term_forecast_weather_96_720_fcv_patch3_b0.5_TQNet_custom_addlossfcv_numpairsmax_patchlen3_alpha0.5_beta0.5<<<<<<<<<<<<<<<<<<<<<<<<<<<<<<<<<
test 9820
mse:0.3429189920425415, mae:0.33907437324523926
================================================================================
Model Profiling Summary
Total Params             : 984,608
Inference Time (s)       : 0.006004
GPU Mem Footprint (MB)   : 38.46
Peak Mem (MB)            : 53.13
================================================================================
Deleted model checkpoint at: ./checkpoints/long_term_forecast_weather_96_720_fcv_patch3_b0.5_TQNet_custom_addlossfcv_numpairsmax_patchlen3_alpha0.5_beta0.5/checkpoint.pth
[OK] CvLoss | seq_len=96 | pred_len=720 | mse=0.343 | mae=0.339
======================================================
Running Weather | model=TQNet | seq_len=96 | pred_len=720 | patchlen=3 | beta=0.5
======================================================
Args in experiment:
Namespace(random_seed=2024, is_training=1, model_id='weather_96_720_None_patch3_b0.5', model='TQNet', data='custom', root_path='./dataset/', data_path='weather.csv', features='M', target='OT', freq='h', checkpoints='./checkpoints/', seq_len=96, label_len=0, pred_len=720, cycle=144, model_type='mlp', use_revin=1, fc_dropout=0.05, head_dropout=0.0, patch_len=16, stride=8, padding_patch='end', revin=0, affine=0, subtract_last=0, decomposition=0, kernel_size=25, individual=0, rnn_type='gru', dec_way='pmf', seg_len=48, channel_id=1, embed_type=0, enc_in=21, dec_in=7, c_out=7, d_model=512, n_heads=8, e_layers=2, d_layers=1, d_ff=2048, moving_avg=25, factor=1, distil=True, dropout=0.5, embed='timeF', activation='gelu', output_attention=False, do_predict=False, num_workers=10, itr=1, train_epochs=30, batch_size=64, patience=5, learning_rate=0.001, des='test', loss='mse', lradj='type3', pct_start=0.3, use_amp=False, use_gpu=True, gpu=0, use_multi_gpu=False, devices='0,1', test_flop=False, add_loss='None', num_pairs='max', loss_patchlen=16, alpha_add_loss=1.0, beta_add_loss=0.1)
Use GPU: cuda:0
>>>>>>>start training : long_term_forecast_weather_96_720_None_patch3_b0.5_TQNet_custom_addlossNone_numpairsmax_patchlen16_alpha1.0_beta0.1>>>>>>>>>>>>>>>>>>>>>>>>>>
train 36072
val 4551
test 9820
	iters: 100, epoch: 1 | loss: 0.8749847
	speed: 0.0457s/iter; left time: 767.7620s
	iters: 200, epoch: 1 | loss: 0.7447069
	speed: 0.0148s/iter; left time: 247.0052s
	iters: 300, epoch: 1 | loss: 0.7288728
	speed: 0.0141s/iter; left time: 234.0164s
	iters: 400, epoch: 1 | loss: 0.7613061
	speed: 0.0131s/iter; left time: 215.8416s
	iters: 500, epoch: 1 | loss: 0.7137645
	speed: 0.0142s/iter; left time: 233.5655s
Epoch: 1 cost time: 10.460995197296143
Epoch: 1, Steps: 563 | Train Loss: 0.7982259 Vali Loss: 0.7699164 Test Loss: 0.3689744
Validation loss decreased (inf --> 0.769916).  Saving model ...
Updating learning rate to 0.001
	iters: 100, epoch: 2 | loss: 0.6758493
	speed: 0.0968s/iter; left time: 1570.4380s
	iters: 200, epoch: 2 | loss: 0.7314029
	speed: 0.0132s/iter; left time: 213.5182s
	iters: 300, epoch: 2 | loss: 0.6450333
	speed: 0.0145s/iter; left time: 231.6609s
	iters: 400, epoch: 2 | loss: 0.7170772
	speed: 0.0150s/iter; left time: 239.5197s
	iters: 500, epoch: 2 | loss: 0.6023020
	speed: 0.0152s/iter; left time: 240.5492s
Epoch: 2 cost time: 10.196354627609253
Epoch: 2, Steps: 563 | Train Loss: 0.6974495 Vali Loss: 0.7015406 Test Loss: 0.3504810
Validation loss decreased (0.769916 --> 0.701541).  Saving model ...
Updating learning rate to 0.001
	iters: 100, epoch: 3 | loss: 0.7443725
	speed: 0.1484s/iter; left time: 2325.2045s
	iters: 200, epoch: 3 | loss: 0.8171707
	speed: 0.0128s/iter; left time: 199.7960s
	iters: 300, epoch: 3 | loss: 0.6823069
	speed: 0.0104s/iter; left time: 161.5801s
	iters: 400, epoch: 3 | loss: 0.6351607
	speed: 0.0147s/iter; left time: 225.4911s
	iters: 500, epoch: 3 | loss: 0.6991445
	speed: 0.0133s/iter; left time: 203.5279s
Epoch: 3 cost time: 8.809389114379883
Epoch: 3, Steps: 563 | Train Loss: 0.6719509 Vali Loss: 0.6984684 Test Loss: 0.3512382
Validation loss decreased (0.701541 --> 0.698468).  Saving model ...
Updating learning rate to 0.001
	iters: 100, epoch: 4 | loss: 0.7349891
	speed: 0.1046s/iter; left time: 1579.5145s
	iters: 200, epoch: 4 | loss: 0.5611479
	speed: 0.0136s/iter; left time: 203.9881s
	iters: 300, epoch: 4 | loss: 0.6499379
	speed: 0.0134s/iter; left time: 199.9474s
	iters: 400, epoch: 4 | loss: 0.7157579
	speed: 0.0107s/iter; left time: 157.9056s
	iters: 500, epoch: 4 | loss: 0.8179547
	speed: 0.0112s/iter; left time: 164.6853s
Epoch: 4 cost time: 7.92692494392395
Epoch: 4, Steps: 563 | Train Loss: 0.6657544 Vali Loss: 0.6880944 Test Loss: 0.3490736
Validation loss decreased (0.698468 --> 0.688094).  Saving model ...
Updating learning rate to 0.0008
	iters: 100, epoch: 5 | loss: 0.7394996
	speed: 0.1043s/iter; left time: 1516.7974s
	iters: 200, epoch: 5 | loss: 0.8312279
	speed: 0.0130s/iter; left time: 188.2238s
	iters: 300, epoch: 5 | loss: 0.6345367
	speed: 0.0138s/iter; left time: 198.0537s
	iters: 400, epoch: 5 | loss: 0.6265694
	speed: 0.0132s/iter; left time: 188.1603s
	iters: 500, epoch: 5 | loss: 0.6227924
	speed: 0.0146s/iter; left time: 206.6609s
Epoch: 5 cost time: 9.695164680480957
Epoch: 5, Steps: 563 | Train Loss: 0.6573938 Vali Loss: 0.6922690 Test Loss: 0.3516800
EarlyStopping counter: 1 out of 5
Updating learning rate to 0.0006400000000000002
	iters: 100, epoch: 6 | loss: 0.6551166
	speed: 0.1176s/iter; left time: 1643.3260s
	iters: 200, epoch: 6 | loss: 0.7390281
	speed: 0.0250s/iter; left time: 346.3187s
	iters: 300, epoch: 6 | loss: 0.6250296
	speed: 0.0236s/iter; left time: 324.8024s
	iters: 400, epoch: 6 | loss: 0.9244713
	speed: 0.0191s/iter; left time: 260.5324s
	iters: 500, epoch: 6 | loss: 0.5974509
	speed: 0.0130s/iter; left time: 176.3067s
Epoch: 6 cost time: 12.322449207305908
Epoch: 6, Steps: 563 | Train Loss: 0.6570543 Vali Loss: 0.6818420 Test Loss: 0.3469904
Validation loss decreased (0.688094 --> 0.681842).  Saving model ...
Updating learning rate to 0.0005120000000000001
	iters: 100, epoch: 7 | loss: 0.6770087
	speed: 0.1081s/iter; left time: 1450.1444s
	iters: 200, epoch: 7 | loss: 0.6139311
	speed: 0.0144s/iter; left time: 191.6831s
	iters: 300, epoch: 7 | loss: 0.6498392
	speed: 0.0136s/iter; left time: 179.1693s
	iters: 400, epoch: 7 | loss: 0.5943573
	speed: 0.0137s/iter; left time: 180.0163s
	iters: 500, epoch: 7 | loss: 0.4944501
	speed: 0.0133s/iter; left time: 173.1100s
Epoch: 7 cost time: 9.548511981964111
Epoch: 7, Steps: 563 | Train Loss: 0.6494466 Vali Loss: 0.6745717 Test Loss: 0.3447773
Validation loss decreased (0.681842 --> 0.674572).  Saving model ...
Updating learning rate to 0.0004096000000000001
	iters: 100, epoch: 8 | loss: 0.5677911
	speed: 0.1005s/iter; left time: 1291.6056s
	iters: 200, epoch: 8 | loss: 0.5468741
	speed: 0.0156s/iter; left time: 198.8888s
	iters: 300, epoch: 8 | loss: 0.7400392
	speed: 0.0110s/iter; left time: 138.6577s
	iters: 400, epoch: 8 | loss: 0.5261817
	speed: 0.0126s/iter; left time: 157.6798s
	iters: 500, epoch: 8 | loss: 0.7905815
	speed: 0.0153s/iter; left time: 190.6296s
Epoch: 8 cost time: 9.157794713973999
Epoch: 8, Steps: 563 | Train Loss: 0.6447913 Vali Loss: 0.6739206 Test Loss: 0.3459850
Validation loss decreased (0.674572 --> 0.673921).  Saving model ...
Updating learning rate to 0.0003276800000000001
	iters: 100, epoch: 9 | loss: 0.6286368
	speed: 0.0939s/iter; left time: 1153.3782s
	iters: 200, epoch: 9 | loss: 0.6624969
	speed: 0.0113s/iter; left time: 137.5084s
	iters: 300, epoch: 9 | loss: 0.7249285
	speed: 0.0157s/iter; left time: 190.1248s
	iters: 400, epoch: 9 | loss: 0.5837941
	speed: 0.0159s/iter; left time: 190.2642s
	iters: 500, epoch: 9 | loss: 0.6527221
	speed: 0.0106s/iter; left time: 125.8473s
Epoch: 9 cost time: 9.155491828918457
Epoch: 9, Steps: 563 | Train Loss: 0.6414418 Vali Loss: 0.6727045 Test Loss: 0.3448223
Validation loss decreased (0.673921 --> 0.672704).  Saving model ...
Updating learning rate to 0.0002621440000000001
	iters: 100, epoch: 10 | loss: 0.6491314
	speed: 0.1367s/iter; left time: 1602.8451s
	iters: 200, epoch: 10 | loss: 0.7967621
	speed: 0.0133s/iter; left time: 154.4879s
	iters: 300, epoch: 10 | loss: 0.6715453
	speed: 0.0133s/iter; left time: 153.6298s
	iters: 400, epoch: 10 | loss: 0.5466224
	speed: 0.0142s/iter; left time: 162.6309s
	iters: 500, epoch: 10 | loss: 0.5082523
	speed: 0.0142s/iter; left time: 160.3146s
Epoch: 10 cost time: 8.898211240768433
Epoch: 10, Steps: 563 | Train Loss: 0.6392500 Vali Loss: 0.6709638 Test Loss: 0.3447257
Validation loss decreased (0.672704 --> 0.670964).  Saving model ...
Updating learning rate to 0.0002097152000000001
	iters: 100, epoch: 11 | loss: 0.6277077
	speed: 0.1065s/iter; left time: 1189.0888s
	iters: 200, epoch: 11 | loss: 0.6308677
	speed: 0.0137s/iter; left time: 151.6409s
	iters: 300, epoch: 11 | loss: 0.5754226
	speed: 0.0131s/iter; left time: 143.4051s
	iters: 400, epoch: 11 | loss: 0.5663497
	speed: 0.0134s/iter; left time: 145.4504s
	iters: 500, epoch: 11 | loss: 0.7896849
	speed: 0.0131s/iter; left time: 140.7537s
Epoch: 11 cost time: 8.829609155654907
Epoch: 11, Steps: 563 | Train Loss: 0.6368009 Vali Loss: 0.6712031 Test Loss: 0.3446118
EarlyStopping counter: 1 out of 5
Updating learning rate to 0.0001677721600000001
	iters: 100, epoch: 12 | loss: 0.6668530
	speed: 0.1013s/iter; left time: 1073.4969s
	iters: 200, epoch: 12 | loss: 0.7131059
	speed: 0.0136s/iter; left time: 142.4440s
	iters: 300, epoch: 12 | loss: 0.5821308
	speed: 0.0145s/iter; left time: 150.7499s
	iters: 400, epoch: 12 | loss: 0.6431730
	speed: 0.0139s/iter; left time: 142.6927s
	iters: 500, epoch: 12 | loss: 0.6991098
	speed: 0.0145s/iter; left time: 147.7637s
Epoch: 12 cost time: 8.997986078262329
Epoch: 12, Steps: 563 | Train Loss: 0.6346953 Vali Loss: 0.6691099 Test Loss: 0.3445361
Validation loss decreased (0.670964 --> 0.669110).  Saving model ...
Updating learning rate to 0.00013421772800000008
	iters: 100, epoch: 13 | loss: 0.5956831
	speed: 0.1145s/iter; left time: 1149.1530s
	iters: 200, epoch: 13 | loss: 0.6108600
	speed: 0.0310s/iter; left time: 308.3625s
	iters: 300, epoch: 13 | loss: 0.5487446
	speed: 0.0166s/iter; left time: 163.1960s
	iters: 400, epoch: 13 | loss: 0.6040332
	speed: 0.0106s/iter; left time: 103.3147s
	iters: 500, epoch: 13 | loss: 0.7048923
	speed: 0.0113s/iter; left time: 108.4529s
Epoch: 13 cost time: 11.654280662536621
Epoch: 13, Steps: 563 | Train Loss: 0.6325940 Vali Loss: 0.6701910 Test Loss: 0.3442273
EarlyStopping counter: 1 out of 5
Updating learning rate to 0.00010737418240000006
	iters: 100, epoch: 14 | loss: 0.6426076
	speed: 0.0977s/iter; left time: 925.3918s
	iters: 200, epoch: 14 | loss: 0.6377802
	speed: 0.0108s/iter; left time: 100.8800s
	iters: 300, epoch: 14 | loss: 0.5065322
	speed: 0.0114s/iter; left time: 105.4627s
	iters: 400, epoch: 14 | loss: 0.6275564
	speed: 0.0128s/iter; left time: 117.1905s
	iters: 500, epoch: 14 | loss: 0.5994456
	speed: 0.0236s/iter; left time: 214.1716s
Epoch: 14 cost time: 9.10541558265686
Epoch: 14, Steps: 563 | Train Loss: 0.6319904 Vali Loss: 0.6685419 Test Loss: 0.3440956
Validation loss decreased (0.669110 --> 0.668542).  Saving model ...
Updating learning rate to 8.589934592000005e-05
	iters: 100, epoch: 15 | loss: 0.8504304
	speed: 0.1086s/iter; left time: 967.6575s
	iters: 200, epoch: 15 | loss: 0.5630922
	speed: 0.0133s/iter; left time: 117.4378s
	iters: 300, epoch: 15 | loss: 0.6222067
	speed: 0.0151s/iter; left time: 131.5825s
	iters: 400, epoch: 15 | loss: 0.4951332
	speed: 0.0144s/iter; left time: 123.8673s
	iters: 500, epoch: 15 | loss: 0.5127473
	speed: 0.0144s/iter; left time: 122.5586s
Epoch: 15 cost time: 9.400433540344238
Epoch: 15, Steps: 563 | Train Loss: 0.6306787 Vali Loss: 0.6679411 Test Loss: 0.3439006
Validation loss decreased (0.668542 --> 0.667941).  Saving model ...
Updating learning rate to 6.871947673600005e-05
	iters: 100, epoch: 16 | loss: 0.6106414
	speed: 0.1112s/iter; left time: 928.1776s
	iters: 200, epoch: 16 | loss: 0.5760524
	speed: 0.0143s/iter; left time: 117.8514s
	iters: 300, epoch: 16 | loss: 0.7021701
	speed: 0.0149s/iter; left time: 121.4177s
	iters: 400, epoch: 16 | loss: 0.6127081
	speed: 0.0285s/iter; left time: 229.5484s
	iters: 500, epoch: 16 | loss: 0.6888999
	speed: 0.0245s/iter; left time: 194.6825s
Epoch: 16 cost time: 12.9065523147583
Epoch: 16, Steps: 563 | Train Loss: 0.6296299 Vali Loss: 0.6672843 Test Loss: 0.3437391
Validation loss decreased (0.667941 --> 0.667284).  Saving model ...
Updating learning rate to 5.497558138880004e-05
	iters: 100, epoch: 17 | loss: 0.6907176
	speed: 0.1420s/iter; left time: 1105.0487s
	iters: 200, epoch: 17 | loss: 0.8038791
	speed: 0.0098s/iter; left time: 75.6143s
	iters: 300, epoch: 17 | loss: 0.6621376
	speed: 0.0134s/iter; left time: 101.8823s
	iters: 400, epoch: 17 | loss: 0.6054742
	speed: 0.0106s/iter; left time: 79.3870s
	iters: 500, epoch: 17 | loss: 0.5893037
	speed: 0.0158s/iter; left time: 116.5617s
Epoch: 17 cost time: 7.9456400871276855
Epoch: 17, Steps: 563 | Train Loss: 0.6287141 Vali Loss: 0.6680889 Test Loss: 0.3441553
EarlyStopping counter: 1 out of 5
Updating learning rate to 4.398046511104004e-05
	iters: 100, epoch: 18 | loss: 0.6023146
	speed: 0.0914s/iter; left time: 659.6598s
	iters: 200, epoch: 18 | loss: 0.6557066
	speed: 0.0171s/iter; left time: 121.5345s
	iters: 300, epoch: 18 | loss: 0.5489905
	speed: 0.0129s/iter; left time: 90.6553s
	iters: 400, epoch: 18 | loss: 0.7584118
	speed: 0.0131s/iter; left time: 90.5603s
	iters: 500, epoch: 18 | loss: 0.5411522
	speed: 0.0146s/iter; left time: 99.5665s
Epoch: 18 cost time: 9.769896745681763
Epoch: 18, Steps: 563 | Train Loss: 0.6282673 Vali Loss: 0.6673449 Test Loss: 0.3438558
EarlyStopping counter: 2 out of 5
Updating learning rate to 3.518437208883203e-05
	iters: 100, epoch: 19 | loss: 0.5932614
	speed: 0.1236s/iter; left time: 822.9906s
	iters: 200, epoch: 19 | loss: 0.6910567
	speed: 0.0196s/iter; left time: 128.3415s
	iters: 300, epoch: 19 | loss: 0.7184351
	speed: 0.0262s/iter; left time: 169.0648s
	iters: 400, epoch: 19 | loss: 0.5236691
	speed: 0.0288s/iter; left time: 182.7806s
	iters: 500, epoch: 19 | loss: 0.5834559
	speed: 0.0273s/iter; left time: 170.5401s
Epoch: 19 cost time: 14.291898012161255
Epoch: 19, Steps: 563 | Train Loss: 0.6278483 Vali Loss: 0.6679672 Test Loss: 0.3440106
EarlyStopping counter: 3 out of 5
Updating learning rate to 2.8147497671065623e-05
	iters: 100, epoch: 20 | loss: 0.5572733
	speed: 0.1185s/iter; left time: 722.1191s
	iters: 200, epoch: 20 | loss: 0.5547333
	speed: 0.0160s/iter; left time: 95.6467s
	iters: 300, epoch: 20 | loss: 0.7108463
	speed: 0.0152s/iter; left time: 89.7784s
	iters: 400, epoch: 20 | loss: 0.5944727
	speed: 0.0147s/iter; left time: 85.1279s
	iters: 500, epoch: 20 | loss: 0.5943477
	speed: 0.0151s/iter; left time: 85.9099s
Epoch: 20 cost time: 10.022895097732544
Epoch: 20, Steps: 563 | Train Loss: 0.6275975 Vali Loss: 0.6679853 Test Loss: 0.3439159
EarlyStopping counter: 4 out of 5
Updating learning rate to 2.2517998136852502e-05
	iters: 100, epoch: 21 | loss: 0.5716898
	speed: 0.1524s/iter; left time: 842.8577s
	iters: 200, epoch: 21 | loss: 0.5100226
	speed: 0.0223s/iter; left time: 121.0354s
	iters: 300, epoch: 21 | loss: 0.5392581
	speed: 0.0127s/iter; left time: 67.7980s
	iters: 400, epoch: 21 | loss: 0.5758362
	speed: 0.0135s/iter; left time: 70.7147s
	iters: 500, epoch: 21 | loss: 0.6193103
	speed: 0.0166s/iter; left time: 85.3585s
Epoch: 21 cost time: 11.812223434448242
Epoch: 21, Steps: 563 | Train Loss: 0.6272042 Vali Loss: 0.6681525 Test Loss: 0.3438374
EarlyStopping counter: 5 out of 5
Early stopping
>>>>>>>testing : long_term_forecast_weather_96_720_None_patch3_b0.5_TQNet_custom_addlossNone_numpairsmax_patchlen16_alpha1.0_beta0.1<<<<<<<<<<<<<<<<<<<<<<<<<<<<<<<<<
test 9820
mse:0.3428095877170563, mae:0.34179967641830444
================================================================================
Model Profiling Summary
Total Params             : 984,608
Inference Time (s)       : 0.003560
GPU Mem Footprint (MB)   : 39.11
Peak Mem (MB)            : 53.79
================================================================================
Deleted model checkpoint at: ./checkpoints/long_term_forecast_weather_96_720_None_patch3_b0.5_TQNet_custom_addlossNone_numpairsmax_patchlen16_alpha1.0_beta0.1/checkpoint.pth
[OK] TQNet | seq_len=96 | pred_len=720 | mse=0.343 | mae=0.342
======================================================
Running Weather | model=CvLoss | seq_len=192 | pred_len=96 | patchlen=3 | beta=1.0
======================================================
Args in experiment:
Namespace(random_seed=2024, is_training=1, model_id='weather_192_96_fcv_patch3_b1.0', model='TQNet', data='custom', root_path='./dataset/', data_path='weather.csv', features='M', target='OT', freq='h', checkpoints='./checkpoints/', seq_len=192, label_len=0, pred_len=96, cycle=144, model_type='mlp', use_revin=1, fc_dropout=0.05, head_dropout=0.0, patch_len=16, stride=8, padding_patch='end', revin=0, affine=0, subtract_last=0, decomposition=0, kernel_size=25, individual=0, rnn_type='gru', dec_way='pmf', seg_len=48, channel_id=1, embed_type=0, enc_in=21, dec_in=7, c_out=7, d_model=512, n_heads=8, e_layers=2, d_layers=1, d_ff=2048, moving_avg=25, factor=1, distil=True, dropout=0.5, embed='timeF', activation='gelu', output_attention=False, do_predict=False, num_workers=10, itr=1, train_epochs=30, batch_size=64, patience=5, learning_rate=0.001, des='test', loss='mse', lradj='type3', pct_start=0.3, use_amp=False, use_gpu=True, gpu=0, use_multi_gpu=False, devices='0,1', test_flop=False, add_loss='fcv', num_pairs='max', loss_patchlen=3, alpha_add_loss=0.0, beta_add_loss=1.0)
Use GPU: cuda:0
>>>>>>>start training : long_term_forecast_weather_192_96_fcv_patch3_b1.0_TQNet_custom_addlossfcv_numpairsmax_patchlen3_alpha0.0_beta1.0>>>>>>>>>>>>>>>>>>>>>>>>>>
train 36600
val 5175
test 10444
	iters: 100, epoch: 1 | loss: 0.6377990
	speed: 0.0443s/iter; left time: 753.6244s
	iters: 200, epoch: 1 | loss: 0.5765562
	speed: 0.0140s/iter; left time: 236.3378s
	iters: 300, epoch: 1 | loss: 0.5657449
	speed: 0.0141s/iter; left time: 236.5163s
	iters: 400, epoch: 1 | loss: 0.5584282
	speed: 0.0128s/iter; left time: 214.8434s
	iters: 500, epoch: 1 | loss: 0.5327002
	speed: 0.0219s/iter; left time: 363.4131s
Epoch: 1 cost time: 11.812452793121338
Epoch: 1, Steps: 571 | Train Loss: 0.5783747 Vali Loss: 0.4464808 Test Loss: 0.1767616
Validation loss decreased (inf --> 0.446481).  Saving model ...
Updating learning rate to 0.001
	iters: 100, epoch: 2 | loss: 0.5430228
	speed: 0.1139s/iter; left time: 1875.0559s
	iters: 200, epoch: 2 | loss: 0.4554587
	speed: 0.0129s/iter; left time: 211.2748s
	iters: 300, epoch: 2 | loss: 0.4691167
	speed: 0.0122s/iter; left time: 197.9401s
	iters: 400, epoch: 2 | loss: 0.4592672
	speed: 0.0129s/iter; left time: 209.1858s
	iters: 500, epoch: 2 | loss: 0.5140396
	speed: 0.0136s/iter; left time: 218.4987s
Epoch: 2 cost time: 8.659416675567627
Epoch: 2, Steps: 571 | Train Loss: 0.4763521 Vali Loss: 0.3841473 Test Loss: 0.1530303
Validation loss decreased (0.446481 --> 0.384147).  Saving model ...
Updating learning rate to 0.001
	iters: 100, epoch: 3 | loss: 0.4659740
	speed: 0.0852s/iter; left time: 1353.5141s
	iters: 200, epoch: 3 | loss: 0.3902107
	speed: 0.0146s/iter; left time: 231.2440s
	iters: 300, epoch: 3 | loss: 0.4393920
	speed: 0.0115s/iter; left time: 180.5565s
	iters: 400, epoch: 3 | loss: 0.4066195
	speed: 0.0118s/iter; left time: 183.9264s
	iters: 500, epoch: 3 | loss: 0.5107951
	speed: 0.0159s/iter; left time: 246.4022s
Epoch: 3 cost time: 8.362464427947998
Epoch: 3, Steps: 571 | Train Loss: 0.4526855 Vali Loss: 0.3847835 Test Loss: 0.1525830
EarlyStopping counter: 1 out of 5
Updating learning rate to 0.001
	iters: 100, epoch: 4 | loss: 0.3980570
	speed: 0.0889s/iter; left time: 1362.3576s
	iters: 200, epoch: 4 | loss: 0.4934386
	speed: 0.0259s/iter; left time: 394.6625s
	iters: 300, epoch: 4 | loss: 0.4261131
	speed: 0.0199s/iter; left time: 301.2706s
	iters: 400, epoch: 4 | loss: 0.4541738
	speed: 0.0122s/iter; left time: 182.9635s
	iters: 500, epoch: 4 | loss: 0.4486803
	speed: 0.0102s/iter; left time: 151.6039s
Epoch: 4 cost time: 11.259426355361938
Epoch: 4, Steps: 571 | Train Loss: 0.4448589 Vali Loss: 0.3878859 Test Loss: 0.1536959
EarlyStopping counter: 2 out of 5
Updating learning rate to 0.0008
	iters: 100, epoch: 5 | loss: 0.4265432
	speed: 0.0759s/iter; left time: 1119.9999s
	iters: 200, epoch: 5 | loss: 0.4179379
	speed: 0.0109s/iter; left time: 160.0481s
	iters: 300, epoch: 5 | loss: 0.4643902
	speed: 0.0265s/iter; left time: 385.3611s
	iters: 400, epoch: 5 | loss: 0.4643159
	speed: 0.0158s/iter; left time: 227.8853s
	iters: 500, epoch: 5 | loss: 0.4399676
	speed: 0.0149s/iter; left time: 213.2556s
Epoch: 5 cost time: 9.76233172416687
Epoch: 5, Steps: 571 | Train Loss: 0.4346598 Vali Loss: 0.3885729 Test Loss: 0.1524584
EarlyStopping counter: 3 out of 5
Updating learning rate to 0.0006400000000000002
	iters: 100, epoch: 6 | loss: 0.4425966
	speed: 0.1004s/iter; left time: 1422.8080s
	iters: 200, epoch: 6 | loss: 0.4054347
	speed: 0.0304s/iter; left time: 427.6511s
	iters: 300, epoch: 6 | loss: 0.4141915
	speed: 0.0281s/iter; left time: 392.7093s
	iters: 400, epoch: 6 | loss: 0.4345654
	speed: 0.0151s/iter; left time: 209.2490s
	iters: 500, epoch: 6 | loss: 0.4588697
	speed: 0.0148s/iter; left time: 203.5640s
Epoch: 6 cost time: 13.687193393707275
Epoch: 6, Steps: 571 | Train Loss: 0.4258498 Vali Loss: 0.3898181 Test Loss: 0.1514236
EarlyStopping counter: 4 out of 5
Updating learning rate to 0.0005120000000000001
	iters: 100, epoch: 7 | loss: 0.4019358
	speed: 0.0855s/iter; left time: 1162.7321s
	iters: 200, epoch: 7 | loss: 0.4169720
	speed: 0.0159s/iter; left time: 214.9377s
	iters: 300, epoch: 7 | loss: 0.4133302
	speed: 0.0142s/iter; left time: 190.8656s
	iters: 400, epoch: 7 | loss: 0.4190861
	speed: 0.0154s/iter; left time: 204.2419s
	iters: 500, epoch: 7 | loss: 0.4088191
	speed: 0.0152s/iter; left time: 200.1243s
Epoch: 7 cost time: 9.57331371307373
Epoch: 7, Steps: 571 | Train Loss: 0.4196453 Vali Loss: 0.3877675 Test Loss: 0.1517733
EarlyStopping counter: 5 out of 5
Early stopping
>>>>>>>testing : long_term_forecast_weather_192_96_fcv_patch3_b1.0_TQNet_custom_addlossfcv_numpairsmax_patchlen3_alpha0.0_beta1.0<<<<<<<<<<<<<<<<<<<<<<<<<<<<<<<<<
test 10444
mse:0.15362565219402313, mae:0.19390597939491272
================================================================================
Model Profiling Summary
Total Params             : 824,624
Inference Time (s)       : 0.002767
GPU Mem Footprint (MB)   : 25.62
Peak Mem (MB)            : 37.55
================================================================================
Deleted model checkpoint at: ./checkpoints/long_term_forecast_weather_192_96_fcv_patch3_b1.0_TQNet_custom_addlossfcv_numpairsmax_patchlen3_alpha0.0_beta1.0/checkpoint.pth
[OK] CvLoss | seq_len=192 | pred_len=96 | mse=0.154 | mae=0.194
======================================================
Running Weather | model=TQNet | seq_len=192 | pred_len=96 | patchlen=3 | beta=1.0
======================================================
Args in experiment:
Namespace(random_seed=2024, is_training=1, model_id='weather_192_96_None_patch3_b1.0', model='TQNet', data='custom', root_path='./dataset/', data_path='weather.csv', features='M', target='OT', freq='h', checkpoints='./checkpoints/', seq_len=192, label_len=0, pred_len=96, cycle=144, model_type='mlp', use_revin=1, fc_dropout=0.05, head_dropout=0.0, patch_len=16, stride=8, padding_patch='end', revin=0, affine=0, subtract_last=0, decomposition=0, kernel_size=25, individual=0, rnn_type='gru', dec_way='pmf', seg_len=48, channel_id=1, embed_type=0, enc_in=21, dec_in=7, c_out=7, d_model=512, n_heads=8, e_layers=2, d_layers=1, d_ff=2048, moving_avg=25, factor=1, distil=True, dropout=0.5, embed='timeF', activation='gelu', output_attention=False, do_predict=False, num_workers=10, itr=1, train_epochs=30, batch_size=64, patience=5, learning_rate=0.001, des='test', loss='mse', lradj='type3', pct_start=0.3, use_amp=False, use_gpu=True, gpu=0, use_multi_gpu=False, devices='0,1', test_flop=False, add_loss='None', num_pairs='max', loss_patchlen=16, alpha_add_loss=1.0, beta_add_loss=0.1)
Use GPU: cuda:0
>>>>>>>start training : long_term_forecast_weather_192_96_None_patch3_b1.0_TQNet_custom_addlossNone_numpairsmax_patchlen16_alpha1.0_beta0.1>>>>>>>>>>>>>>>>>>>>>>>>>>
train 36600
val 5175
test 10444
	iters: 100, epoch: 1 | loss: 0.7987962
	speed: 0.0467s/iter; left time: 794.7863s
	iters: 200, epoch: 1 | loss: 0.5011462
	speed: 0.0096s/iter; left time: 163.1548s
	iters: 300, epoch: 1 | loss: 0.4683749
	speed: 0.0102s/iter; left time: 171.2676s
	iters: 400, epoch: 1 | loss: 1.8580760
	speed: 0.0104s/iter; left time: 174.3943s
	iters: 500, epoch: 1 | loss: 0.4149610
	speed: 0.0162s/iter; left time: 269.5778s
Epoch: 1 cost time: 9.486735582351685
Epoch: 1, Steps: 571 | Train Loss: 0.5630067 Vali Loss: 0.4543376 Test Loss: 0.1854076
Validation loss decreased (inf --> 0.454338).  Saving model ...
Updating learning rate to 0.001
	iters: 100, epoch: 2 | loss: 0.6276019
	speed: 0.1124s/iter; left time: 1849.4819s
	iters: 200, epoch: 2 | loss: 0.3118968
	speed: 0.0256s/iter; left time: 419.6330s
	iters: 300, epoch: 2 | loss: 0.4218559
	speed: 0.0173s/iter; left time: 280.6226s
	iters: 400, epoch: 2 | loss: 0.3807465
	speed: 0.0130s/iter; left time: 210.4718s
	iters: 500, epoch: 2 | loss: 0.5139387
	speed: 0.0161s/iter; left time: 259.0805s
Epoch: 2 cost time: 10.202989101409912
Epoch: 2, Steps: 571 | Train Loss: 0.4596497 Vali Loss: 0.3941532 Test Loss: 0.1634029
Validation loss decreased (0.454338 --> 0.394153).  Saving model ...
Updating learning rate to 0.001
	iters: 100, epoch: 3 | loss: 0.3324044
	speed: 0.0804s/iter; left time: 1276.8390s
	iters: 200, epoch: 3 | loss: 0.2726968
	speed: 0.0123s/iter; left time: 194.0772s
	iters: 300, epoch: 3 | loss: 0.3861378
	speed: 0.0113s/iter; left time: 177.6294s
	iters: 400, epoch: 3 | loss: 0.7333066
	speed: 0.0115s/iter; left time: 179.9487s
	iters: 500, epoch: 3 | loss: 0.4204988
	speed: 0.0122s/iter; left time: 188.6214s
Epoch: 3 cost time: 7.807879447937012
Epoch: 3, Steps: 571 | Train Loss: 0.4348251 Vali Loss: 0.3998478 Test Loss: 0.1647715
EarlyStopping counter: 1 out of 5
Updating learning rate to 0.001
	iters: 100, epoch: 4 | loss: 0.2548541
	speed: 0.0782s/iter; left time: 1197.4537s
	iters: 200, epoch: 4 | loss: 0.4199227
	speed: 0.0260s/iter; left time: 395.4246s
	iters: 300, epoch: 4 | loss: 0.2778271
	speed: 0.0209s/iter; left time: 316.1618s
	iters: 400, epoch: 4 | loss: 0.7723316
	speed: 0.0300s/iter; left time: 450.9711s
	iters: 500, epoch: 4 | loss: 0.3540242
	speed: 0.0258s/iter; left time: 384.1503s
Epoch: 4 cost time: 14.535069942474365
Epoch: 4, Steps: 571 | Train Loss: 0.4350020 Vali Loss: 0.3848552 Test Loss: 0.1563933
Validation loss decreased (0.394153 --> 0.384855).  Saving model ...
Updating learning rate to 0.0008
	iters: 100, epoch: 5 | loss: 0.8146308
	speed: 0.0961s/iter; left time: 1416.5852s
	iters: 200, epoch: 5 | loss: 0.3160326
	speed: 0.0124s/iter; left time: 182.1797s
	iters: 300, epoch: 5 | loss: 0.4169089
	speed: 0.0129s/iter; left time: 187.1174s
	iters: 400, epoch: 5 | loss: 0.4092878
	speed: 0.0116s/iter; left time: 167.3699s
	iters: 500, epoch: 5 | loss: 0.3804961
	speed: 0.0105s/iter; left time: 151.1332s
Epoch: 5 cost time: 7.669619798660278
Epoch: 5, Steps: 571 | Train Loss: 0.4175681 Vali Loss: 0.3863121 Test Loss: 0.1586547
EarlyStopping counter: 1 out of 5
Updating learning rate to 0.0006400000000000002
	iters: 100, epoch: 6 | loss: 0.3480969
	speed: 0.0893s/iter; left time: 1266.1801s
	iters: 200, epoch: 6 | loss: 0.3108696
	speed: 0.0117s/iter; left time: 165.1774s
	iters: 300, epoch: 6 | loss: 0.7660034
	speed: 0.0181s/iter; left time: 253.1209s
	iters: 400, epoch: 6 | loss: 0.3934480
	speed: 0.0141s/iter; left time: 195.5169s
	iters: 500, epoch: 6 | loss: 0.8066090
	speed: 0.0161s/iter; left time: 221.6961s
Epoch: 6 cost time: 11.31280517578125
Epoch: 6, Steps: 571 | Train Loss: 0.4091011 Vali Loss: 0.3802366 Test Loss: 0.1539231
Validation loss decreased (0.384855 --> 0.380237).  Saving model ...
Updating learning rate to 0.0005120000000000001
	iters: 100, epoch: 7 | loss: 0.4823816
	speed: 0.1739s/iter; left time: 2365.8702s
	iters: 200, epoch: 7 | loss: 0.2999806
	speed: 0.0274s/iter; left time: 370.0585s
	iters: 300, epoch: 7 | loss: 0.4185088
	speed: 0.0150s/iter; left time: 200.8221s
	iters: 400, epoch: 7 | loss: 0.2859429
	speed: 0.0165s/iter; left time: 220.0895s
	iters: 500, epoch: 7 | loss: 0.2686270
	speed: 0.0160s/iter; left time: 210.7970s
Epoch: 7 cost time: 13.409844160079956
Epoch: 7, Steps: 571 | Train Loss: 0.4027486 Vali Loss: 0.3800491 Test Loss: 0.1541678
Validation loss decreased (0.380237 --> 0.380049).  Saving model ...
Updating learning rate to 0.0004096000000000001
	iters: 100, epoch: 8 | loss: 0.2688392
	speed: 0.0872s/iter; left time: 1136.3534s
	iters: 200, epoch: 8 | loss: 0.2864173
	speed: 0.0135s/iter; left time: 174.5829s
	iters: 300, epoch: 8 | loss: 0.6398868
	speed: 0.0133s/iter; left time: 170.5779s
	iters: 400, epoch: 8 | loss: 0.6700619
	speed: 0.0151s/iter; left time: 192.2930s
	iters: 500, epoch: 8 | loss: 0.2502314
	speed: 0.0122s/iter; left time: 154.5071s
Epoch: 8 cost time: 8.73782205581665
Epoch: 8, Steps: 571 | Train Loss: 0.3950854 Vali Loss: 0.3799784 Test Loss: 0.1549032
Validation loss decreased (0.380049 --> 0.379978).  Saving model ...
Updating learning rate to 0.0003276800000000001
	iters: 100, epoch: 9 | loss: 0.3230301
	speed: 0.0756s/iter; left time: 942.3386s
	iters: 200, epoch: 9 | loss: 0.2743445
	speed: 0.0108s/iter; left time: 133.4998s
	iters: 300, epoch: 9 | loss: 0.3281268
	speed: 0.0110s/iter; left time: 134.4849s
	iters: 400, epoch: 9 | loss: 0.3322025
	speed: 0.0103s/iter; left time: 124.8211s
	iters: 500, epoch: 9 | loss: 0.3359702
	speed: 0.0105s/iter; left time: 126.0596s
Epoch: 9 cost time: 7.076681613922119
Epoch: 9, Steps: 571 | Train Loss: 0.3898922 Vali Loss: 0.3778426 Test Loss: 0.1525736
Validation loss decreased (0.379978 --> 0.377843).  Saving model ...
Updating learning rate to 0.0002621440000000001
	iters: 100, epoch: 10 | loss: 0.3515895
	speed: 0.0751s/iter; left time: 893.4529s
	iters: 200, epoch: 10 | loss: 0.3052769
	speed: 0.0101s/iter; left time: 119.0461s
	iters: 300, epoch: 10 | loss: 0.2910266
	speed: 0.0103s/iter; left time: 120.6363s
	iters: 400, epoch: 10 | loss: 0.3729300
	speed: 0.0102s/iter; left time: 118.4337s
	iters: 500, epoch: 10 | loss: 0.7630599
	speed: 0.0105s/iter; left time: 120.6126s
Epoch: 10 cost time: 7.029991865158081
Epoch: 10, Steps: 571 | Train Loss: 0.3870376 Vali Loss: 0.3799396 Test Loss: 0.1518842
EarlyStopping counter: 1 out of 5
Updating learning rate to 0.0002097152000000001
	iters: 100, epoch: 11 | loss: 0.3089667
	speed: 0.0708s/iter; left time: 801.3862s
	iters: 200, epoch: 11 | loss: 0.2291881
	speed: 0.0114s/iter; left time: 128.2490s
	iters: 300, epoch: 11 | loss: 0.2667645
	speed: 0.0104s/iter; left time: 115.1900s
	iters: 400, epoch: 11 | loss: 0.3062643
	speed: 0.0076s/iter; left time: 83.4074s
	iters: 500, epoch: 11 | loss: 0.2915148
	speed: 0.0097s/iter; left time: 106.3448s
Epoch: 11 cost time: 6.977771520614624
Epoch: 11, Steps: 571 | Train Loss: 0.3812343 Vali Loss: 0.3768090 Test Loss: 0.1525891
Validation loss decreased (0.377843 --> 0.376809).  Saving model ...
Updating learning rate to 0.0001677721600000001
	iters: 100, epoch: 12 | loss: 0.3386011
	speed: 0.0848s/iter; left time: 911.2881s
	iters: 200, epoch: 12 | loss: 0.4246645
	speed: 0.0119s/iter; left time: 127.0467s
	iters: 300, epoch: 12 | loss: 0.2879620
	speed: 0.0108s/iter; left time: 114.3441s
	iters: 400, epoch: 12 | loss: 0.7886680
	speed: 0.0107s/iter; left time: 112.1005s
	iters: 500, epoch: 12 | loss: 0.2322896
	speed: 0.0226s/iter; left time: 233.8681s
Epoch: 12 cost time: 10.907155275344849
Epoch: 12, Steps: 571 | Train Loss: 0.3773838 Vali Loss: 0.3831333 Test Loss: 0.1533541
EarlyStopping counter: 1 out of 5
Updating learning rate to 0.00013421772800000008
	iters: 100, epoch: 13 | loss: 0.7665737
	speed: 0.1558s/iter; left time: 1586.3188s
	iters: 200, epoch: 13 | loss: 0.7284524
	speed: 0.0138s/iter; left time: 139.4860s
	iters: 300, epoch: 13 | loss: 0.2378008
	speed: 0.0150s/iter; left time: 149.7196s
	iters: 400, epoch: 13 | loss: 0.4663572
	speed: 0.0144s/iter; left time: 142.6433s
	iters: 500, epoch: 13 | loss: 0.3779898
	speed: 0.0144s/iter; left time: 140.4870s
Epoch: 13 cost time: 9.523528337478638
Epoch: 13, Steps: 571 | Train Loss: 0.3749651 Vali Loss: 0.3834633 Test Loss: 0.1527023
EarlyStopping counter: 2 out of 5
Updating learning rate to 0.00010737418240000006
	iters: 100, epoch: 14 | loss: 0.3925866
	speed: 0.1050s/iter; left time: 1008.9092s
	iters: 200, epoch: 14 | loss: 0.3601214
	speed: 0.0125s/iter; left time: 118.5330s
	iters: 300, epoch: 14 | loss: 0.2492996
	speed: 0.0135s/iter; left time: 126.7054s
	iters: 400, epoch: 14 | loss: 0.2674522
	speed: 0.0108s/iter; left time: 100.7159s
	iters: 500, epoch: 14 | loss: 0.2319001
	speed: 0.0106s/iter; left time: 97.8713s
Epoch: 14 cost time: 8.218267440795898
Epoch: 14, Steps: 571 | Train Loss: 0.3721492 Vali Loss: 0.3863473 Test Loss: 0.1541833
EarlyStopping counter: 3 out of 5
Updating learning rate to 8.589934592000005e-05
	iters: 100, epoch: 15 | loss: 0.2576049
	speed: 0.0774s/iter; left time: 699.6487s
	iters: 200, epoch: 15 | loss: 0.5267192
	speed: 0.0103s/iter; left time: 91.9043s
	iters: 300, epoch: 15 | loss: 0.2613939
	speed: 0.0106s/iter; left time: 93.7034s
	iters: 400, epoch: 15 | loss: 0.2812980
	speed: 0.0112s/iter; left time: 97.4441s
	iters: 500, epoch: 15 | loss: 0.7166614
	speed: 0.0114s/iter; left time: 98.1808s
Epoch: 15 cost time: 7.402665138244629
Epoch: 15, Steps: 571 | Train Loss: 0.3704235 Vali Loss: 0.3857782 Test Loss: 0.1537134
EarlyStopping counter: 4 out of 5
Updating learning rate to 6.871947673600005e-05
	iters: 100, epoch: 16 | loss: 0.2769304
	speed: 0.0757s/iter; left time: 640.4661s
	iters: 200, epoch: 16 | loss: 0.2678050
	speed: 0.0100s/iter; left time: 83.7396s
	iters: 300, epoch: 16 | loss: 0.3200721
	speed: 0.0100s/iter; left time: 82.8940s
	iters: 400, epoch: 16 | loss: 0.2419375
	speed: 0.0081s/iter; left time: 66.2025s
	iters: 500, epoch: 16 | loss: 0.3932801
	speed: 0.0078s/iter; left time: 63.2677s
Epoch: 16 cost time: 6.359213590621948
Epoch: 16, Steps: 571 | Train Loss: 0.3684777 Vali Loss: 0.3838707 Test Loss: 0.1532261
EarlyStopping counter: 5 out of 5
Early stopping
>>>>>>>testing : long_term_forecast_weather_192_96_None_patch3_b1.0_TQNet_custom_addlossNone_numpairsmax_patchlen16_alpha1.0_beta0.1<<<<<<<<<<<<<<<<<<<<<<<<<<<<<<<<<
test 10444
mse:0.1531417816877365, mae:0.19985222816467285
================================================================================
Model Profiling Summary
Total Params             : 824,624
Inference Time (s)       : 0.002359
GPU Mem Footprint (MB)   : 25.62
Peak Mem (MB)            : 37.55
================================================================================
Deleted model checkpoint at: ./checkpoints/long_term_forecast_weather_192_96_None_patch3_b1.0_TQNet_custom_addlossNone_numpairsmax_patchlen16_alpha1.0_beta0.1/checkpoint.pth
[OK] TQNet | seq_len=192 | pred_len=96 | mse=0.153 | mae=0.200
======================================================
Running Weather | model=CvLoss | seq_len=192 | pred_len=192 | patchlen=3 | beta=1.0
======================================================
Args in experiment:
Namespace(random_seed=2024, is_training=1, model_id='weather_192_192_fcv_patch3_b1.0', model='TQNet', data='custom', root_path='./dataset/', data_path='weather.csv', features='M', target='OT', freq='h', checkpoints='./checkpoints/', seq_len=192, label_len=0, pred_len=192, cycle=144, model_type='mlp', use_revin=1, fc_dropout=0.05, head_dropout=0.0, patch_len=16, stride=8, padding_patch='end', revin=0, affine=0, subtract_last=0, decomposition=0, kernel_size=25, individual=0, rnn_type='gru', dec_way='pmf', seg_len=48, channel_id=1, embed_type=0, enc_in=21, dec_in=7, c_out=7, d_model=512, n_heads=8, e_layers=2, d_layers=1, d_ff=2048, moving_avg=25, factor=1, distil=True, dropout=0.5, embed='timeF', activation='gelu', output_attention=False, do_predict=False, num_workers=10, itr=1, train_epochs=30, batch_size=64, patience=5, learning_rate=0.001, des='test', loss='mse', lradj='type3', pct_start=0.3, use_amp=False, use_gpu=True, gpu=0, use_multi_gpu=False, devices='0,1', test_flop=False, add_loss='fcv', num_pairs='max', loss_patchlen=3, alpha_add_loss=0.0, beta_add_loss=1.0)
Use GPU: cuda:0
>>>>>>>start training : long_term_forecast_weather_192_192_fcv_patch3_b1.0_TQNet_custom_addlossfcv_numpairsmax_patchlen3_alpha0.0_beta1.0>>>>>>>>>>>>>>>>>>>>>>>>>>
train 36504
val 5079
test 10348
	iters: 100, epoch: 1 | loss: 0.6715409
	speed: 0.0395s/iter; left time: 671.0711s
	iters: 200, epoch: 1 | loss: 0.5794424
	speed: 0.0106s/iter; left time: 179.9264s
	iters: 300, epoch: 1 | loss: 0.6281323
	speed: 0.0237s/iter; left time: 398.9269s
	iters: 400, epoch: 1 | loss: 0.6102376
	speed: 0.0125s/iter; left time: 209.1544s
	iters: 500, epoch: 1 | loss: 0.5753235
	speed: 0.0127s/iter; left time: 211.0917s
Epoch: 1 cost time: 10.283809900283813
Epoch: 1, Steps: 570 | Train Loss: 0.6360396 Vali Loss: 0.5139189 Test Loss: 0.2223915
Validation loss decreased (inf --> 0.513919).  Saving model ...
Updating learning rate to 0.001
	iters: 100, epoch: 2 | loss: 0.5094121
	speed: 0.0763s/iter; left time: 1253.5014s
	iters: 200, epoch: 2 | loss: 0.5234091
	speed: 0.0146s/iter; left time: 238.1477s
	iters: 300, epoch: 2 | loss: 0.5056454
	speed: 0.0128s/iter; left time: 208.4346s
	iters: 400, epoch: 2 | loss: 0.4970096
	speed: 0.0137s/iter; left time: 220.3283s
	iters: 500, epoch: 2 | loss: 0.5051665
	speed: 0.0128s/iter; left time: 205.1418s
Epoch: 2 cost time: 8.633894920349121
Epoch: 2, Steps: 570 | Train Loss: 0.5477322 Vali Loss: 0.4581832 Test Loss: 0.2010320
Validation loss decreased (0.513919 --> 0.458183).  Saving model ...
Updating learning rate to 0.001
	iters: 100, epoch: 3 | loss: 0.4933883
	speed: 0.0848s/iter; left time: 1345.6608s
	iters: 200, epoch: 3 | loss: 0.5236093
	speed: 0.0139s/iter; left time: 218.5873s
	iters: 300, epoch: 3 | loss: 0.5089497
	speed: 0.0141s/iter; left time: 221.2309s
	iters: 400, epoch: 3 | loss: 0.5333566
	speed: 0.0131s/iter; left time: 203.5023s
	iters: 500, epoch: 3 | loss: 0.5900475
	speed: 0.0133s/iter; left time: 206.0615s
Epoch: 3 cost time: 8.766459941864014
Epoch: 3, Steps: 570 | Train Loss: 0.5274190 Vali Loss: 0.4486139 Test Loss: 0.1960657
Validation loss decreased (0.458183 --> 0.448614).  Saving model ...
Updating learning rate to 0.001
	iters: 100, epoch: 4 | loss: 0.5130823
	speed: 0.1177s/iter; left time: 1799.4477s
	iters: 200, epoch: 4 | loss: 0.5262598
	speed: 0.0263s/iter; left time: 399.5558s
	iters: 300, epoch: 4 | loss: 0.5605766
	speed: 0.0140s/iter; left time: 211.2844s
	iters: 400, epoch: 4 | loss: 0.5315812
	speed: 0.0129s/iter; left time: 193.8566s
	iters: 500, epoch: 4 | loss: 0.5402792
	speed: 0.0135s/iter; left time: 201.0155s
Epoch: 4 cost time: 11.444689273834229
Epoch: 4, Steps: 570 | Train Loss: 0.5204799 Vali Loss: 0.4477582 Test Loss: 0.1978219
Validation loss decreased (0.448614 --> 0.447758).  Saving model ...
Updating learning rate to 0.0008
	iters: 100, epoch: 5 | loss: 0.5089963
	speed: 0.0859s/iter; left time: 1264.6156s
	iters: 200, epoch: 5 | loss: 0.4878090
	speed: 0.0135s/iter; left time: 197.0215s
	iters: 300, epoch: 5 | loss: 0.5104313
	speed: 0.0141s/iter; left time: 205.4236s
	iters: 400, epoch: 5 | loss: 0.4847747
	speed: 0.0137s/iter; left time: 197.9665s
	iters: 500, epoch: 5 | loss: 0.5039672
	speed: 0.0124s/iter; left time: 177.5742s
Epoch: 5 cost time: 8.430620193481445
Epoch: 5, Steps: 570 | Train Loss: 0.5115864 Vali Loss: 0.4542063 Test Loss: 0.1978274
EarlyStopping counter: 1 out of 5
Updating learning rate to 0.0006400000000000002
	iters: 100, epoch: 6 | loss: 0.5131595
	speed: 0.0763s/iter; left time: 1080.2440s
	iters: 200, epoch: 6 | loss: 0.5036076
	speed: 0.0096s/iter; left time: 134.5092s
	iters: 300, epoch: 6 | loss: 0.4938336
	speed: 0.0220s/iter; left time: 307.2078s
	iters: 400, epoch: 6 | loss: 0.5074504
	speed: 0.0094s/iter; left time: 130.5244s
	iters: 500, epoch: 6 | loss: 0.4438644
	speed: 0.0095s/iter; left time: 130.0786s
Epoch: 6 cost time: 7.78197979927063
Epoch: 6, Steps: 570 | Train Loss: 0.5036909 Vali Loss: 0.4511851 Test Loss: 0.1983280
EarlyStopping counter: 2 out of 5
Updating learning rate to 0.0005120000000000001
	iters: 100, epoch: 7 | loss: 0.5458187
	speed: 0.0884s/iter; left time: 1200.6070s
	iters: 200, epoch: 7 | loss: 0.4801453
	speed: 0.0125s/iter; left time: 168.9297s
	iters: 300, epoch: 7 | loss: 0.4957506
	speed: 0.0138s/iter; left time: 184.1226s
	iters: 400, epoch: 7 | loss: 0.4959817
	speed: 0.0142s/iter; left time: 188.6526s
	iters: 500, epoch: 7 | loss: 0.4694562
	speed: 0.0128s/iter; left time: 168.8865s
Epoch: 7 cost time: 8.61405873298645
Epoch: 7, Steps: 570 | Train Loss: 0.4958138 Vali Loss: 0.4528364 Test Loss: 0.1988512
EarlyStopping counter: 3 out of 5
Updating learning rate to 0.0004096000000000001
	iters: 100, epoch: 8 | loss: 0.5372280
	speed: 0.1055s/iter; left time: 1372.5593s
	iters: 200, epoch: 8 | loss: 0.5383280
	speed: 0.0235s/iter; left time: 302.9809s
	iters: 300, epoch: 8 | loss: 0.4923052
	speed: 0.0250s/iter; left time: 320.7080s
	iters: 400, epoch: 8 | loss: 0.4652275
	speed: 0.0196s/iter; left time: 249.7056s
	iters: 500, epoch: 8 | loss: 0.4594544
	speed: 0.0145s/iter; left time: 182.3194s
Epoch: 8 cost time: 12.820226669311523
Epoch: 8, Steps: 570 | Train Loss: 0.4896792 Vali Loss: 0.4537170 Test Loss: 0.2014070
EarlyStopping counter: 4 out of 5
Updating learning rate to 0.0003276800000000001
	iters: 100, epoch: 9 | loss: 0.4791672
	speed: 0.0853s/iter; left time: 1061.2100s
	iters: 200, epoch: 9 | loss: 0.4582080
	speed: 0.0142s/iter; left time: 175.4258s
	iters: 300, epoch: 9 | loss: 0.4801727
	speed: 0.0130s/iter; left time: 158.6523s
	iters: 400, epoch: 9 | loss: 0.5093145
	speed: 0.0132s/iter; left time: 159.8337s
	iters: 500, epoch: 9 | loss: 0.4870286
	speed: 0.0130s/iter; left time: 156.2856s
Epoch: 9 cost time: 8.56227707862854
Epoch: 9, Steps: 570 | Train Loss: 0.4831022 Vali Loss: 0.4556313 Test Loss: 0.2017272
EarlyStopping counter: 5 out of 5
Early stopping
>>>>>>>testing : long_term_forecast_weather_192_192_fcv_patch3_b1.0_TQNet_custom_addlossfcv_numpairsmax_patchlen3_alpha0.0_beta1.0<<<<<<<<<<<<<<<<<<<<<<<<<<<<<<<<<
test 10348
mse:0.1981123983860016, mae:0.23751483857631683
================================================================================
Model Profiling Summary
Total Params             : 873,872
Inference Time (s)       : 0.001921
GPU Mem Footprint (MB)   : 28.84
Peak Mem (MB)            : 40.78
================================================================================
Deleted model checkpoint at: ./checkpoints/long_term_forecast_weather_192_192_fcv_patch3_b1.0_TQNet_custom_addlossfcv_numpairsmax_patchlen3_alpha0.0_beta1.0/checkpoint.pth
[OK] CvLoss | seq_len=192 | pred_len=192 | mse=0.198 | mae=0.238
======================================================
Running Weather | model=TQNet | seq_len=192 | pred_len=192 | patchlen=3 | beta=1.0
======================================================
Args in experiment:
Namespace(random_seed=2024, is_training=1, model_id='weather_192_192_None_patch3_b1.0', model='TQNet', data='custom', root_path='./dataset/', data_path='weather.csv', features='M', target='OT', freq='h', checkpoints='./checkpoints/', seq_len=192, label_len=0, pred_len=192, cycle=144, model_type='mlp', use_revin=1, fc_dropout=0.05, head_dropout=0.0, patch_len=16, stride=8, padding_patch='end', revin=0, affine=0, subtract_last=0, decomposition=0, kernel_size=25, individual=0, rnn_type='gru', dec_way='pmf', seg_len=48, channel_id=1, embed_type=0, enc_in=21, dec_in=7, c_out=7, d_model=512, n_heads=8, e_layers=2, d_layers=1, d_ff=2048, moving_avg=25, factor=1, distil=True, dropout=0.5, embed='timeF', activation='gelu', output_attention=False, do_predict=False, num_workers=10, itr=1, train_epochs=30, batch_size=64, patience=5, learning_rate=0.001, des='test', loss='mse', lradj='type3', pct_start=0.3, use_amp=False, use_gpu=True, gpu=0, use_multi_gpu=False, devices='0,1', test_flop=False, add_loss='None', num_pairs='max', loss_patchlen=16, alpha_add_loss=1.0, beta_add_loss=0.1)
Use GPU: cuda:0
>>>>>>>start training : long_term_forecast_weather_192_192_None_patch3_b1.0_TQNet_custom_addlossNone_numpairsmax_patchlen16_alpha1.0_beta0.1>>>>>>>>>>>>>>>>>>>>>>>>>>
train 36504
val 5079
test 10348
	iters: 100, epoch: 1 | loss: 1.0097489
	speed: 0.0393s/iter; left time: 668.1622s
	iters: 200, epoch: 1 | loss: 0.4409822
	speed: 0.0091s/iter; left time: 153.9954s
	iters: 300, epoch: 1 | loss: 0.5339942
	speed: 0.0085s/iter; left time: 143.3245s
	iters: 400, epoch: 1 | loss: 0.5380039
	speed: 0.0090s/iter; left time: 150.9857s
	iters: 500, epoch: 1 | loss: 0.4668046
	speed: 0.0083s/iter; left time: 137.7308s
Epoch: 1 cost time: 7.9496424198150635
Epoch: 1, Steps: 570 | Train Loss: 0.6174994 Vali Loss: 0.5228677 Test Loss: 0.2296928
Validation loss decreased (inf --> 0.522868).  Saving model ...
Updating learning rate to 0.001
	iters: 100, epoch: 2 | loss: 0.3913479
	speed: 0.0839s/iter; left time: 1378.3958s
	iters: 200, epoch: 2 | loss: 0.3902073
	speed: 0.0274s/iter; left time: 447.9165s
	iters: 300, epoch: 2 | loss: 0.4180365
	speed: 0.0267s/iter; left time: 432.9533s
	iters: 400, epoch: 2 | loss: 0.6036706
	speed: 0.0277s/iter; left time: 446.3005s
	iters: 500, epoch: 2 | loss: 0.3608046
	speed: 0.0227s/iter; left time: 363.1252s
Epoch: 2 cost time: 14.790136098861694
Epoch: 2, Steps: 570 | Train Loss: 0.5211021 Vali Loss: 0.4732456 Test Loss: 0.2165036
Validation loss decreased (0.522868 --> 0.473246).  Saving model ...
Updating learning rate to 0.001
	iters: 100, epoch: 3 | loss: 0.3838853
	speed: 0.0784s/iter; left time: 1242.9246s
	iters: 200, epoch: 3 | loss: 0.4373991
	speed: 0.0114s/iter; left time: 179.1859s
	iters: 300, epoch: 3 | loss: 0.4235682
	speed: 0.0114s/iter; left time: 178.7806s
	iters: 400, epoch: 3 | loss: 0.8047007
	speed: 0.0109s/iter; left time: 170.3896s
	iters: 500, epoch: 3 | loss: 0.8006099
	speed: 0.0105s/iter; left time: 161.9391s
Epoch: 3 cost time: 7.325312614440918
Epoch: 3, Steps: 570 | Train Loss: 0.4984621 Vali Loss: 0.4574044 Test Loss: 0.2058002
Validation loss decreased (0.473246 --> 0.457404).  Saving model ...
Updating learning rate to 0.001
	iters: 100, epoch: 4 | loss: 0.6850268
	speed: 0.0820s/iter; left time: 1253.1040s
	iters: 200, epoch: 4 | loss: 0.6323028
	speed: 0.0107s/iter; left time: 161.8444s
	iters: 300, epoch: 4 | loss: 0.7479336
	speed: 0.0119s/iter; left time: 178.8702s
	iters: 400, epoch: 4 | loss: 0.4285333
	speed: 0.0122s/iter; left time: 182.1696s
	iters: 500, epoch: 4 | loss: 0.6829647
	speed: 0.0108s/iter; left time: 160.2136s
Epoch: 4 cost time: 7.6252570152282715
Epoch: 4, Steps: 570 | Train Loss: 0.4912482 Vali Loss: 0.4514497 Test Loss: 0.2031132
Validation loss decreased (0.457404 --> 0.451450).  Saving model ...
Updating learning rate to 0.0008
	iters: 100, epoch: 5 | loss: 0.3557310
	speed: 0.0780s/iter; left time: 1148.5308s
	iters: 200, epoch: 5 | loss: 0.5771946
	speed: 0.0121s/iter; left time: 176.8750s
	iters: 300, epoch: 5 | loss: 0.4013457
	speed: 0.0114s/iter; left time: 166.1405s
	iters: 400, epoch: 5 | loss: 0.3319207
	speed: 0.0115s/iter; left time: 166.0870s
	iters: 500, epoch: 5 | loss: 0.3640914
	speed: 0.0118s/iter; left time: 168.3479s
Epoch: 5 cost time: 7.633766412734985
Epoch: 5, Steps: 570 | Train Loss: 0.4788474 Vali Loss: 0.4540099 Test Loss: 0.2066323
EarlyStopping counter: 1 out of 5
Updating learning rate to 0.0006400000000000002
	iters: 100, epoch: 6 | loss: 0.4789472
	speed: 0.0695s/iter; left time: 983.4505s
	iters: 200, epoch: 6 | loss: 0.3941765
	speed: 0.0139s/iter; left time: 194.6144s
	iters: 300, epoch: 6 | loss: 0.6103333
	speed: 0.0089s/iter; left time: 124.7424s
	iters: 400, epoch: 6 | loss: 0.3622103
	speed: 0.0095s/iter; left time: 131.0295s
	iters: 500, epoch: 6 | loss: 0.3435309
	speed: 0.0144s/iter; left time: 198.0769s
Epoch: 6 cost time: 7.337719917297363
Epoch: 6, Steps: 570 | Train Loss: 0.4762645 Vali Loss: 0.4499537 Test Loss: 0.2012724
Validation loss decreased (0.451450 --> 0.449954).  Saving model ...
Updating learning rate to 0.0005120000000000001
	iters: 100, epoch: 7 | loss: 0.5089224
	speed: 0.1054s/iter; left time: 1432.0687s
	iters: 200, epoch: 7 | loss: 0.3301162
	speed: 0.0093s/iter; left time: 125.3866s
	iters: 300, epoch: 7 | loss: 0.3435234
	speed: 0.0107s/iter; left time: 143.3781s
	iters: 400, epoch: 7 | loss: 0.3617547
	speed: 0.0180s/iter; left time: 238.6923s
	iters: 500, epoch: 7 | loss: 0.3561974
	speed: 0.0080s/iter; left time: 105.7586s
Epoch: 7 cost time: 7.632140398025513
Epoch: 7, Steps: 570 | Train Loss: 0.4636297 Vali Loss: 0.4439646 Test Loss: 0.1984417
Validation loss decreased (0.449954 --> 0.443965).  Saving model ...
Updating learning rate to 0.0004096000000000001
	iters: 100, epoch: 8 | loss: 0.4483314
	speed: 0.0776s/iter; left time: 1009.8069s
	iters: 200, epoch: 8 | loss: 0.4578531
	speed: 0.0113s/iter; left time: 145.8162s
	iters: 300, epoch: 8 | loss: 0.3524593
	speed: 0.0112s/iter; left time: 143.4050s
	iters: 400, epoch: 8 | loss: 0.3444910
	speed: 0.0113s/iter; left time: 143.1707s
	iters: 500, epoch: 8 | loss: 0.3250161
	speed: 0.0105s/iter; left time: 132.1047s
Epoch: 8 cost time: 7.646869897842407
Epoch: 8, Steps: 570 | Train Loss: 0.4568572 Vali Loss: 0.4435757 Test Loss: 0.1999219
Validation loss decreased (0.443965 --> 0.443576).  Saving model ...
Updating learning rate to 0.0003276800000000001
	iters: 100, epoch: 9 | loss: 0.5924294
	speed: 0.0825s/iter; left time: 1026.2301s
	iters: 200, epoch: 9 | loss: 0.3119160
	speed: 0.0114s/iter; left time: 140.7301s
	iters: 300, epoch: 9 | loss: 0.7912443
	speed: 0.0113s/iter; left time: 138.4483s
	iters: 400, epoch: 9 | loss: 0.4636849
	speed: 0.0124s/iter; left time: 150.2469s
	iters: 500, epoch: 9 | loss: 0.6706759
	speed: 0.0115s/iter; left time: 138.6823s
Epoch: 9 cost time: 7.7832746505737305
Epoch: 9, Steps: 570 | Train Loss: 0.4510226 Vali Loss: 0.4480774 Test Loss: 0.1995934
EarlyStopping counter: 1 out of 5
Updating learning rate to 0.0002621440000000001
	iters: 100, epoch: 10 | loss: 0.3028836
	speed: 0.0757s/iter; left time: 899.0826s
	iters: 200, epoch: 10 | loss: 0.3347352
	speed: 0.0110s/iter; left time: 129.7350s
	iters: 300, epoch: 10 | loss: 0.6138148
	speed: 0.0113s/iter; left time: 131.8769s
	iters: 400, epoch: 10 | loss: 1.1338930
	speed: 0.0104s/iter; left time: 120.7169s
	iters: 500, epoch: 10 | loss: 0.5854455
	speed: 0.0103s/iter; left time: 118.0209s
Epoch: 10 cost time: 7.24996542930603
Epoch: 10, Steps: 570 | Train Loss: 0.4459057 Vali Loss: 0.4488581 Test Loss: 0.1988226
EarlyStopping counter: 2 out of 5
Updating learning rate to 0.0002097152000000001
	iters: 100, epoch: 11 | loss: 0.6093530
	speed: 0.0805s/iter; left time: 909.7336s
	iters: 200, epoch: 11 | loss: 0.5123439
	speed: 0.0108s/iter; left time: 120.6778s
	iters: 300, epoch: 11 | loss: 0.2818227
	speed: 0.0135s/iter; left time: 149.4023s
	iters: 400, epoch: 11 | loss: 0.3252874
	speed: 0.0240s/iter; left time: 263.6271s
	iters: 500, epoch: 11 | loss: 0.3839520
	speed: 0.0202s/iter; left time: 219.9457s
Epoch: 11 cost time: 10.839051723480225
Epoch: 11, Steps: 570 | Train Loss: 0.4417522 Vali Loss: 0.4498306 Test Loss: 0.1998683
EarlyStopping counter: 3 out of 5
Updating learning rate to 0.0001677721600000001
	iters: 100, epoch: 12 | loss: 0.4147134
	speed: 0.0949s/iter; left time: 1018.0886s
	iters: 200, epoch: 12 | loss: 0.3357781
	speed: 0.0092s/iter; left time: 97.9491s
	iters: 300, epoch: 12 | loss: 0.3575947
	speed: 0.0135s/iter; left time: 142.4125s
	iters: 400, epoch: 12 | loss: 0.3379957
	speed: 0.0100s/iter; left time: 104.6730s
	iters: 500, epoch: 12 | loss: 0.3914750
	speed: 0.0131s/iter; left time: 135.1302s
Epoch: 12 cost time: 7.580774784088135
Epoch: 12, Steps: 570 | Train Loss: 0.4375931 Vali Loss: 0.4490844 Test Loss: 0.1996456
EarlyStopping counter: 4 out of 5
Updating learning rate to 0.00013421772800000008
	iters: 100, epoch: 13 | loss: 0.3375071
	speed: 0.0702s/iter; left time: 713.1244s
	iters: 200, epoch: 13 | loss: 0.8296575
	speed: 0.0086s/iter; left time: 86.1658s
	iters: 300, epoch: 13 | loss: 0.7638452
	speed: 0.0092s/iter; left time: 91.6053s
	iters: 400, epoch: 13 | loss: 0.5722480
	speed: 0.0084s/iter; left time: 82.8742s
	iters: 500, epoch: 13 | loss: 0.5205925
	speed: 0.0172s/iter; left time: 167.4981s
Epoch: 13 cost time: 7.187406539916992
Epoch: 13, Steps: 570 | Train Loss: 0.4343585 Vali Loss: 0.4496957 Test Loss: 0.1996465
EarlyStopping counter: 5 out of 5
Early stopping
>>>>>>>testing : long_term_forecast_weather_192_192_None_patch3_b1.0_TQNet_custom_addlossNone_numpairsmax_patchlen16_alpha1.0_beta0.1<<<<<<<<<<<<<<<<<<<<<<<<<<<<<<<<<
test 10348
mse:0.2001795917749405, mae:0.24410197138786316
================================================================================
Model Profiling Summary
Total Params             : 873,872
Inference Time (s)       : 0.002316
GPU Mem Footprint (MB)   : 28.84
Peak Mem (MB)            : 40.78
================================================================================
Deleted model checkpoint at: ./checkpoints/long_term_forecast_weather_192_192_None_patch3_b1.0_TQNet_custom_addlossNone_numpairsmax_patchlen16_alpha1.0_beta0.1/checkpoint.pth
[OK] TQNet | seq_len=192 | pred_len=192 | mse=0.200 | mae=0.244
======================================================
Running Weather | model=CvLoss | seq_len=192 | pred_len=336 | patchlen=3 | beta=0.5
======================================================
Args in experiment:
Namespace(random_seed=2024, is_training=1, model_id='weather_192_336_fcv_patch3_b0.5', model='TQNet', data='custom', root_path='./dataset/', data_path='weather.csv', features='M', target='OT', freq='h', checkpoints='./checkpoints/', seq_len=192, label_len=0, pred_len=336, cycle=144, model_type='mlp', use_revin=1, fc_dropout=0.05, head_dropout=0.0, patch_len=16, stride=8, padding_patch='end', revin=0, affine=0, subtract_last=0, decomposition=0, kernel_size=25, individual=0, rnn_type='gru', dec_way='pmf', seg_len=48, channel_id=1, embed_type=0, enc_in=21, dec_in=7, c_out=7, d_model=512, n_heads=8, e_layers=2, d_layers=1, d_ff=2048, moving_avg=25, factor=1, distil=True, dropout=0.5, embed='timeF', activation='gelu', output_attention=False, do_predict=False, num_workers=10, itr=1, train_epochs=30, batch_size=64, patience=5, learning_rate=0.001, des='test', loss='mse', lradj='type3', pct_start=0.3, use_amp=False, use_gpu=True, gpu=0, use_multi_gpu=False, devices='0,1', test_flop=False, add_loss='fcv', num_pairs='max', loss_patchlen=3, alpha_add_loss=0.5, beta_add_loss=0.5)
Use GPU: cuda:0
>>>>>>>start training : long_term_forecast_weather_192_336_fcv_patch3_b0.5_TQNet_custom_addlossfcv_numpairsmax_patchlen3_alpha0.5_beta0.5>>>>>>>>>>>>>>>>>>>>>>>>>>
train 36360
val 4935
test 10204
	iters: 100, epoch: 1 | loss: 0.6757202
	speed: 0.0488s/iter; left time: 826.8030s
	iters: 200, epoch: 1 | loss: 0.6605499
	speed: 0.0153s/iter; left time: 258.4715s
	iters: 300, epoch: 1 | loss: 0.7056087
	speed: 0.0145s/iter; left time: 243.4072s
	iters: 400, epoch: 1 | loss: 0.6370302
	speed: 0.0141s/iter; left time: 235.4461s
	iters: 500, epoch: 1 | loss: 0.8083158
	speed: 0.0272s/iter; left time: 450.5465s
Epoch: 1 cost time: 12.897829532623291
Epoch: 1, Steps: 568 | Train Loss: 0.6870943 Vali Loss: 0.6040907 Test Loss: 0.2777158
Validation loss decreased (inf --> 0.604091).  Saving model ...
Updating learning rate to 0.001
	iters: 100, epoch: 2 | loss: 0.5838144
	speed: 0.1124s/iter; left time: 1840.4405s
	iters: 200, epoch: 2 | loss: 0.5304557
	speed: 0.0143s/iter; left time: 233.0677s
	iters: 300, epoch: 2 | loss: 0.6273331
	speed: 0.0144s/iter; left time: 232.1730s
	iters: 400, epoch: 2 | loss: 0.5115179
	speed: 0.0152s/iter; left time: 244.3586s
	iters: 500, epoch: 2 | loss: 0.7340491
	speed: 0.0146s/iter; left time: 233.5923s
Epoch: 2 cost time: 9.638843536376953
Epoch: 2, Steps: 568 | Train Loss: 0.5976730 Vali Loss: 0.5370420 Test Loss: 0.2582295
Validation loss decreased (0.604091 --> 0.537042).  Saving model ...
Updating learning rate to 0.001
	iters: 100, epoch: 3 | loss: 0.5741171
	speed: 0.0979s/iter; left time: 1547.3338s
	iters: 200, epoch: 3 | loss: 0.6119605
	speed: 0.0136s/iter; left time: 213.0149s
	iters: 300, epoch: 3 | loss: 0.6050180
	speed: 0.0148s/iter; left time: 230.4289s
	iters: 400, epoch: 3 | loss: 0.4672175
	speed: 0.0157s/iter; left time: 243.2165s
	iters: 500, epoch: 3 | loss: 0.6569963
	speed: 0.0111s/iter; left time: 170.6461s
Epoch: 3 cost time: 8.571120262145996
Epoch: 3, Steps: 568 | Train Loss: 0.5762180 Vali Loss: 0.5364536 Test Loss: 0.2601859
Validation loss decreased (0.537042 --> 0.536454).  Saving model ...
Updating learning rate to 0.001
	iters: 100, epoch: 4 | loss: 0.6402305
	speed: 0.0877s/iter; left time: 1336.0440s
	iters: 200, epoch: 4 | loss: 0.5346450
	speed: 0.0142s/iter; left time: 215.4509s
	iters: 300, epoch: 4 | loss: 0.6545374
	speed: 0.0108s/iter; left time: 162.9950s
	iters: 400, epoch: 4 | loss: 0.5492312
	speed: 0.0109s/iter; left time: 162.8315s
	iters: 500, epoch: 4 | loss: 0.4825813
	speed: 0.0123s/iter; left time: 182.4392s
Epoch: 4 cost time: 8.701481580734253
Epoch: 4, Steps: 568 | Train Loss: 0.5703419 Vali Loss: 0.5312387 Test Loss: 0.2547315
Validation loss decreased (0.536454 --> 0.531239).  Saving model ...
Updating learning rate to 0.0008
	iters: 100, epoch: 5 | loss: 0.6295249
	speed: 0.1001s/iter; left time: 1468.9463s
	iters: 200, epoch: 5 | loss: 0.6344997
	speed: 0.0139s/iter; left time: 202.6990s
	iters: 300, epoch: 5 | loss: 0.6337639
	speed: 0.0147s/iter; left time: 212.2037s
	iters: 400, epoch: 5 | loss: 0.5142566
	speed: 0.0248s/iter; left time: 356.9668s
	iters: 500, epoch: 5 | loss: 0.7133557
	speed: 0.0257s/iter; left time: 366.4041s
Epoch: 5 cost time: 13.020099401473999
Epoch: 5, Steps: 568 | Train Loss: 0.5603410 Vali Loss: 0.5298367 Test Loss: 0.2562703
Validation loss decreased (0.531239 --> 0.529837).  Saving model ...
Updating learning rate to 0.0006400000000000002
	iters: 100, epoch: 6 | loss: 0.7315391
	speed: 0.1121s/iter; left time: 1580.4864s
	iters: 200, epoch: 6 | loss: 0.7010486
	speed: 0.0136s/iter; left time: 190.2800s
	iters: 300, epoch: 6 | loss: 0.5075924
	speed: 0.0148s/iter; left time: 206.1296s
	iters: 400, epoch: 6 | loss: 0.5366867
	speed: 0.0142s/iter; left time: 195.8130s
	iters: 500, epoch: 6 | loss: 0.5094407
	speed: 0.0144s/iter; left time: 196.8112s
Epoch: 6 cost time: 9.331323862075806
Epoch: 6, Steps: 568 | Train Loss: 0.5518594 Vali Loss: 0.5285487 Test Loss: 0.2540285
Validation loss decreased (0.529837 --> 0.528549).  Saving model ...
Updating learning rate to 0.0005120000000000001
	iters: 100, epoch: 7 | loss: 0.5638664
	speed: 0.0968s/iter; left time: 1309.4907s
	iters: 200, epoch: 7 | loss: 0.4876943
	speed: 0.0132s/iter; left time: 177.4798s
	iters: 300, epoch: 7 | loss: 0.4834884
	speed: 0.0133s/iter; left time: 176.8172s
	iters: 400, epoch: 7 | loss: 0.5424051
	speed: 0.0134s/iter; left time: 176.6679s
	iters: 500, epoch: 7 | loss: 0.5332420
	speed: 0.0137s/iter; left time: 179.4828s
Epoch: 7 cost time: 8.928516149520874
Epoch: 7, Steps: 568 | Train Loss: 0.5431580 Vali Loss: 0.5278600 Test Loss: 0.2533877
Validation loss decreased (0.528549 --> 0.527860).  Saving model ...
Updating learning rate to 0.0004096000000000001
	iters: 100, epoch: 8 | loss: 0.5670882
	speed: 0.0954s/iter; left time: 1236.3879s
	iters: 200, epoch: 8 | loss: 0.5057284
	speed: 0.0106s/iter; left time: 135.7574s
	iters: 300, epoch: 8 | loss: 0.4892022
	speed: 0.0166s/iter; left time: 211.8607s
	iters: 400, epoch: 8 | loss: 0.5648471
	speed: 0.0126s/iter; left time: 160.2023s
	iters: 500, epoch: 8 | loss: 0.4819722
	speed: 0.0158s/iter; left time: 198.3949s
Epoch: 8 cost time: 8.543551921844482
Epoch: 8, Steps: 568 | Train Loss: 0.5360923 Vali Loss: 0.5305778 Test Loss: 0.2544658
EarlyStopping counter: 1 out of 5
Updating learning rate to 0.0003276800000000001
	iters: 100, epoch: 9 | loss: 0.5513322
	speed: 0.0897s/iter; left time: 1111.8731s
	iters: 200, epoch: 9 | loss: 0.5424217
	speed: 0.0209s/iter; left time: 257.3656s
	iters: 300, epoch: 9 | loss: 0.5323010
	speed: 0.0288s/iter; left time: 351.3707s
	iters: 400, epoch: 9 | loss: 0.5583942
	speed: 0.0356s/iter; left time: 431.0501s
	iters: 500, epoch: 9 | loss: 0.5066155
	speed: 0.0124s/iter; left time: 148.8132s
Epoch: 9 cost time: 12.837161540985107
Epoch: 9, Steps: 568 | Train Loss: 0.5294326 Vali Loss: 0.5334443 Test Loss: 0.2544296
EarlyStopping counter: 2 out of 5
Updating learning rate to 0.0002621440000000001
	iters: 100, epoch: 10 | loss: 0.5130188
	speed: 0.0908s/iter; left time: 1073.8563s
	iters: 200, epoch: 10 | loss: 0.4963854
	speed: 0.0111s/iter; left time: 130.6869s
	iters: 300, epoch: 10 | loss: 0.5394251
	speed: 0.0123s/iter; left time: 142.7233s
	iters: 400, epoch: 10 | loss: 0.4653983
	speed: 0.0133s/iter; left time: 153.3619s
	iters: 500, epoch: 10 | loss: 0.5342249
	speed: 0.0116s/iter; left time: 132.0690s
Epoch: 10 cost time: 7.863887786865234
Epoch: 10, Steps: 568 | Train Loss: 0.5238939 Vali Loss: 0.5320566 Test Loss: 0.2541583
EarlyStopping counter: 3 out of 5
Updating learning rate to 0.0002097152000000001
	iters: 100, epoch: 11 | loss: 0.4685840
	speed: 0.0871s/iter; left time: 980.5058s
	iters: 200, epoch: 11 | loss: 0.4886660
	speed: 0.0121s/iter; left time: 134.7248s
	iters: 300, epoch: 11 | loss: 0.5386631
	speed: 0.0155s/iter; left time: 171.8071s
	iters: 400, epoch: 11 | loss: 0.4745209
	speed: 0.0136s/iter; left time: 149.1830s
	iters: 500, epoch: 11 | loss: 0.4496745
	speed: 0.0142s/iter; left time: 154.4577s
Epoch: 11 cost time: 8.981160879135132
Epoch: 11, Steps: 568 | Train Loss: 0.5195880 Vali Loss: 0.5375422 Test Loss: 0.2562377
EarlyStopping counter: 4 out of 5
Updating learning rate to 0.0001677721600000001
	iters: 100, epoch: 12 | loss: 0.5701663
	speed: 0.1009s/iter; left time: 1079.3289s
	iters: 200, epoch: 12 | loss: 0.4668182
	speed: 0.0142s/iter; left time: 150.8146s
	iters: 300, epoch: 12 | loss: 0.4827766
	speed: 0.0132s/iter; left time: 138.1792s
	iters: 400, epoch: 12 | loss: 0.5097271
	speed: 0.0131s/iter; left time: 136.3035s
	iters: 500, epoch: 12 | loss: 0.4905149
	speed: 0.0138s/iter; left time: 141.7459s
Epoch: 12 cost time: 9.05377984046936
Epoch: 12, Steps: 568 | Train Loss: 0.5160855 Vali Loss: 0.5350085 Test Loss: 0.2557303
EarlyStopping counter: 5 out of 5
Early stopping
>>>>>>>testing : long_term_forecast_weather_192_336_fcv_patch3_b0.5_TQNet_custom_addlossfcv_numpairsmax_patchlen3_alpha0.5_beta0.5<<<<<<<<<<<<<<<<<<<<<<<<<<<<<<<<<
test 10204
mse:0.25359487533569336, mae:0.28305715322494507
================================================================================
Model Profiling Summary
Total Params             : 947,744
Inference Time (s)       : 0.001840
GPU Mem Footprint (MB)   : 31.56
Peak Mem (MB)            : 44.31
================================================================================
Deleted model checkpoint at: ./checkpoints/long_term_forecast_weather_192_336_fcv_patch3_b0.5_TQNet_custom_addlossfcv_numpairsmax_patchlen3_alpha0.5_beta0.5/checkpoint.pth
[OK] CvLoss | seq_len=192 | pred_len=336 | mse=0.254 | mae=0.283
======================================================
Running Weather | model=TQNet | seq_len=192 | pred_len=336 | patchlen=3 | beta=0.5
======================================================
Args in experiment:
Namespace(random_seed=2024, is_training=1, model_id='weather_192_336_None_patch3_b0.5', model='TQNet', data='custom', root_path='./dataset/', data_path='weather.csv', features='M', target='OT', freq='h', checkpoints='./checkpoints/', seq_len=192, label_len=0, pred_len=336, cycle=144, model_type='mlp', use_revin=1, fc_dropout=0.05, head_dropout=0.0, patch_len=16, stride=8, padding_patch='end', revin=0, affine=0, subtract_last=0, decomposition=0, kernel_size=25, individual=0, rnn_type='gru', dec_way='pmf', seg_len=48, channel_id=1, embed_type=0, enc_in=21, dec_in=7, c_out=7, d_model=512, n_heads=8, e_layers=2, d_layers=1, d_ff=2048, moving_avg=25, factor=1, distil=True, dropout=0.5, embed='timeF', activation='gelu', output_attention=False, do_predict=False, num_workers=10, itr=1, train_epochs=30, batch_size=64, patience=5, learning_rate=0.001, des='test', loss='mse', lradj='type3', pct_start=0.3, use_amp=False, use_gpu=True, gpu=0, use_multi_gpu=False, devices='0,1', test_flop=False, add_loss='None', num_pairs='max', loss_patchlen=16, alpha_add_loss=1.0, beta_add_loss=0.1)
Use GPU: cuda:0
>>>>>>>start training : long_term_forecast_weather_192_336_None_patch3_b0.5_TQNet_custom_addlossNone_numpairsmax_patchlen16_alpha1.0_beta0.1>>>>>>>>>>>>>>>>>>>>>>>>>>
train 36360
val 4935
test 10204
	iters: 100, epoch: 1 | loss: 0.6314728
	speed: 0.0396s/iter; left time: 670.5672s
	iters: 200, epoch: 1 | loss: 0.6553382
	speed: 0.0140s/iter; left time: 235.9358s
	iters: 300, epoch: 1 | loss: 0.7375244
	speed: 0.0108s/iter; left time: 180.7828s
	iters: 400, epoch: 1 | loss: 0.6013604
	speed: 0.0093s/iter; left time: 154.2093s
	iters: 500, epoch: 1 | loss: 0.9660751
	speed: 0.0109s/iter; left time: 179.6254s
Epoch: 1 cost time: 8.578399896621704
Epoch: 1, Steps: 568 | Train Loss: 0.6782238 Vali Loss: 0.6088753 Test Loss: 0.2808465
Validation loss decreased (inf --> 0.608875).  Saving model ...
Updating learning rate to 0.001
	iters: 100, epoch: 2 | loss: 0.5428350
	speed: 0.0967s/iter; left time: 1584.0525s
	iters: 200, epoch: 2 | loss: 0.5150352
	speed: 0.0306s/iter; left time: 498.2699s
	iters: 300, epoch: 2 | loss: 0.6278806
	speed: 0.0252s/iter; left time: 407.3399s
	iters: 400, epoch: 2 | loss: 0.4487700
	speed: 0.0251s/iter; left time: 403.2338s
	iters: 500, epoch: 2 | loss: 0.8622406
	speed: 0.0151s/iter; left time: 240.7257s
Epoch: 2 cost time: 14.46306824684143
Epoch: 2, Steps: 568 | Train Loss: 0.5819698 Vali Loss: 0.5518728 Test Loss: 0.2656308
Validation loss decreased (0.608875 --> 0.551873).  Saving model ...
Updating learning rate to 0.001
	iters: 100, epoch: 3 | loss: 0.5977296
	speed: 0.0968s/iter; left time: 1530.5964s
	iters: 200, epoch: 3 | loss: 0.6181771
	speed: 0.0128s/iter; left time: 201.7823s
	iters: 300, epoch: 3 | loss: 0.6042159
	speed: 0.0123s/iter; left time: 192.3104s
	iters: 400, epoch: 3 | loss: 0.3750001
	speed: 0.0127s/iter; left time: 197.3951s
	iters: 500, epoch: 3 | loss: 0.7103958
	speed: 0.0128s/iter; left time: 196.4308s
Epoch: 3 cost time: 8.547272205352783
Epoch: 3, Steps: 568 | Train Loss: 0.5534999 Vali Loss: 0.5450321 Test Loss: 0.2650825
Validation loss decreased (0.551873 --> 0.545032).  Saving model ...
Updating learning rate to 0.001
	iters: 100, epoch: 4 | loss: 0.6746827
	speed: 0.0970s/iter; left time: 1478.7383s
	iters: 200, epoch: 4 | loss: 0.4668144
	speed: 0.0130s/iter; left time: 196.3917s
	iters: 300, epoch: 4 | loss: 0.6694272
	speed: 0.0139s/iter; left time: 208.5515s
	iters: 400, epoch: 4 | loss: 0.4727822
	speed: 0.0123s/iter; left time: 183.4040s
	iters: 500, epoch: 4 | loss: 0.4120345
	speed: 0.0224s/iter; left time: 331.6169s
Epoch: 4 cost time: 10.41847848892212
Epoch: 4, Steps: 568 | Train Loss: 0.5481608 Vali Loss: 0.5324780 Test Loss: 0.2551222
Validation loss decreased (0.545032 --> 0.532478).  Saving model ...
Updating learning rate to 0.0008
	iters: 100, epoch: 5 | loss: 0.6421240
	speed: 0.1194s/iter; left time: 1752.0634s
	iters: 200, epoch: 5 | loss: 0.7008148
	speed: 0.0121s/iter; left time: 176.3679s
	iters: 300, epoch: 5 | loss: 0.7135537
	speed: 0.0157s/iter; left time: 227.4640s
	iters: 400, epoch: 5 | loss: 0.4484181
	speed: 0.0150s/iter; left time: 215.0714s
	iters: 500, epoch: 5 | loss: 0.8392584
	speed: 0.0134s/iter; left time: 191.1348s
Epoch: 5 cost time: 8.722360134124756
Epoch: 5, Steps: 568 | Train Loss: 0.5376305 Vali Loss: 0.5291805 Test Loss: 0.2590664
Validation loss decreased (0.532478 --> 0.529180).  Saving model ...
Updating learning rate to 0.0006400000000000002
	iters: 100, epoch: 6 | loss: 0.8762714
	speed: 0.0835s/iter; left time: 1176.9129s
	iters: 200, epoch: 6 | loss: 0.8577763
	speed: 0.0170s/iter; left time: 238.5242s
	iters: 300, epoch: 6 | loss: 0.4434163
	speed: 0.0127s/iter; left time: 176.3124s
	iters: 400, epoch: 6 | loss: 0.4780450
	speed: 0.0109s/iter; left time: 149.7492s
	iters: 500, epoch: 6 | loss: 0.4602876
	speed: 0.0115s/iter; left time: 156.9982s
Epoch: 6 cost time: 8.124358892440796
Epoch: 6, Steps: 568 | Train Loss: 0.5301000 Vali Loss: 0.5289832 Test Loss: 0.2566822
Validation loss decreased (0.529180 --> 0.528983).  Saving model ...
Updating learning rate to 0.0005120000000000001
	iters: 100, epoch: 7 | loss: 0.5370958
	speed: 0.1194s/iter; left time: 1615.3529s
	iters: 200, epoch: 7 | loss: 0.4301318
	speed: 0.0164s/iter; left time: 219.7580s
	iters: 300, epoch: 7 | loss: 0.4014621
	speed: 0.0126s/iter; left time: 168.0751s
	iters: 400, epoch: 7 | loss: 0.5327637
	speed: 0.0116s/iter; left time: 153.2784s
	iters: 500, epoch: 7 | loss: 0.5012300
	speed: 0.0121s/iter; left time: 159.3545s
Epoch: 7 cost time: 10.545801162719727
Epoch: 7, Steps: 568 | Train Loss: 0.5213175 Vali Loss: 0.5304457 Test Loss: 0.2564214
EarlyStopping counter: 1 out of 5
Updating learning rate to 0.0004096000000000001
	iters: 100, epoch: 8 | loss: 0.5630615
	speed: 0.0974s/iter; left time: 1263.1497s
	iters: 200, epoch: 8 | loss: 0.4398828
	speed: 0.0127s/iter; left time: 163.9628s
	iters: 300, epoch: 8 | loss: 0.4323587
	speed: 0.0128s/iter; left time: 163.5812s
	iters: 400, epoch: 8 | loss: 0.5740981
	speed: 0.0123s/iter; left time: 155.8340s
	iters: 500, epoch: 8 | loss: 0.4031352
	speed: 0.0134s/iter; left time: 167.8944s
Epoch: 8 cost time: 8.431694507598877
Epoch: 8, Steps: 568 | Train Loss: 0.5135805 Vali Loss: 0.5271178 Test Loss: 0.2566335
Validation loss decreased (0.528983 --> 0.527118).  Saving model ...
Updating learning rate to 0.0003276800000000001
	iters: 100, epoch: 9 | loss: 0.5125142
	speed: 0.0955s/iter; left time: 1184.2449s
	iters: 200, epoch: 9 | loss: 0.5279716
	speed: 0.0128s/iter; left time: 157.5061s
	iters: 300, epoch: 9 | loss: 0.5154660
	speed: 0.0208s/iter; left time: 253.9357s
	iters: 400, epoch: 9 | loss: 0.5395279
	speed: 0.0244s/iter; left time: 294.9584s
	iters: 500, epoch: 9 | loss: 0.4922017
	speed: 0.0237s/iter; left time: 284.1353s
Epoch: 9 cost time: 12.724832773208618
Epoch: 9, Steps: 568 | Train Loss: 0.5068216 Vali Loss: 0.5310280 Test Loss: 0.2577908
EarlyStopping counter: 1 out of 5
Updating learning rate to 0.0002621440000000001
	iters: 100, epoch: 10 | loss: 0.4797747
	speed: 0.1157s/iter; left time: 1369.1892s
	iters: 200, epoch: 10 | loss: 0.4382079
	speed: 0.0115s/iter; left time: 135.0922s
	iters: 300, epoch: 10 | loss: 0.5214049
	speed: 0.0168s/iter; left time: 195.4999s
	iters: 400, epoch: 10 | loss: 0.4141551
	speed: 0.0172s/iter; left time: 198.2822s
	iters: 500, epoch: 10 | loss: 0.5236079
	speed: 0.0114s/iter; left time: 130.7701s
Epoch: 10 cost time: 8.646874904632568
Epoch: 10, Steps: 568 | Train Loss: 0.5007109 Vali Loss: 0.5316125 Test Loss: 0.2559199
EarlyStopping counter: 2 out of 5
Updating learning rate to 0.0002097152000000001
	iters: 100, epoch: 11 | loss: 0.3988375
	speed: 0.1014s/iter; left time: 1141.8147s
	iters: 200, epoch: 11 | loss: 0.4113234
	speed: 0.0106s/iter; left time: 117.9219s
	iters: 300, epoch: 11 | loss: 0.5306951
	speed: 0.0116s/iter; left time: 128.0918s
	iters: 400, epoch: 11 | loss: 0.4230817
	speed: 0.0107s/iter; left time: 117.1034s
	iters: 500, epoch: 11 | loss: 0.4084791
	speed: 0.0288s/iter; left time: 313.0886s
Epoch: 11 cost time: 9.861679315567017
Epoch: 11, Steps: 568 | Train Loss: 0.4966087 Vali Loss: 0.5345759 Test Loss: 0.2578189
EarlyStopping counter: 3 out of 5
Updating learning rate to 0.0001677721600000001
	iters: 100, epoch: 12 | loss: 0.5305316
	speed: 0.1159s/iter; left time: 1238.9694s
	iters: 200, epoch: 12 | loss: 0.3925770
	speed: 0.0130s/iter; left time: 137.6207s
	iters: 300, epoch: 12 | loss: 0.4331955
	speed: 0.0137s/iter; left time: 143.9939s
	iters: 400, epoch: 12 | loss: 0.4929984
	speed: 0.0133s/iter; left time: 138.6740s
	iters: 500, epoch: 12 | loss: 0.4709789
	speed: 0.0130s/iter; left time: 134.1638s
Epoch: 12 cost time: 8.909311771392822
Epoch: 12, Steps: 568 | Train Loss: 0.4918847 Vali Loss: 0.5369754 Test Loss: 0.2577361
EarlyStopping counter: 4 out of 5
Updating learning rate to 0.00013421772800000008
	iters: 100, epoch: 13 | loss: 0.5353076
	speed: 0.0941s/iter; left time: 952.7113s
	iters: 200, epoch: 13 | loss: 0.5705627
	speed: 0.0133s/iter; left time: 132.9269s
	iters: 300, epoch: 13 | loss: 0.4419108
	speed: 0.0126s/iter; left time: 125.5384s
	iters: 400, epoch: 13 | loss: 0.4210448
	speed: 0.0123s/iter; left time: 121.0484s
	iters: 500, epoch: 13 | loss: 0.4328649
	speed: 0.0122s/iter; left time: 118.3972s
Epoch: 13 cost time: 8.300154209136963
Epoch: 13, Steps: 568 | Train Loss: 0.4885636 Vali Loss: 0.5380033 Test Loss: 0.2573035
EarlyStopping counter: 5 out of 5
Early stopping
>>>>>>>testing : long_term_forecast_weather_192_336_None_patch3_b0.5_TQNet_custom_addlossNone_numpairsmax_patchlen16_alpha1.0_beta0.1<<<<<<<<<<<<<<<<<<<<<<<<<<<<<<<<<
test 10204
mse:0.25687122344970703, mae:0.2867642641067505
================================================================================
Model Profiling Summary
Total Params             : 947,744
Inference Time (s)       : 0.002913
GPU Mem Footprint (MB)   : 32.20
Peak Mem (MB)            : 43.95
================================================================================
Deleted model checkpoint at: ./checkpoints/long_term_forecast_weather_192_336_None_patch3_b0.5_TQNet_custom_addlossNone_numpairsmax_patchlen16_alpha1.0_beta0.1/checkpoint.pth
[OK] TQNet | seq_len=192 | pred_len=336 | mse=0.257 | mae=0.287
======================================================
Running Weather | model=CvLoss | seq_len=192 | pred_len=720 | patchlen=3 | beta=0.5
======================================================
Args in experiment:
Namespace(random_seed=2024, is_training=1, model_id='weather_192_720_fcv_patch3_b0.5', model='TQNet', data='custom', root_path='./dataset/', data_path='weather.csv', features='M', target='OT', freq='h', checkpoints='./checkpoints/', seq_len=192, label_len=0, pred_len=720, cycle=144, model_type='mlp', use_revin=1, fc_dropout=0.05, head_dropout=0.0, patch_len=16, stride=8, padding_patch='end', revin=0, affine=0, subtract_last=0, decomposition=0, kernel_size=25, individual=0, rnn_type='gru', dec_way='pmf', seg_len=48, channel_id=1, embed_type=0, enc_in=21, dec_in=7, c_out=7, d_model=512, n_heads=8, e_layers=2, d_layers=1, d_ff=2048, moving_avg=25, factor=1, distil=True, dropout=0.5, embed='timeF', activation='gelu', output_attention=False, do_predict=False, num_workers=10, itr=1, train_epochs=30, batch_size=64, patience=5, learning_rate=0.001, des='test', loss='mse', lradj='type3', pct_start=0.3, use_amp=False, use_gpu=True, gpu=0, use_multi_gpu=False, devices='0,1', test_flop=False, add_loss='fcv', num_pairs='max', loss_patchlen=3, alpha_add_loss=0.5, beta_add_loss=0.5)
Use GPU: cuda:0
>>>>>>>start training : long_term_forecast_weather_192_720_fcv_patch3_b0.5_TQNet_custom_addlossfcv_numpairsmax_patchlen3_alpha0.5_beta0.5>>>>>>>>>>>>>>>>>>>>>>>>>>
train 35976
val 4551
test 9820
	iters: 100, epoch: 1 | loss: 0.8105838
	speed: 0.0460s/iter; left time: 771.4190s
	iters: 200, epoch: 1 | loss: 0.7125587
	speed: 0.0201s/iter; left time: 334.8654s
	iters: 300, epoch: 1 | loss: 0.6730707
	speed: 0.0251s/iter; left time: 415.5236s
	iters: 400, epoch: 1 | loss: 0.7433985
	speed: 0.0315s/iter; left time: 517.9654s
	iters: 500, epoch: 1 | loss: 0.6485211
	speed: 0.0242s/iter; left time: 396.6987s
Epoch: 1 cost time: 15.107903242111206
Epoch: 1, Steps: 562 | Train Loss: 0.7567434 Vali Loss: 0.7170923 Test Loss: 0.3507555
Validation loss decreased (inf --> 0.717092).  Saving model ...
Updating learning rate to 0.001
	iters: 100, epoch: 2 | loss: 0.7189894
	speed: 0.0953s/iter; left time: 1543.4053s
	iters: 200, epoch: 2 | loss: 0.7578773
	speed: 0.0217s/iter; left time: 349.2647s
	iters: 300, epoch: 2 | loss: 0.6286433
	speed: 0.0200s/iter; left time: 319.7378s
	iters: 400, epoch: 2 | loss: 0.6315075
	speed: 0.0173s/iter; left time: 274.4362s
	iters: 500, epoch: 2 | loss: 0.6686139
	speed: 0.0180s/iter; left time: 284.3587s
Epoch: 2 cost time: 11.395792961120605
Epoch: 2, Steps: 562 | Train Loss: 0.6711412 Vali Loss: 0.6650470 Test Loss: 0.3312457
Validation loss decreased (0.717092 --> 0.665047).  Saving model ...
Updating learning rate to 0.001
	iters: 100, epoch: 3 | loss: 0.6501132
	speed: 0.1574s/iter; left time: 2460.7401s
	iters: 200, epoch: 3 | loss: 0.6586022
	speed: 0.0280s/iter; left time: 434.8912s
	iters: 300, epoch: 3 | loss: 0.6793557
	speed: 0.0183s/iter; left time: 282.5256s
	iters: 400, epoch: 3 | loss: 0.5899197
	speed: 0.0182s/iter; left time: 279.8833s
	iters: 500, epoch: 3 | loss: 0.6159667
	speed: 0.0179s/iter; left time: 273.0630s
Epoch: 3 cost time: 13.530956745147705
Epoch: 3, Steps: 562 | Train Loss: 0.6503321 Vali Loss: 0.6581455 Test Loss: 0.3294523
Validation loss decreased (0.665047 --> 0.658145).  Saving model ...
Updating learning rate to 0.001
	iters: 100, epoch: 4 | loss: 0.6616111
	speed: 0.1284s/iter; left time: 1936.1568s
	iters: 200, epoch: 4 | loss: 0.6749876
	speed: 0.0180s/iter; left time: 269.2333s
	iters: 300, epoch: 4 | loss: 0.5600792
	speed: 0.0187s/iter; left time: 278.6455s
	iters: 400, epoch: 4 | loss: 0.6556410
	speed: 0.0190s/iter; left time: 280.3353s
	iters: 500, epoch: 4 | loss: 0.6269045
	speed: 0.0185s/iter; left time: 272.0207s
Epoch: 4 cost time: 12.479894399642944
Epoch: 4, Steps: 562 | Train Loss: 0.6453300 Vali Loss: 0.6543013 Test Loss: 0.3281689
Validation loss decreased (0.658145 --> 0.654301).  Saving model ...
Updating learning rate to 0.0008
	iters: 100, epoch: 5 | loss: 0.6294312
	speed: 0.1592s/iter; left time: 2309.7885s
	iters: 200, epoch: 5 | loss: 0.6291062
	speed: 0.0162s/iter; left time: 232.8470s
	iters: 300, epoch: 5 | loss: 0.6460563
	speed: 0.0157s/iter; left time: 225.2693s
	iters: 400, epoch: 5 | loss: 0.6107047
	speed: 0.0131s/iter; left time: 185.6836s
	iters: 500, epoch: 5 | loss: 0.6546251
	speed: 0.0125s/iter; left time: 177.0488s
Epoch: 5 cost time: 9.33257246017456
Epoch: 5, Steps: 562 | Train Loss: 0.6357949 Vali Loss: 0.6481405 Test Loss: 0.3279153
Validation loss decreased (0.654301 --> 0.648141).  Saving model ...
Updating learning rate to 0.0006400000000000002
	iters: 100, epoch: 6 | loss: 0.6043420
	speed: 0.0961s/iter; left time: 1340.6678s
	iters: 200, epoch: 6 | loss: 0.6292475
	speed: 0.0216s/iter; left time: 298.7723s
	iters: 300, epoch: 6 | loss: 0.5999143
	speed: 0.0168s/iter; left time: 230.7688s
	iters: 400, epoch: 6 | loss: 0.6326884
	speed: 0.0169s/iter; left time: 231.3017s
	iters: 500, epoch: 6 | loss: 0.5999089
	speed: 0.0165s/iter; left time: 223.5672s
Epoch: 6 cost time: 11.089886903762817
Epoch: 6, Steps: 562 | Train Loss: 0.6290402 Vali Loss: 0.6512234 Test Loss: 0.3281935
EarlyStopping counter: 1 out of 5
Updating learning rate to 0.0005120000000000001
	iters: 100, epoch: 7 | loss: 0.5951118
	speed: 0.1115s/iter; left time: 1492.5740s
	iters: 200, epoch: 7 | loss: 0.5583571
	speed: 0.0166s/iter; left time: 220.1848s
	iters: 300, epoch: 7 | loss: 0.7065431
	speed: 0.0163s/iter; left time: 214.3345s
	iters: 400, epoch: 7 | loss: 0.5965922
	speed: 0.0159s/iter; left time: 207.4784s
	iters: 500, epoch: 7 | loss: 0.6388406
	speed: 0.0163s/iter; left time: 211.8785s
Epoch: 7 cost time: 10.334937334060669
Epoch: 7, Steps: 562 | Train Loss: 0.6221064 Vali Loss: 0.6447324 Test Loss: 0.3277590
Validation loss decreased (0.648141 --> 0.644732).  Saving model ...
Updating learning rate to 0.0004096000000000001
	iters: 100, epoch: 8 | loss: 0.6330999
	speed: 0.1147s/iter; left time: 1470.6996s
	iters: 200, epoch: 8 | loss: 0.6042029
	speed: 0.0171s/iter; left time: 218.2389s
	iters: 300, epoch: 8 | loss: 0.6203328
	speed: 0.0170s/iter; left time: 215.0419s
	iters: 400, epoch: 8 | loss: 0.6081213
	speed: 0.0155s/iter; left time: 194.6390s
	iters: 500, epoch: 8 | loss: 0.6199171
	speed: 0.0160s/iter; left time: 198.7639s
Epoch: 8 cost time: 10.507152795791626
Epoch: 8, Steps: 562 | Train Loss: 0.6145401 Vali Loss: 0.6464258 Test Loss: 0.3284953
EarlyStopping counter: 1 out of 5
Updating learning rate to 0.0003276800000000001
	iters: 100, epoch: 9 | loss: 0.5723017
	speed: 0.1264s/iter; left time: 1550.5746s
	iters: 200, epoch: 9 | loss: 0.5779502
	speed: 0.0249s/iter; left time: 302.9865s
	iters: 300, epoch: 9 | loss: 0.5736756
	speed: 0.0195s/iter; left time: 235.3634s
	iters: 400, epoch: 9 | loss: 0.6583759
	speed: 0.0158s/iter; left time: 189.1015s
	iters: 500, epoch: 9 | loss: 0.6026199
	speed: 0.0190s/iter; left time: 225.7836s
Epoch: 9 cost time: 13.261660099029541
Epoch: 9, Steps: 562 | Train Loss: 0.6080451 Vali Loss: 0.6557431 Test Loss: 0.3311018
EarlyStopping counter: 2 out of 5
Updating learning rate to 0.0002621440000000001
	iters: 100, epoch: 10 | loss: 0.5475225
	speed: 0.1068s/iter; left time: 1249.7415s
	iters: 200, epoch: 10 | loss: 0.5724728
	speed: 0.0129s/iter; left time: 150.1721s
	iters: 300, epoch: 10 | loss: 0.6141499
	speed: 0.0134s/iter; left time: 154.3575s
	iters: 400, epoch: 10 | loss: 0.5594127
	speed: 0.0145s/iter; left time: 165.3817s
	iters: 500, epoch: 10 | loss: 0.5914385
	speed: 0.0189s/iter; left time: 213.9740s
Epoch: 10 cost time: 10.757531642913818
Epoch: 10, Steps: 562 | Train Loss: 0.6027498 Vali Loss: 0.6536437 Test Loss: 0.3319307
EarlyStopping counter: 3 out of 5
Updating learning rate to 0.0002097152000000001
	iters: 100, epoch: 11 | loss: 0.5669014
	speed: 0.1218s/iter; left time: 1357.2674s
	iters: 200, epoch: 11 | loss: 0.6412809
	speed: 0.0167s/iter; left time: 184.1951s
	iters: 300, epoch: 11 | loss: 0.7083813
	speed: 0.0178s/iter; left time: 195.2823s
	iters: 400, epoch: 11 | loss: 0.5840063
	speed: 0.0174s/iter; left time: 188.7726s
	iters: 500, epoch: 11 | loss: 0.5915582
	speed: 0.0174s/iter; left time: 187.2912s
Epoch: 11 cost time: 11.118110656738281
Epoch: 11, Steps: 562 | Train Loss: 0.5976194 Vali Loss: 0.6554065 Test Loss: 0.3292865
EarlyStopping counter: 4 out of 5
Updating learning rate to 0.0001677721600000001
	iters: 100, epoch: 12 | loss: 0.6918046
	speed: 0.1489s/iter; left time: 1575.3718s
	iters: 200, epoch: 12 | loss: 0.5231956
	speed: 0.0220s/iter; left time: 230.4052s
	iters: 300, epoch: 12 | loss: 0.6073241
	speed: 0.0161s/iter; left time: 166.7108s
	iters: 400, epoch: 12 | loss: 0.5313693
	speed: 0.0168s/iter; left time: 173.1454s
	iters: 500, epoch: 12 | loss: 0.5325900
	speed: 0.0168s/iter; left time: 171.0945s
Epoch: 12 cost time: 11.826897859573364
Epoch: 12, Steps: 562 | Train Loss: 0.5941224 Vali Loss: 0.6567222 Test Loss: 0.3326177
EarlyStopping counter: 5 out of 5
Early stopping
>>>>>>>testing : long_term_forecast_weather_192_720_fcv_patch3_b0.5_TQNet_custom_addlossfcv_numpairsmax_patchlen3_alpha0.5_beta0.5<<<<<<<<<<<<<<<<<<<<<<<<<<<<<<<<<
test 9820
mse:0.3268716037273407, mae:0.3333483338356018
================================================================================
Model Profiling Summary
Total Params             : 1,144,736
Inference Time (s)       : 0.002415
GPU Mem Footprint (MB)   : 40.51
Peak Mem (MB)            : 56.45
================================================================================
Deleted model checkpoint at: ./checkpoints/long_term_forecast_weather_192_720_fcv_patch3_b0.5_TQNet_custom_addlossfcv_numpairsmax_patchlen3_alpha0.5_beta0.5/checkpoint.pth
[OK] CvLoss | seq_len=192 | pred_len=720 | mse=0.327 | mae=0.333
======================================================
Running Weather | model=TQNet | seq_len=192 | pred_len=720 | patchlen=3 | beta=0.5
======================================================
Args in experiment:
Namespace(random_seed=2024, is_training=1, model_id='weather_192_720_None_patch3_b0.5', model='TQNet', data='custom', root_path='./dataset/', data_path='weather.csv', features='M', target='OT', freq='h', checkpoints='./checkpoints/', seq_len=192, label_len=0, pred_len=720, cycle=144, model_type='mlp', use_revin=1, fc_dropout=0.05, head_dropout=0.0, patch_len=16, stride=8, padding_patch='end', revin=0, affine=0, subtract_last=0, decomposition=0, kernel_size=25, individual=0, rnn_type='gru', dec_way='pmf', seg_len=48, channel_id=1, embed_type=0, enc_in=21, dec_in=7, c_out=7, d_model=512, n_heads=8, e_layers=2, d_layers=1, d_ff=2048, moving_avg=25, factor=1, distil=True, dropout=0.5, embed='timeF', activation='gelu', output_attention=False, do_predict=False, num_workers=10, itr=1, train_epochs=30, batch_size=64, patience=5, learning_rate=0.001, des='test', loss='mse', lradj='type3', pct_start=0.3, use_amp=False, use_gpu=True, gpu=0, use_multi_gpu=False, devices='0,1', test_flop=False, add_loss='None', num_pairs='max', loss_patchlen=16, alpha_add_loss=1.0, beta_add_loss=0.1)
Use GPU: cuda:0
>>>>>>>start training : long_term_forecast_weather_192_720_None_patch3_b0.5_TQNet_custom_addlossNone_numpairsmax_patchlen16_alpha1.0_beta0.1>>>>>>>>>>>>>>>>>>>>>>>>>>
train 35976
val 4551
test 9820
	iters: 100, epoch: 1 | loss: 0.8471168
	speed: 0.0496s/iter; left time: 831.8056s
	iters: 200, epoch: 1 | loss: 0.6896614
	speed: 0.0259s/iter; left time: 431.4312s
	iters: 300, epoch: 1 | loss: 0.6161437
	speed: 0.0291s/iter; left time: 482.5017s
	iters: 400, epoch: 1 | loss: 0.7730929
	speed: 0.0264s/iter; left time: 435.2653s
	iters: 500, epoch: 1 | loss: 0.5976790
	speed: 0.0266s/iter; left time: 434.8868s
Epoch: 1 cost time: 16.736960887908936
Epoch: 1, Steps: 562 | Train Loss: 0.7540854 Vali Loss: 0.7214932 Test Loss: 0.3532862
Validation loss decreased (inf --> 0.721493).  Saving model ...
Updating learning rate to 0.001
	iters: 100, epoch: 2 | loss: 0.7272114
	speed: 0.1016s/iter; left time: 1645.4957s
	iters: 200, epoch: 2 | loss: 0.8246039
	speed: 0.0139s/iter; left time: 223.0390s
	iters: 300, epoch: 2 | loss: 0.5855381
	speed: 0.0144s/iter; left time: 230.4846s
	iters: 400, epoch: 2 | loss: 0.5901319
	speed: 0.0136s/iter; left time: 215.9525s
	iters: 500, epoch: 2 | loss: 0.6426761
	speed: 0.0139s/iter; left time: 220.1499s
Epoch: 2 cost time: 9.178594589233398
Epoch: 2, Steps: 562 | Train Loss: 0.6550649 Vali Loss: 0.6676032 Test Loss: 0.3327652
Validation loss decreased (0.721493 --> 0.667603).  Saving model ...
Updating learning rate to 0.001
	iters: 100, epoch: 3 | loss: 0.6195431
	speed: 0.1143s/iter; left time: 1787.4146s
	iters: 200, epoch: 3 | loss: 0.6375149
	speed: 0.0144s/iter; left time: 224.4853s
	iters: 300, epoch: 3 | loss: 0.6847047
	speed: 0.0137s/iter; left time: 210.8050s
	iters: 400, epoch: 3 | loss: 0.5402932
	speed: 0.0148s/iter; left time: 227.6759s
	iters: 500, epoch: 3 | loss: 0.5977166
	speed: 0.0149s/iter; left time: 226.9655s
Epoch: 3 cost time: 9.337894201278687
Epoch: 3, Steps: 562 | Train Loss: 0.6321714 Vali Loss: 0.6590179 Test Loss: 0.3290702
Validation loss decreased (0.667603 --> 0.659018).  Saving model ...
Updating learning rate to 0.001
	iters: 100, epoch: 4 | loss: 0.6608379
	speed: 0.1156s/iter; left time: 1742.9676s
	iters: 200, epoch: 4 | loss: 0.6601521
	speed: 0.0150s/iter; left time: 224.2034s
	iters: 300, epoch: 4 | loss: 0.4827475
	speed: 0.0134s/iter; left time: 199.9840s
	iters: 400, epoch: 4 | loss: 0.6139849
	speed: 0.0139s/iter; left time: 205.9797s
	iters: 500, epoch: 4 | loss: 0.6186592
	speed: 0.0110s/iter; left time: 161.8420s
Epoch: 4 cost time: 9.348355293273926
Epoch: 4, Steps: 562 | Train Loss: 0.6262134 Vali Loss: 0.6585550 Test Loss: 0.3288125
Validation loss decreased (0.659018 --> 0.658555).  Saving model ...
Updating learning rate to 0.0008
	iters: 100, epoch: 5 | loss: 0.5773669
	speed: 0.1324s/iter; left time: 1921.5469s
	iters: 200, epoch: 5 | loss: 0.5850242
	speed: 0.0127s/iter; left time: 182.6250s
	iters: 300, epoch: 5 | loss: 0.6566178
	speed: 0.0147s/iter; left time: 209.7471s
	iters: 400, epoch: 5 | loss: 0.5620319
	speed: 0.0218s/iter; left time: 309.4204s
	iters: 500, epoch: 5 | loss: 0.6411945
	speed: 0.0150s/iter; left time: 211.7969s
Epoch: 5 cost time: 9.399863481521606
Epoch: 5, Steps: 562 | Train Loss: 0.6158582 Vali Loss: 0.6545758 Test Loss: 0.3298275
Validation loss decreased (0.658555 --> 0.654576).  Saving model ...
Updating learning rate to 0.0006400000000000002
	iters: 100, epoch: 6 | loss: 0.5596761
	speed: 0.1134s/iter; left time: 1582.6792s
	iters: 200, epoch: 6 | loss: 0.6299806
	speed: 0.0149s/iter; left time: 206.6196s
	iters: 300, epoch: 6 | loss: 0.5275988
	speed: 0.0141s/iter; left time: 194.4587s
	iters: 400, epoch: 6 | loss: 0.6126732
	speed: 0.0145s/iter; left time: 198.5631s
	iters: 500, epoch: 6 | loss: 0.5588332
	speed: 0.0136s/iter; left time: 184.3294s
Epoch: 6 cost time: 9.382820844650269
Epoch: 6, Steps: 562 | Train Loss: 0.6085004 Vali Loss: 0.6530830 Test Loss: 0.3268426
Validation loss decreased (0.654576 --> 0.653083).  Saving model ...
Updating learning rate to 0.0005120000000000001
	iters: 100, epoch: 7 | loss: 0.5381726
	speed: 0.1155s/iter; left time: 1546.7931s
	iters: 200, epoch: 7 | loss: 0.4861269
	speed: 0.0144s/iter; left time: 191.0230s
	iters: 300, epoch: 7 | loss: 0.7606289
	speed: 0.0154s/iter; left time: 202.9042s
	iters: 400, epoch: 7 | loss: 0.5201451
	speed: 0.0144s/iter; left time: 189.1247s
	iters: 500, epoch: 7 | loss: 0.6308702
	speed: 0.0156s/iter; left time: 202.1221s
Epoch: 7 cost time: 9.638879776000977
Epoch: 7, Steps: 562 | Train Loss: 0.5998185 Vali Loss: 0.6486747 Test Loss: 0.3271905
Validation loss decreased (0.653083 --> 0.648675).  Saving model ...
Updating learning rate to 0.0004096000000000001
	iters: 100, epoch: 8 | loss: 0.6385437
	speed: 0.1595s/iter; left time: 2045.6552s
	iters: 200, epoch: 8 | loss: 0.5479893
	speed: 0.0167s/iter; left time: 212.6114s
	iters: 300, epoch: 8 | loss: 0.6112449
	speed: 0.0113s/iter; left time: 143.0128s
	iters: 400, epoch: 8 | loss: 0.5877573
	speed: 0.0135s/iter; left time: 169.3500s
	iters: 500, epoch: 8 | loss: 0.6069216
	speed: 0.0161s/iter; left time: 199.6716s
Epoch: 8 cost time: 9.50137448310852
Epoch: 8, Steps: 562 | Train Loss: 0.5931277 Vali Loss: 0.6548360 Test Loss: 0.3292933
EarlyStopping counter: 1 out of 5
Updating learning rate to 0.0003276800000000001
	iters: 100, epoch: 9 | loss: 0.5213460
	speed: 0.1071s/iter; left time: 1313.8768s
	iters: 200, epoch: 9 | loss: 0.5344663
	speed: 0.0163s/iter; left time: 198.2875s
	iters: 300, epoch: 9 | loss: 0.5336593
	speed: 0.0164s/iter; left time: 197.2796s
	iters: 400, epoch: 9 | loss: 0.6759880
	speed: 0.0111s/iter; left time: 133.1655s
	iters: 500, epoch: 9 | loss: 0.5943404
	speed: 0.0114s/iter; left time: 134.6698s
Epoch: 9 cost time: 8.777275085449219
Epoch: 9, Steps: 562 | Train Loss: 0.5859853 Vali Loss: 0.6536716 Test Loss: 0.3303804
EarlyStopping counter: 2 out of 5
Updating learning rate to 0.0002621440000000001
	iters: 100, epoch: 10 | loss: 0.4866790
	speed: 0.1074s/iter; left time: 1256.7954s
	iters: 200, epoch: 10 | loss: 0.4994195
	speed: 0.0132s/iter; left time: 153.6038s
	iters: 300, epoch: 10 | loss: 0.5831125
	speed: 0.0142s/iter; left time: 163.3501s
	iters: 400, epoch: 10 | loss: 0.5000568
	speed: 0.0143s/iter; left time: 162.7171s
	iters: 500, epoch: 10 | loss: 0.5204187
	speed: 0.0145s/iter; left time: 164.4358s
Epoch: 10 cost time: 9.346514463424683
Epoch: 10, Steps: 562 | Train Loss: 0.5803837 Vali Loss: 0.6531710 Test Loss: 0.3309744
EarlyStopping counter: 3 out of 5
Updating learning rate to 0.0002097152000000001
	iters: 100, epoch: 11 | loss: 0.5276774
	speed: 0.1468s/iter; left time: 1635.4456s
	iters: 200, epoch: 11 | loss: 0.6632677
	speed: 0.0135s/iter; left time: 148.5391s
	iters: 300, epoch: 11 | loss: 0.7847929
	speed: 0.0129s/iter; left time: 141.2798s
	iters: 400, epoch: 11 | loss: 0.5513073
	speed: 0.0122s/iter; left time: 132.4805s
	iters: 500, epoch: 11 | loss: 0.5577887
	speed: 0.0128s/iter; left time: 137.4142s
Epoch: 11 cost time: 9.460602283477783
Epoch: 11, Steps: 562 | Train Loss: 0.5745997 Vali Loss: 0.6543501 Test Loss: 0.3296952
EarlyStopping counter: 4 out of 5
Updating learning rate to 0.0001677721600000001
	iters: 100, epoch: 12 | loss: 0.7666363
	speed: 0.1133s/iter; left time: 1198.2353s
	iters: 200, epoch: 12 | loss: 0.4471169
	speed: 0.0141s/iter; left time: 147.8734s
	iters: 300, epoch: 12 | loss: 0.6015565
	speed: 0.0133s/iter; left time: 137.7023s
	iters: 400, epoch: 12 | loss: 0.4692135
	speed: 0.0136s/iter; left time: 139.7158s
	iters: 500, epoch: 12 | loss: 0.4828824
	speed: 0.0140s/iter; left time: 142.2030s
Epoch: 12 cost time: 9.027365922927856
Epoch: 12, Steps: 562 | Train Loss: 0.5707867 Vali Loss: 0.6571071 Test Loss: 0.3298938
EarlyStopping counter: 5 out of 5
Early stopping
>>>>>>>testing : long_term_forecast_weather_192_720_None_patch3_b0.5_TQNet_custom_addlossNone_numpairsmax_patchlen16_alpha1.0_beta0.1<<<<<<<<<<<<<<<<<<<<<<<<<<<<<<<<<
test 9820
mse:0.32618263363838196, mae:0.3347577750682831
================================================================================
Model Profiling Summary
Total Params             : 1,144,736
Inference Time (s)       : 0.002791
GPU Mem Footprint (MB)   : 41.29
Peak Mem (MB)            : 57.32
================================================================================
Deleted model checkpoint at: ./checkpoints/long_term_forecast_weather_192_720_None_patch3_b0.5_TQNet_custom_addlossNone_numpairsmax_patchlen16_alpha1.0_beta0.1/checkpoint.pth
[OK] TQNet | seq_len=192 | pred_len=720 | mse=0.326 | mae=0.335
======================================================
Running Weather | model=CvLoss | seq_len=336 | pred_len=96 | patchlen=3 | beta=1.0
======================================================
Args in experiment:
Namespace(random_seed=2024, is_training=1, model_id='weather_336_96_fcv_patch3_b1.0', model='TQNet', data='custom', root_path='./dataset/', data_path='weather.csv', features='M', target='OT', freq='h', checkpoints='./checkpoints/', seq_len=336, label_len=0, pred_len=96, cycle=144, model_type='mlp', use_revin=1, fc_dropout=0.05, head_dropout=0.0, patch_len=16, stride=8, padding_patch='end', revin=0, affine=0, subtract_last=0, decomposition=0, kernel_size=25, individual=0, rnn_type='gru', dec_way='pmf', seg_len=48, channel_id=1, embed_type=0, enc_in=21, dec_in=7, c_out=7, d_model=512, n_heads=8, e_layers=2, d_layers=1, d_ff=2048, moving_avg=25, factor=1, distil=True, dropout=0.5, embed='timeF', activation='gelu', output_attention=False, do_predict=False, num_workers=10, itr=1, train_epochs=30, batch_size=64, patience=5, learning_rate=0.001, des='test', loss='mse', lradj='type3', pct_start=0.3, use_amp=False, use_gpu=True, gpu=0, use_multi_gpu=False, devices='0,1', test_flop=False, add_loss='fcv', num_pairs='max', loss_patchlen=3, alpha_add_loss=0.0, beta_add_loss=1.0)
Use GPU: cuda:0
>>>>>>>start training : long_term_forecast_weather_336_96_fcv_patch3_b1.0_TQNet_custom_addlossfcv_numpairsmax_patchlen3_alpha0.0_beta1.0>>>>>>>>>>>>>>>>>>>>>>>>>>
train 36456
val 5175
test 10444
	iters: 100, epoch: 1 | loss: 0.6722198
	speed: 0.0365s/iter; left time: 619.0755s
	iters: 200, epoch: 1 | loss: 0.5912216
	speed: 0.0097s/iter; left time: 163.5634s
	iters: 300, epoch: 1 | loss: 0.5442673
	speed: 0.0107s/iter; left time: 179.4166s
	iters: 400, epoch: 1 | loss: 0.5293040
	speed: 0.0142s/iter; left time: 236.1971s
	iters: 500, epoch: 1 | loss: 0.5357780
	speed: 0.0176s/iter; left time: 292.2088s
Epoch: 1 cost time: 9.319665431976318
Epoch: 1, Steps: 569 | Train Loss: 0.5732342 Vali Loss: 0.4373029 Test Loss: 0.1686109
Validation loss decreased (inf --> 0.437303).  Saving model ...
Updating learning rate to 0.001
	iters: 100, epoch: 2 | loss: 0.4898545
	speed: 0.0744s/iter; left time: 1220.6037s
	iters: 200, epoch: 2 | loss: 0.4207432
	speed: 0.0140s/iter; left time: 229.0396s
	iters: 300, epoch: 2 | loss: 0.4040529
	speed: 0.0133s/iter; left time: 216.0238s
	iters: 400, epoch: 2 | loss: 0.4330936
	speed: 0.0137s/iter; left time: 221.0404s
	iters: 500, epoch: 2 | loss: 0.4225102
	speed: 0.0155s/iter; left time: 248.4016s
Epoch: 2 cost time: 9.078479766845703
Epoch: 2, Steps: 569 | Train Loss: 0.4695037 Vali Loss: 0.3862577 Test Loss: 0.1498908
Validation loss decreased (0.437303 --> 0.386258).  Saving model ...
Updating learning rate to 0.001
	iters: 100, epoch: 3 | loss: 0.4063768
	speed: 0.0805s/iter; left time: 1274.0968s
	iters: 200, epoch: 3 | loss: 0.5058097
	speed: 0.0140s/iter; left time: 220.1286s
	iters: 300, epoch: 3 | loss: 0.4773694
	speed: 0.0140s/iter; left time: 218.6081s
	iters: 400, epoch: 3 | loss: 0.4588781
	speed: 0.0130s/iter; left time: 201.9370s
	iters: 500, epoch: 3 | loss: 0.4015394
	speed: 0.0144s/iter; left time: 221.8910s
Epoch: 3 cost time: 8.809587717056274
Epoch: 3, Steps: 569 | Train Loss: 0.4435787 Vali Loss: 0.3905918 Test Loss: 0.1481584
EarlyStopping counter: 1 out of 5
Updating learning rate to 0.001
	iters: 100, epoch: 4 | loss: 0.4168997
	speed: 0.0767s/iter; left time: 1171.1696s
	iters: 200, epoch: 4 | loss: 0.4247632
	speed: 0.0140s/iter; left time: 211.8597s
	iters: 300, epoch: 4 | loss: 0.4029734
	speed: 0.0133s/iter; left time: 200.3392s
	iters: 400, epoch: 4 | loss: 0.4131711
	speed: 0.0138s/iter; left time: 206.6398s
	iters: 500, epoch: 4 | loss: 0.4393690
	speed: 0.0143s/iter; left time: 213.0523s
Epoch: 4 cost time: 8.876944065093994
Epoch: 4, Steps: 569 | Train Loss: 0.4326452 Vali Loss: 0.3890828 Test Loss: 0.1491818
EarlyStopping counter: 2 out of 5
Updating learning rate to 0.0008
	iters: 100, epoch: 5 | loss: 0.4071392
	speed: 0.1067s/iter; left time: 1567.5835s
	iters: 200, epoch: 5 | loss: 0.4606360
	speed: 0.0139s/iter; left time: 203.1270s
	iters: 300, epoch: 5 | loss: 0.4396649
	speed: 0.0134s/iter; left time: 194.2843s
	iters: 400, epoch: 5 | loss: 0.4146833
	speed: 0.0161s/iter; left time: 232.0571s
	iters: 500, epoch: 5 | loss: 0.4000803
	speed: 0.0100s/iter; left time: 142.7063s
Epoch: 5 cost time: 9.480591773986816
Epoch: 5, Steps: 569 | Train Loss: 0.4203279 Vali Loss: 0.3837636 Test Loss: 0.1478110
Validation loss decreased (0.386258 --> 0.383764).  Saving model ...
Updating learning rate to 0.0006400000000000002
	iters: 100, epoch: 6 | loss: 0.3806577
	speed: 0.0777s/iter; left time: 1097.5015s
	iters: 200, epoch: 6 | loss: 0.4301544
	speed: 0.0151s/iter; left time: 211.5961s
	iters: 300, epoch: 6 | loss: 0.3975268
	speed: 0.0116s/iter; left time: 160.9129s
	iters: 400, epoch: 6 | loss: 0.4372647
	speed: 0.0108s/iter; left time: 149.4470s
	iters: 500, epoch: 6 | loss: 0.4181536
	speed: 0.0113s/iter; left time: 155.3549s
Epoch: 6 cost time: 7.9261860847473145
Epoch: 6, Steps: 569 | Train Loss: 0.4087552 Vali Loss: 0.3996747 Test Loss: 0.1491217
EarlyStopping counter: 1 out of 5
Updating learning rate to 0.0005120000000000001
	iters: 100, epoch: 7 | loss: 0.4153903
	speed: 0.0721s/iter; left time: 978.0978s
	iters: 200, epoch: 7 | loss: 0.3928421
	speed: 0.0132s/iter; left time: 178.1108s
	iters: 300, epoch: 7 | loss: 0.3857325
	speed: 0.0209s/iter; left time: 278.7083s
	iters: 400, epoch: 7 | loss: 0.4003146
	speed: 0.0133s/iter; left time: 176.9241s
	iters: 500, epoch: 7 | loss: 0.3536842
	speed: 0.0137s/iter; left time: 180.8203s
Epoch: 7 cost time: 9.321983098983765
Epoch: 7, Steps: 569 | Train Loss: 0.3979115 Vali Loss: 0.4003242 Test Loss: 0.1500673
EarlyStopping counter: 2 out of 5
Updating learning rate to 0.0004096000000000001
	iters: 100, epoch: 8 | loss: 0.3933502
	speed: 0.0799s/iter; left time: 1038.1980s
	iters: 200, epoch: 8 | loss: 0.3944667
	speed: 0.0126s/iter; left time: 161.8215s
	iters: 300, epoch: 8 | loss: 0.4052952
	speed: 0.0133s/iter; left time: 169.5359s
	iters: 400, epoch: 8 | loss: 0.3792353
	speed: 0.0137s/iter; left time: 173.3333s
	iters: 500, epoch: 8 | loss: 0.3891452
	speed: 0.0133s/iter; left time: 167.5431s
Epoch: 8 cost time: 8.493019104003906
Epoch: 8, Steps: 569 | Train Loss: 0.3890108 Vali Loss: 0.3941641 Test Loss: 0.1481176
EarlyStopping counter: 3 out of 5
Updating learning rate to 0.0003276800000000001
	iters: 100, epoch: 9 | loss: 0.3833854
	speed: 0.1045s/iter; left time: 1298.3288s
	iters: 200, epoch: 9 | loss: 0.3781773
	speed: 0.0196s/iter; left time: 241.6018s
	iters: 300, epoch: 9 | loss: 0.3936429
	speed: 0.0207s/iter; left time: 253.3721s
	iters: 400, epoch: 9 | loss: 0.3718313
	speed: 0.0160s/iter; left time: 194.1681s
	iters: 500, epoch: 9 | loss: 0.4310707
	speed: 0.0146s/iter; left time: 175.9620s
Epoch: 9 cost time: 11.204827547073364
Epoch: 9, Steps: 569 | Train Loss: 0.3812590 Vali Loss: 0.4017006 Test Loss: 0.1498991
EarlyStopping counter: 4 out of 5
Updating learning rate to 0.0002621440000000001
	iters: 100, epoch: 10 | loss: 0.3921115
	speed: 0.0771s/iter; left time: 913.5024s
	iters: 200, epoch: 10 | loss: 0.3707049
	speed: 0.0127s/iter; left time: 149.6334s
	iters: 300, epoch: 10 | loss: 0.3714822
	speed: 0.0139s/iter; left time: 161.5228s
	iters: 400, epoch: 10 | loss: 0.4033346
	speed: 0.0148s/iter; left time: 170.4185s
	iters: 500, epoch: 10 | loss: 0.3893386
	speed: 0.0159s/iter; left time: 181.7202s
Epoch: 10 cost time: 9.08128046989441
Epoch: 10, Steps: 569 | Train Loss: 0.3757075 Vali Loss: 0.3993790 Test Loss: 0.1478185
EarlyStopping counter: 5 out of 5
Early stopping
>>>>>>>testing : long_term_forecast_weather_336_96_fcv_patch3_b1.0_TQNet_custom_addlossfcv_numpairsmax_patchlen3_alpha0.0_beta1.0<<<<<<<<<<<<<<<<<<<<<<<<<<<<<<<<<
test 10444
mse:0.14833392202854156, mae:0.19106559455394745
================================================================================
Model Profiling Summary
Total Params             : 1,203,056
Inference Time (s)       : 0.001899
GPU Mem Footprint (MB)   : 29.88
Peak Mem (MB)            : 44.91
================================================================================
Deleted model checkpoint at: ./checkpoints/long_term_forecast_weather_336_96_fcv_patch3_b1.0_TQNet_custom_addlossfcv_numpairsmax_patchlen3_alpha0.0_beta1.0/checkpoint.pth
[OK] CvLoss | seq_len=336 | pred_len=96 | mse=0.148 | mae=0.191
======================================================
Running Weather | model=TQNet | seq_len=336 | pred_len=96 | patchlen=3 | beta=1.0
======================================================
Args in experiment:
Namespace(random_seed=2024, is_training=1, model_id='weather_336_96_None_patch3_b1.0', model='TQNet', data='custom', root_path='./dataset/', data_path='weather.csv', features='M', target='OT', freq='h', checkpoints='./checkpoints/', seq_len=336, label_len=0, pred_len=96, cycle=144, model_type='mlp', use_revin=1, fc_dropout=0.05, head_dropout=0.0, patch_len=16, stride=8, padding_patch='end', revin=0, affine=0, subtract_last=0, decomposition=0, kernel_size=25, individual=0, rnn_type='gru', dec_way='pmf', seg_len=48, channel_id=1, embed_type=0, enc_in=21, dec_in=7, c_out=7, d_model=512, n_heads=8, e_layers=2, d_layers=1, d_ff=2048, moving_avg=25, factor=1, distil=True, dropout=0.5, embed='timeF', activation='gelu', output_attention=False, do_predict=False, num_workers=10, itr=1, train_epochs=30, batch_size=64, patience=5, learning_rate=0.001, des='test', loss='mse', lradj='type3', pct_start=0.3, use_amp=False, use_gpu=True, gpu=0, use_multi_gpu=False, devices='0,1', test_flop=False, add_loss='None', num_pairs='max', loss_patchlen=16, alpha_add_loss=1.0, beta_add_loss=0.1)
Use GPU: cuda:0
>>>>>>>start training : long_term_forecast_weather_336_96_None_patch3_b1.0_TQNet_custom_addlossNone_numpairsmax_patchlen16_alpha1.0_beta0.1>>>>>>>>>>>>>>>>>>>>>>>>>>
train 36456
val 5175
test 10444
	iters: 100, epoch: 1 | loss: 0.6351929
	speed: 0.0396s/iter; left time: 671.4746s
	iters: 200, epoch: 1 | loss: 0.4488949
	speed: 0.0116s/iter; left time: 196.0595s
	iters: 300, epoch: 1 | loss: 0.3999303
	speed: 0.0181s/iter; left time: 303.7016s
	iters: 400, epoch: 1 | loss: 0.4704756
	speed: 0.0086s/iter; left time: 142.9254s
	iters: 500, epoch: 1 | loss: 0.4117761
	speed: 0.0088s/iter; left time: 145.0760s
Epoch: 1 cost time: 8.670668601989746
Epoch: 1, Steps: 569 | Train Loss: 0.5434400 Vali Loss: 0.4451427 Test Loss: 0.1773817
Validation loss decreased (inf --> 0.445143).  Saving model ...
Updating learning rate to 0.001
	iters: 100, epoch: 2 | loss: 0.4341424
	speed: 0.0959s/iter; left time: 1572.7185s
	iters: 200, epoch: 2 | loss: 0.2690828
	speed: 0.0244s/iter; left time: 397.5321s
	iters: 300, epoch: 2 | loss: 0.2552770
	speed: 0.0230s/iter; left time: 373.2328s
	iters: 400, epoch: 2 | loss: 0.2932109
	speed: 0.0193s/iter; left time: 310.4087s
	iters: 500, epoch: 2 | loss: 0.2905556
	speed: 0.0125s/iter; left time: 200.7241s
Epoch: 2 cost time: 11.9394211769104
Epoch: 2, Steps: 569 | Train Loss: 0.4469470 Vali Loss: 0.3908266 Test Loss: 0.1558191
Validation loss decreased (0.445143 --> 0.390827).  Saving model ...
Updating learning rate to 0.001
	iters: 100, epoch: 3 | loss: 0.2579813
	speed: 0.0796s/iter; left time: 1260.2592s
	iters: 200, epoch: 3 | loss: 0.4587754
	speed: 0.0121s/iter; left time: 190.3755s
	iters: 300, epoch: 3 | loss: 0.3743132
	speed: 0.0105s/iter; left time: 163.3970s
	iters: 400, epoch: 3 | loss: 0.7727320
	speed: 0.0108s/iter; left time: 167.1339s
	iters: 500, epoch: 3 | loss: 0.2655911
	speed: 0.0097s/iter; left time: 149.4601s
Epoch: 3 cost time: 7.277307033538818
Epoch: 3, Steps: 569 | Train Loss: 0.4186235 Vali Loss: 0.3849847 Test Loss: 0.1533224
Validation loss decreased (0.390827 --> 0.384985).  Saving model ...
Updating learning rate to 0.001
	iters: 100, epoch: 4 | loss: 0.4142660
	speed: 0.0868s/iter; left time: 1325.3709s
	iters: 200, epoch: 4 | loss: 0.3591903
	speed: 0.0118s/iter; left time: 179.1641s
	iters: 300, epoch: 4 | loss: 0.2612292
	speed: 0.0115s/iter; left time: 172.6152s
	iters: 400, epoch: 4 | loss: 0.3280450
	speed: 0.0110s/iter; left time: 165.0324s
	iters: 500, epoch: 4 | loss: 0.2793379
	speed: 0.0119s/iter; left time: 176.8221s
Epoch: 4 cost time: 7.629573345184326
Epoch: 4, Steps: 569 | Train Loss: 0.4196047 Vali Loss: 0.3911702 Test Loss: 0.1544784
EarlyStopping counter: 1 out of 5
Updating learning rate to 0.0008
	iters: 100, epoch: 5 | loss: 0.3117391
	speed: 0.0754s/iter; left time: 1108.2320s
	iters: 200, epoch: 5 | loss: 0.3853480
	speed: 0.0115s/iter; left time: 167.1374s
	iters: 300, epoch: 5 | loss: 0.3269064
	speed: 0.0117s/iter; left time: 169.7554s
	iters: 400, epoch: 5 | loss: 0.2789630
	speed: 0.0129s/iter; left time: 185.9144s
	iters: 500, epoch: 5 | loss: 0.2966633
	speed: 0.0115s/iter; left time: 164.9812s
Epoch: 5 cost time: 7.583908796310425
Epoch: 5, Steps: 569 | Train Loss: 0.4009637 Vali Loss: 0.3933913 Test Loss: 0.1555323
EarlyStopping counter: 2 out of 5
Updating learning rate to 0.0006400000000000002
	iters: 100, epoch: 6 | loss: 0.2352148
	speed: 0.1051s/iter; left time: 1484.1593s
	iters: 200, epoch: 6 | loss: 0.4108506
	speed: 0.0142s/iter; left time: 198.5129s
	iters: 300, epoch: 6 | loss: 0.4505060
	speed: 0.0101s/iter; left time: 141.3417s
	iters: 400, epoch: 6 | loss: 0.8205814
	speed: 0.0117s/iter; left time: 161.5704s
	iters: 500, epoch: 6 | loss: 0.2664778
	speed: 0.0111s/iter; left time: 152.6586s
Epoch: 6 cost time: 9.820986986160278
Epoch: 6, Steps: 569 | Train Loss: 0.3868922 Vali Loss: 0.4047686 Test Loss: 0.1549795
EarlyStopping counter: 3 out of 5
Updating learning rate to 0.0005120000000000001
	iters: 100, epoch: 7 | loss: 0.4420901
	speed: 0.0773s/iter; left time: 1047.8342s
	iters: 200, epoch: 7 | loss: 0.2764535
	speed: 0.0116s/iter; left time: 156.3429s
	iters: 300, epoch: 7 | loss: 0.2550997
	speed: 0.0109s/iter; left time: 145.7823s
	iters: 400, epoch: 7 | loss: 0.8926775
	speed: 0.0127s/iter; left time: 167.8896s
	iters: 500, epoch: 7 | loss: 0.5983558
	speed: 0.0106s/iter; left time: 138.8448s
Epoch: 7 cost time: 9.036508560180664
Epoch: 7, Steps: 569 | Train Loss: 0.3757210 Vali Loss: 0.3960215 Test Loss: 0.1507899
EarlyStopping counter: 4 out of 5
Updating learning rate to 0.0004096000000000001
	iters: 100, epoch: 8 | loss: 0.2490999
	speed: 0.1089s/iter; left time: 1414.1545s
	iters: 200, epoch: 8 | loss: 0.3154220
	speed: 0.0262s/iter; left time: 337.2626s
	iters: 300, epoch: 8 | loss: 0.7279306
	speed: 0.0248s/iter; left time: 317.1996s
	iters: 400, epoch: 8 | loss: 0.2149978
	speed: 0.0199s/iter; left time: 252.9134s
	iters: 500, epoch: 8 | loss: 0.2557881
	speed: 0.0155s/iter; left time: 195.6695s
Epoch: 8 cost time: 12.891399145126343
Epoch: 8, Steps: 569 | Train Loss: 0.3673185 Vali Loss: 0.4022029 Test Loss: 0.1565870
EarlyStopping counter: 5 out of 5
Early stopping
>>>>>>>testing : long_term_forecast_weather_336_96_None_patch3_b1.0_TQNet_custom_addlossNone_numpairsmax_patchlen16_alpha1.0_beta0.1<<<<<<<<<<<<<<<<<<<<<<<<<<<<<<<<<
test 10444
mse:0.15391460061073303, mae:0.20544151961803436
================================================================================
Model Profiling Summary
Total Params             : 1,203,056
Inference Time (s)       : 0.001732
GPU Mem Footprint (MB)   : 29.88
Peak Mem (MB)            : 44.91
================================================================================
Deleted model checkpoint at: ./checkpoints/long_term_forecast_weather_336_96_None_patch3_b1.0_TQNet_custom_addlossNone_numpairsmax_patchlen16_alpha1.0_beta0.1/checkpoint.pth
[OK] TQNet | seq_len=336 | pred_len=96 | mse=0.154 | mae=0.205
======================================================
Running Weather | model=CvLoss | seq_len=336 | pred_len=192 | patchlen=3 | beta=1.0
======================================================
Args in experiment:
Namespace(random_seed=2024, is_training=1, model_id='weather_336_192_fcv_patch3_b1.0', model='TQNet', data='custom', root_path='./dataset/', data_path='weather.csv', features='M', target='OT', freq='h', checkpoints='./checkpoints/', seq_len=336, label_len=0, pred_len=192, cycle=144, model_type='mlp', use_revin=1, fc_dropout=0.05, head_dropout=0.0, patch_len=16, stride=8, padding_patch='end', revin=0, affine=0, subtract_last=0, decomposition=0, kernel_size=25, individual=0, rnn_type='gru', dec_way='pmf', seg_len=48, channel_id=1, embed_type=0, enc_in=21, dec_in=7, c_out=7, d_model=512, n_heads=8, e_layers=2, d_layers=1, d_ff=2048, moving_avg=25, factor=1, distil=True, dropout=0.5, embed='timeF', activation='gelu', output_attention=False, do_predict=False, num_workers=10, itr=1, train_epochs=30, batch_size=64, patience=5, learning_rate=0.001, des='test', loss='mse', lradj='type3', pct_start=0.3, use_amp=False, use_gpu=True, gpu=0, use_multi_gpu=False, devices='0,1', test_flop=False, add_loss='fcv', num_pairs='max', loss_patchlen=3, alpha_add_loss=0.0, beta_add_loss=1.0)
Use GPU: cuda:0
>>>>>>>start training : long_term_forecast_weather_336_192_fcv_patch3_b1.0_TQNet_custom_addlossfcv_numpairsmax_patchlen3_alpha0.0_beta1.0>>>>>>>>>>>>>>>>>>>>>>>>>>
train 36360
val 5079
test 10348
	iters: 100, epoch: 1 | loss: 0.6201838
	speed: 0.0530s/iter; left time: 898.6645s
	iters: 200, epoch: 1 | loss: 0.6757210
	speed: 0.0222s/iter; left time: 373.4077s
	iters: 300, epoch: 1 | loss: 0.6522794
	speed: 0.0239s/iter; left time: 400.4022s
	iters: 400, epoch: 1 | loss: 0.5741816
	speed: 0.0157s/iter; left time: 261.1238s
	iters: 500, epoch: 1 | loss: 0.6156259
	speed: 0.0164s/iter; left time: 270.8771s
Epoch: 1 cost time: 13.551522731781006
Epoch: 1, Steps: 568 | Train Loss: 0.6289812 Vali Loss: 0.5081066 Test Loss: 0.2143479
Validation loss decreased (inf --> 0.508107).  Saving model ...
Updating learning rate to 0.001
	iters: 100, epoch: 2 | loss: 0.5442851
	speed: 0.0955s/iter; left time: 1564.3916s
	iters: 200, epoch: 2 | loss: 0.5472643
	speed: 0.0116s/iter; left time: 189.1910s
	iters: 300, epoch: 2 | loss: 0.5484126
	speed: 0.0127s/iter; left time: 205.0249s
	iters: 400, epoch: 2 | loss: 0.5075939
	speed: 0.0161s/iter; left time: 258.7163s
	iters: 500, epoch: 2 | loss: 0.5281694
	speed: 0.0127s/iter; left time: 202.1020s
Epoch: 2 cost time: 9.098299980163574
Epoch: 2, Steps: 568 | Train Loss: 0.5370856 Vali Loss: 0.4539613 Test Loss: 0.1991074
Validation loss decreased (0.508107 --> 0.453961).  Saving model ...
Updating learning rate to 0.001
	iters: 100, epoch: 3 | loss: 0.5446475
	speed: 0.1127s/iter; left time: 1781.3839s
	iters: 200, epoch: 3 | loss: 0.5391332
	speed: 0.0233s/iter; left time: 366.1312s
	iters: 300, epoch: 3 | loss: 0.5082744
	speed: 0.0144s/iter; left time: 224.9044s
	iters: 400, epoch: 3 | loss: 0.4847748
	speed: 0.0155s/iter; left time: 239.8827s
	iters: 500, epoch: 3 | loss: 0.5094700
	speed: 0.0158s/iter; left time: 242.7515s
Epoch: 3 cost time: 10.466966152191162
Epoch: 3, Steps: 568 | Train Loss: 0.5139912 Vali Loss: 0.4542498 Test Loss: 0.1992397
EarlyStopping counter: 1 out of 5
Updating learning rate to 0.001
	iters: 100, epoch: 4 | loss: 0.5365381
	speed: 0.0983s/iter; left time: 1498.2779s
	iters: 200, epoch: 4 | loss: 0.5465319
	speed: 0.0157s/iter; left time: 237.9143s
	iters: 300, epoch: 4 | loss: 0.5648183
	speed: 0.0160s/iter; left time: 240.8672s
	iters: 400, epoch: 4 | loss: 0.5278270
	speed: 0.0158s/iter; left time: 236.2312s
	iters: 500, epoch: 4 | loss: 0.4889553
	speed: 0.0158s/iter; left time: 234.9900s
Epoch: 4 cost time: 10.099633693695068
Epoch: 4, Steps: 568 | Train Loss: 0.5042534 Vali Loss: 0.4547173 Test Loss: 0.2017161
EarlyStopping counter: 2 out of 5
Updating learning rate to 0.0008
	iters: 100, epoch: 5 | loss: 0.5020979
	speed: 0.1410s/iter; left time: 2068.0335s
	iters: 200, epoch: 5 | loss: 0.4860144
	speed: 0.0156s/iter; left time: 227.2833s
	iters: 300, epoch: 5 | loss: 0.4159309
	speed: 0.0152s/iter; left time: 219.9419s
	iters: 400, epoch: 5 | loss: 0.4715602
	speed: 0.0155s/iter; left time: 222.5625s
	iters: 500, epoch: 5 | loss: 0.5138085
	speed: 0.0155s/iter; left time: 221.5276s
Epoch: 5 cost time: 11.130528450012207
Epoch: 5, Steps: 568 | Train Loss: 0.4912468 Vali Loss: 0.4552442 Test Loss: 0.1985709
EarlyStopping counter: 3 out of 5
Updating learning rate to 0.0006400000000000002
	iters: 100, epoch: 6 | loss: 0.4648813
	speed: 0.1019s/iter; left time: 1436.8887s
	iters: 200, epoch: 6 | loss: 0.4839099
	speed: 0.0184s/iter; left time: 257.5202s
	iters: 300, epoch: 6 | loss: 0.4318098
	speed: 0.0148s/iter; left time: 206.0632s
	iters: 400, epoch: 6 | loss: 0.5139277
	speed: 0.0185s/iter; left time: 255.0742s
	iters: 500, epoch: 6 | loss: 0.5332639
	speed: 0.0131s/iter; left time: 178.8451s
Epoch: 6 cost time: 10.812998294830322
Epoch: 6, Steps: 568 | Train Loss: 0.4780857 Vali Loss: 0.4605968 Test Loss: 0.1983974
EarlyStopping counter: 4 out of 5
Updating learning rate to 0.0005120000000000001
	iters: 100, epoch: 7 | loss: 0.4866253
	speed: 0.1109s/iter; left time: 1500.8975s
	iters: 200, epoch: 7 | loss: 0.4840943
	speed: 0.0257s/iter; left time: 345.3684s
	iters: 300, epoch: 7 | loss: 0.4553567
	speed: 0.0135s/iter; left time: 179.8769s
	iters: 400, epoch: 7 | loss: 0.4326456
	speed: 0.0126s/iter; left time: 166.2594s
	iters: 500, epoch: 7 | loss: 0.4597094
	speed: 0.0136s/iter; left time: 178.8709s
Epoch: 7 cost time: 10.009213209152222
Epoch: 7, Steps: 568 | Train Loss: 0.4661626 Vali Loss: 0.4634053 Test Loss: 0.1991648
EarlyStopping counter: 5 out of 5
Early stopping
>>>>>>>testing : long_term_forecast_weather_336_192_fcv_patch3_b1.0_TQNet_custom_addlossfcv_numpairsmax_patchlen3_alpha0.0_beta1.0<<<<<<<<<<<<<<<<<<<<<<<<<<<<<<<<<
test 10348
mse:0.19935166835784912, mae:0.24170832335948944
================================================================================
Model Profiling Summary
Total Params             : 1,252,304
Inference Time (s)       : 0.002886
GPU Mem Footprint (MB)   : 34.08
Peak Mem (MB)            : 49.12
================================================================================
Deleted model checkpoint at: ./checkpoints/long_term_forecast_weather_336_192_fcv_patch3_b1.0_TQNet_custom_addlossfcv_numpairsmax_patchlen3_alpha0.0_beta1.0/checkpoint.pth
[OK] CvLoss | seq_len=336 | pred_len=192 | mse=0.199 | mae=0.242
======================================================
Running Weather | model=TQNet | seq_len=336 | pred_len=192 | patchlen=3 | beta=1.0
======================================================
Args in experiment:
Namespace(random_seed=2024, is_training=1, model_id='weather_336_192_None_patch3_b1.0', model='TQNet', data='custom', root_path='./dataset/', data_path='weather.csv', features='M', target='OT', freq='h', checkpoints='./checkpoints/', seq_len=336, label_len=0, pred_len=192, cycle=144, model_type='mlp', use_revin=1, fc_dropout=0.05, head_dropout=0.0, patch_len=16, stride=8, padding_patch='end', revin=0, affine=0, subtract_last=0, decomposition=0, kernel_size=25, individual=0, rnn_type='gru', dec_way='pmf', seg_len=48, channel_id=1, embed_type=0, enc_in=21, dec_in=7, c_out=7, d_model=512, n_heads=8, e_layers=2, d_layers=1, d_ff=2048, moving_avg=25, factor=1, distil=True, dropout=0.5, embed='timeF', activation='gelu', output_attention=False, do_predict=False, num_workers=10, itr=1, train_epochs=30, batch_size=64, patience=5, learning_rate=0.001, des='test', loss='mse', lradj='type3', pct_start=0.3, use_amp=False, use_gpu=True, gpu=0, use_multi_gpu=False, devices='0,1', test_flop=False, add_loss='None', num_pairs='max', loss_patchlen=16, alpha_add_loss=1.0, beta_add_loss=0.1)
Use GPU: cuda:0
>>>>>>>start training : long_term_forecast_weather_336_192_None_patch3_b1.0_TQNet_custom_addlossNone_numpairsmax_patchlen16_alpha1.0_beta0.1>>>>>>>>>>>>>>>>>>>>>>>>>>
train 36360
val 5079
test 10348
	iters: 100, epoch: 1 | loss: 0.4642611
	speed: 0.0415s/iter; left time: 703.7518s
	iters: 200, epoch: 1 | loss: 0.6966931
	speed: 0.0128s/iter; left time: 215.1151s
	iters: 300, epoch: 1 | loss: 0.6503677
	speed: 0.0114s/iter; left time: 190.5661s
	iters: 400, epoch: 1 | loss: 0.4310306
	speed: 0.0124s/iter; left time: 205.6848s
	iters: 500, epoch: 1 | loss: 0.4945125
	speed: 0.0129s/iter; left time: 213.7723s
Epoch: 1 cost time: 9.371302366256714
Epoch: 1, Steps: 568 | Train Loss: 0.5956166 Vali Loss: 0.5132138 Test Loss: 0.2219690
Validation loss decreased (inf --> 0.513214).  Saving model ...
Updating learning rate to 0.001
	iters: 100, epoch: 2 | loss: 0.8218331
	speed: 0.0768s/iter; left time: 1256.7470s
	iters: 200, epoch: 2 | loss: 0.4553320
	speed: 0.0134s/iter; left time: 217.9524s
	iters: 300, epoch: 2 | loss: 0.4168807
	speed: 0.0123s/iter; left time: 198.1353s
	iters: 400, epoch: 2 | loss: 0.3135966
	speed: 0.0115s/iter; left time: 184.7683s
	iters: 500, epoch: 2 | loss: 0.4048255
	speed: 0.0135s/iter; left time: 215.4911s
Epoch: 2 cost time: 8.122774124145508
Epoch: 2, Steps: 568 | Train Loss: 0.4976601 Vali Loss: 0.4577807 Test Loss: 0.2024680
Validation loss decreased (0.513214 --> 0.457781).  Saving model ...
Updating learning rate to 0.001
	iters: 100, epoch: 3 | loss: 0.4292991
	speed: 0.1218s/iter; left time: 1925.1968s
	iters: 200, epoch: 3 | loss: 0.4016395
	speed: 0.0129s/iter; left time: 203.0968s
	iters: 300, epoch: 3 | loss: 0.8296494
	speed: 0.0189s/iter; left time: 294.7742s
	iters: 400, epoch: 3 | loss: 0.5801487
	speed: 0.0182s/iter; left time: 281.6948s
	iters: 500, epoch: 3 | loss: 0.3957626
	speed: 0.0132s/iter; left time: 202.9533s
Epoch: 3 cost time: 10.562117099761963
Epoch: 3, Steps: 568 | Train Loss: 0.4758146 Vali Loss: 0.4520895 Test Loss: 0.1991870
Validation loss decreased (0.457781 --> 0.452089).  Saving model ...
Updating learning rate to 0.001
	iters: 100, epoch: 4 | loss: 0.4889323
	speed: 0.0781s/iter; left time: 1190.0438s
	iters: 200, epoch: 4 | loss: 0.4138769
	speed: 0.0146s/iter; left time: 221.6763s
	iters: 300, epoch: 4 | loss: 0.7394001
	speed: 0.0205s/iter; left time: 308.8306s
	iters: 400, epoch: 4 | loss: 0.6410456
	speed: 0.0123s/iter; left time: 184.1896s
	iters: 500, epoch: 4 | loss: 0.3522826
	speed: 0.0120s/iter; left time: 177.7712s
Epoch: 4 cost time: 9.127490758895874
Epoch: 4, Steps: 568 | Train Loss: 0.4656574 Vali Loss: 0.4643802 Test Loss: 0.2031751
EarlyStopping counter: 1 out of 5
Updating learning rate to 0.0008
	iters: 100, epoch: 5 | loss: 0.3621464
	speed: 0.1653s/iter; left time: 2424.9154s
	iters: 200, epoch: 5 | loss: 0.3090365
	speed: 0.0220s/iter; left time: 321.0579s
	iters: 300, epoch: 5 | loss: 0.4306609
	speed: 0.0125s/iter; left time: 180.7460s
	iters: 400, epoch: 5 | loss: 0.3571524
	speed: 0.0135s/iter; left time: 194.2458s
	iters: 500, epoch: 5 | loss: 0.6583889
	speed: 0.0140s/iter; left time: 200.3883s
Epoch: 5 cost time: 11.446304321289062
Epoch: 5, Steps: 568 | Train Loss: 0.4534323 Vali Loss: 0.4562416 Test Loss: 0.1993133
EarlyStopping counter: 2 out of 5
Updating learning rate to 0.0006400000000000002
	iters: 100, epoch: 6 | loss: 0.5699149
	speed: 0.0822s/iter; left time: 1159.5094s
	iters: 200, epoch: 6 | loss: 0.3439758
	speed: 0.0131s/iter; left time: 183.1854s
	iters: 300, epoch: 6 | loss: 0.3532455
	speed: 0.0125s/iter; left time: 174.4043s
	iters: 400, epoch: 6 | loss: 0.3686866
	speed: 0.0119s/iter; left time: 164.7202s
	iters: 500, epoch: 6 | loss: 0.4954984
	speed: 0.0136s/iter; left time: 186.9425s
Epoch: 6 cost time: 8.45646357536316
Epoch: 6, Steps: 568 | Train Loss: 0.4386023 Vali Loss: 0.4567190 Test Loss: 0.1989902
EarlyStopping counter: 3 out of 5
Updating learning rate to 0.0005120000000000001
	iters: 100, epoch: 7 | loss: 0.4101419
	speed: 0.0857s/iter; left time: 1159.8331s
	iters: 200, epoch: 7 | loss: 0.3907760
	speed: 0.0129s/iter; left time: 173.9014s
	iters: 300, epoch: 7 | loss: 0.2983006
	speed: 0.0123s/iter; left time: 164.3276s
	iters: 400, epoch: 7 | loss: 0.3180108
	speed: 0.0258s/iter; left time: 341.5724s
	iters: 500, epoch: 7 | loss: 0.3734308
	speed: 0.0237s/iter; left time: 310.9644s
Epoch: 7 cost time: 11.56973385810852
Epoch: 7, Steps: 568 | Train Loss: 0.4273558 Vali Loss: 0.4623522 Test Loss: 0.2014188
EarlyStopping counter: 4 out of 5
Updating learning rate to 0.0004096000000000001
	iters: 100, epoch: 8 | loss: 0.4004996
	speed: 0.1008s/iter; left time: 1306.6709s
	iters: 200, epoch: 8 | loss: 0.3415519
	speed: 0.0179s/iter; left time: 230.2189s
	iters: 300, epoch: 8 | loss: 0.3301895
	speed: 0.0088s/iter; left time: 112.6996s
	iters: 400, epoch: 8 | loss: 0.5654169
	speed: 0.0113s/iter; left time: 143.1177s
	iters: 500, epoch: 8 | loss: 0.5840092
	speed: 0.0109s/iter; left time: 136.5528s
Epoch: 8 cost time: 7.551646709442139
Epoch: 8, Steps: 568 | Train Loss: 0.4154537 Vali Loss: 0.4698032 Test Loss: 0.2034523
EarlyStopping counter: 5 out of 5
Early stopping
>>>>>>>testing : long_term_forecast_weather_336_192_None_patch3_b1.0_TQNet_custom_addlossNone_numpairsmax_patchlen16_alpha1.0_beta0.1<<<<<<<<<<<<<<<<<<<<<<<<<<<<<<<<<
test 10348
mse:0.19945506751537323, mae:0.2457578480243683
================================================================================
Model Profiling Summary
Total Params             : 1,252,304
Inference Time (s)       : 0.003503
GPU Mem Footprint (MB)   : 34.08
Peak Mem (MB)            : 49.12
================================================================================
Deleted model checkpoint at: ./checkpoints/long_term_forecast_weather_336_192_None_patch3_b1.0_TQNet_custom_addlossNone_numpairsmax_patchlen16_alpha1.0_beta0.1/checkpoint.pth
[OK] TQNet | seq_len=336 | pred_len=192 | mse=0.199 | mae=0.246
======================================================
Running Weather | model=CvLoss | seq_len=336 | pred_len=336 | patchlen=3 | beta=0.5
======================================================
Args in experiment:
Namespace(random_seed=2024, is_training=1, model_id='weather_336_336_fcv_patch3_b0.5', model='TQNet', data='custom', root_path='./dataset/', data_path='weather.csv', features='M', target='OT', freq='h', checkpoints='./checkpoints/', seq_len=336, label_len=0, pred_len=336, cycle=144, model_type='mlp', use_revin=1, fc_dropout=0.05, head_dropout=0.0, patch_len=16, stride=8, padding_patch='end', revin=0, affine=0, subtract_last=0, decomposition=0, kernel_size=25, individual=0, rnn_type='gru', dec_way='pmf', seg_len=48, channel_id=1, embed_type=0, enc_in=21, dec_in=7, c_out=7, d_model=512, n_heads=8, e_layers=2, d_layers=1, d_ff=2048, moving_avg=25, factor=1, distil=True, dropout=0.5, embed='timeF', activation='gelu', output_attention=False, do_predict=False, num_workers=10, itr=1, train_epochs=30, batch_size=64, patience=5, learning_rate=0.001, des='test', loss='mse', lradj='type3', pct_start=0.3, use_amp=False, use_gpu=True, gpu=0, use_multi_gpu=False, devices='0,1', test_flop=False, add_loss='fcv', num_pairs='max', loss_patchlen=3, alpha_add_loss=0.5, beta_add_loss=0.5)
Use GPU: cuda:0
>>>>>>>start training : long_term_forecast_weather_336_336_fcv_patch3_b0.5_TQNet_custom_addlossfcv_numpairsmax_patchlen3_alpha0.5_beta0.5>>>>>>>>>>>>>>>>>>>>>>>>>>
train 36216
val 4935
test 10204
	iters: 100, epoch: 1 | loss: 0.7312604
	speed: 0.0429s/iter; left time: 722.4776s
	iters: 200, epoch: 1 | loss: 0.6601869
	speed: 0.0146s/iter; left time: 245.3449s
	iters: 300, epoch: 1 | loss: 0.7353433
	speed: 0.0140s/iter; left time: 233.1474s
	iters: 400, epoch: 1 | loss: 0.6473213
	speed: 0.0146s/iter; left time: 241.9818s
	iters: 500, epoch: 1 | loss: 0.6070751
	speed: 0.0154s/iter; left time: 253.7353s
Epoch: 1 cost time: 10.602659940719604
Epoch: 1, Steps: 565 | Train Loss: 0.6649468 Vali Loss: 0.5901000 Test Loss: 0.2671213
Validation loss decreased (inf --> 0.590100).  Saving model ...
Updating learning rate to 0.001
	iters: 100, epoch: 2 | loss: 0.6030972
	speed: 0.0823s/iter; left time: 1341.0360s
	iters: 200, epoch: 2 | loss: 0.5767700
	speed: 0.0148s/iter; left time: 238.8884s
	iters: 300, epoch: 2 | loss: 0.6848206
	speed: 0.0150s/iter; left time: 241.2680s
	iters: 400, epoch: 2 | loss: 0.6001304
	speed: 0.0148s/iter; left time: 235.8138s
	iters: 500, epoch: 2 | loss: 0.5078085
	speed: 0.0152s/iter; left time: 241.0314s
Epoch: 2 cost time: 9.479071617126465
Epoch: 2, Steps: 565 | Train Loss: 0.5761846 Vali Loss: 0.5420246 Test Loss: 0.2533100
Validation loss decreased (0.590100 --> 0.542025).  Saving model ...
Updating learning rate to 0.001
	iters: 100, epoch: 3 | loss: 0.4688808
	speed: 0.1039s/iter; left time: 1632.8634s
	iters: 200, epoch: 3 | loss: 0.5274783
	speed: 0.0224s/iter; left time: 350.4273s
	iters: 300, epoch: 3 | loss: 0.5106864
	speed: 0.0227s/iter; left time: 351.6399s
	iters: 400, epoch: 3 | loss: 0.4657154
	speed: 0.0183s/iter; left time: 282.7758s
	iters: 500, epoch: 3 | loss: 0.5997492
	speed: 0.0140s/iter; left time: 214.8832s
Epoch: 3 cost time: 11.745461463928223
Epoch: 3, Steps: 565 | Train Loss: 0.5521106 Vali Loss: 0.5336376 Test Loss: 0.2539925
Validation loss decreased (0.542025 --> 0.533638).  Saving model ...
Updating learning rate to 0.001
	iters: 100, epoch: 4 | loss: 0.5164880
	speed: 0.0969s/iter; left time: 1468.0190s
	iters: 200, epoch: 4 | loss: 0.5839431
	speed: 0.0169s/iter; left time: 255.1957s
	iters: 300, epoch: 4 | loss: 0.5786758
	speed: 0.0114s/iter; left time: 170.2080s
	iters: 400, epoch: 4 | loss: 0.6744411
	speed: 0.0106s/iter; left time: 157.0571s
	iters: 500, epoch: 4 | loss: 0.5851091
	speed: 0.0121s/iter; left time: 178.1911s
Epoch: 4 cost time: 8.922311544418335
Epoch: 4, Steps: 565 | Train Loss: 0.5458992 Vali Loss: 0.5312275 Test Loss: 0.2481562
Validation loss decreased (0.533638 --> 0.531228).  Saving model ...
Updating learning rate to 0.0008
	iters: 100, epoch: 5 | loss: 0.6270059
	speed: 0.0981s/iter; left time: 1430.8671s
	iters: 200, epoch: 5 | loss: 0.5260847
	speed: 0.0131s/iter; left time: 189.1790s
	iters: 300, epoch: 5 | loss: 0.4544913
	speed: 0.0148s/iter; left time: 212.8512s
	iters: 400, epoch: 5 | loss: 0.4980429
	speed: 0.0257s/iter; left time: 367.2921s
	iters: 500, epoch: 5 | loss: 0.4777039
	speed: 0.0154s/iter; left time: 218.4939s
Epoch: 5 cost time: 10.232048988342285
Epoch: 5, Steps: 565 | Train Loss: 0.5315507 Vali Loss: 0.5319434 Test Loss: 0.2486978
EarlyStopping counter: 1 out of 5
Updating learning rate to 0.0006400000000000002
	iters: 100, epoch: 6 | loss: 0.5438541
	speed: 0.0976s/iter; left time: 1368.6491s
	iters: 200, epoch: 6 | loss: 0.5552181
	speed: 0.0155s/iter; left time: 215.3445s
	iters: 300, epoch: 6 | loss: 0.5217139
	speed: 0.0152s/iter; left time: 210.2793s
	iters: 400, epoch: 6 | loss: 0.4300109
	speed: 0.0149s/iter; left time: 205.1572s
	iters: 500, epoch: 6 | loss: 0.5215067
	speed: 0.0226s/iter; left time: 307.6362s
Epoch: 6 cost time: 10.849559545516968
Epoch: 6, Steps: 565 | Train Loss: 0.5187519 Vali Loss: 0.5309134 Test Loss: 0.2466248
Validation loss decreased (0.531228 --> 0.530913).  Saving model ...
Updating learning rate to 0.0005120000000000001
	iters: 100, epoch: 7 | loss: 0.6835485
	speed: 0.1343s/iter; left time: 1807.2576s
	iters: 200, epoch: 7 | loss: 0.4547649
	speed: 0.0141s/iter; left time: 188.8528s
	iters: 300, epoch: 7 | loss: 0.4838576
	speed: 0.0152s/iter; left time: 201.4028s
	iters: 400, epoch: 7 | loss: 0.4733676
	speed: 0.0157s/iter; left time: 206.2656s
	iters: 500, epoch: 7 | loss: 0.4452214
	speed: 0.0153s/iter; left time: 199.2746s
Epoch: 7 cost time: 9.735985279083252
Epoch: 7, Steps: 565 | Train Loss: 0.5051920 Vali Loss: 0.5366446 Test Loss: 0.2485365
EarlyStopping counter: 1 out of 5
Updating learning rate to 0.0004096000000000001
	iters: 100, epoch: 8 | loss: 0.5518838
	speed: 0.0979s/iter; left time: 1262.1812s
	iters: 200, epoch: 8 | loss: 0.4801028
	speed: 0.0142s/iter; left time: 182.2967s
	iters: 300, epoch: 8 | loss: 0.5409755
	speed: 0.0112s/iter; left time: 141.8647s
	iters: 400, epoch: 8 | loss: 0.4730948
	speed: 0.0168s/iter; left time: 211.0407s
	iters: 500, epoch: 8 | loss: 0.4751185
	speed: 0.0146s/iter; left time: 182.4549s
Epoch: 8 cost time: 9.454813957214355
Epoch: 8, Steps: 565 | Train Loss: 0.4940518 Vali Loss: 0.5406877 Test Loss: 0.2524669
EarlyStopping counter: 2 out of 5
Updating learning rate to 0.0003276800000000001
	iters: 100, epoch: 9 | loss: 0.5581441
	speed: 0.0905s/iter; left time: 1116.4179s
	iters: 200, epoch: 9 | loss: 0.4530171
	speed: 0.0121s/iter; left time: 147.8451s
	iters: 300, epoch: 9 | loss: 0.4628369
	speed: 0.0133s/iter; left time: 161.8065s
	iters: 400, epoch: 9 | loss: 0.5976439
	speed: 0.0150s/iter; left time: 179.9733s
	iters: 500, epoch: 9 | loss: 0.5521488
	speed: 0.0120s/iter; left time: 143.4735s
Epoch: 9 cost time: 8.327134609222412
Epoch: 9, Steps: 565 | Train Loss: 0.4845051 Vali Loss: 0.5474008 Test Loss: 0.2529628
EarlyStopping counter: 3 out of 5
Updating learning rate to 0.0002621440000000001
	iters: 100, epoch: 10 | loss: 0.3972566
	speed: 0.0893s/iter; left time: 1051.0784s
	iters: 200, epoch: 10 | loss: 0.4440738
	speed: 0.0369s/iter; left time: 430.4027s
	iters: 300, epoch: 10 | loss: 0.4192151
	speed: 0.0390s/iter; left time: 450.6351s
	iters: 400, epoch: 10 | loss: 0.4150536
	speed: 0.0316s/iter; left time: 361.8717s
	iters: 500, epoch: 10 | loss: 0.4268402
	speed: 0.0153s/iter; left time: 174.2686s
Epoch: 10 cost time: 15.57477879524231
Epoch: 10, Steps: 565 | Train Loss: 0.4776782 Vali Loss: 0.5488946 Test Loss: 0.2532792
EarlyStopping counter: 4 out of 5
Updating learning rate to 0.0002097152000000001
	iters: 100, epoch: 11 | loss: 0.4221153
	speed: 0.1037s/iter; left time: 1162.0158s
	iters: 200, epoch: 11 | loss: 0.3891204
	speed: 0.0167s/iter; left time: 185.3033s
	iters: 300, epoch: 11 | loss: 0.4656583
	speed: 0.0147s/iter; left time: 162.2309s
	iters: 400, epoch: 11 | loss: 0.4066128
	speed: 0.0171s/iter; left time: 186.1074s
	iters: 500, epoch: 11 | loss: 0.4888453
	speed: 0.0158s/iter; left time: 170.1717s
Epoch: 11 cost time: 10.358122825622559
Epoch: 11, Steps: 565 | Train Loss: 0.4713218 Vali Loss: 0.5499073 Test Loss: 0.2538064
EarlyStopping counter: 5 out of 5
Early stopping
>>>>>>>testing : long_term_forecast_weather_336_336_fcv_patch3_b0.5_TQNet_custom_addlossfcv_numpairsmax_patchlen3_alpha0.5_beta0.5<<<<<<<<<<<<<<<<<<<<<<<<<<<<<<<<<
test 10204
mse:0.24722003936767578, mae:0.28071874380111694
================================================================================
Model Profiling Summary
Total Params             : 1,326,176
Inference Time (s)       : 0.003432
GPU Mem Footprint (MB)   : 36.76
Peak Mem (MB)            : 52.34
================================================================================
Deleted model checkpoint at: ./checkpoints/long_term_forecast_weather_336_336_fcv_patch3_b0.5_TQNet_custom_addlossfcv_numpairsmax_patchlen3_alpha0.5_beta0.5/checkpoint.pth
[OK] CvLoss | seq_len=336 | pred_len=336 | mse=0.247 | mae=0.281
======================================================
Running Weather | model=TQNet | seq_len=336 | pred_len=336 | patchlen=3 | beta=0.5
======================================================
Args in experiment:
Namespace(random_seed=2024, is_training=1, model_id='weather_336_336_None_patch3_b0.5', model='TQNet', data='custom', root_path='./dataset/', data_path='weather.csv', features='M', target='OT', freq='h', checkpoints='./checkpoints/', seq_len=336, label_len=0, pred_len=336, cycle=144, model_type='mlp', use_revin=1, fc_dropout=0.05, head_dropout=0.0, patch_len=16, stride=8, padding_patch='end', revin=0, affine=0, subtract_last=0, decomposition=0, kernel_size=25, individual=0, rnn_type='gru', dec_way='pmf', seg_len=48, channel_id=1, embed_type=0, enc_in=21, dec_in=7, c_out=7, d_model=512, n_heads=8, e_layers=2, d_layers=1, d_ff=2048, moving_avg=25, factor=1, distil=True, dropout=0.5, embed='timeF', activation='gelu', output_attention=False, do_predict=False, num_workers=10, itr=1, train_epochs=30, batch_size=64, patience=5, learning_rate=0.001, des='test', loss='mse', lradj='type3', pct_start=0.3, use_amp=False, use_gpu=True, gpu=0, use_multi_gpu=False, devices='0,1', test_flop=False, add_loss='None', num_pairs='max', loss_patchlen=16, alpha_add_loss=1.0, beta_add_loss=0.1)
Use GPU: cuda:0
>>>>>>>start training : long_term_forecast_weather_336_336_None_patch3_b0.5_TQNet_custom_addlossNone_numpairsmax_patchlen16_alpha1.0_beta0.1>>>>>>>>>>>>>>>>>>>>>>>>>>
train 36216
val 4935
test 10204
	iters: 100, epoch: 1 | loss: 0.7559720
	speed: 0.0437s/iter; left time: 736.0241s
	iters: 200, epoch: 1 | loss: 0.6654863
	speed: 0.0129s/iter; left time: 216.1849s
	iters: 300, epoch: 1 | loss: 0.7759718
	speed: 0.0227s/iter; left time: 377.9285s
	iters: 400, epoch: 1 | loss: 0.6534935
	speed: 0.0362s/iter; left time: 599.8556s
	iters: 500, epoch: 1 | loss: 0.5626237
	speed: 0.0216s/iter; left time: 355.2366s
Epoch: 1 cost time: 13.978162288665771
Epoch: 1, Steps: 565 | Train Loss: 0.6485838 Vali Loss: 0.5935454 Test Loss: 0.2698368
Validation loss decreased (inf --> 0.593545).  Saving model ...
Updating learning rate to 0.001
	iters: 100, epoch: 2 | loss: 0.5793110
	speed: 0.0793s/iter; left time: 1292.2018s
	iters: 200, epoch: 2 | loss: 0.5180205
	speed: 0.0112s/iter; left time: 180.5475s
	iters: 300, epoch: 2 | loss: 0.7479922
	speed: 0.0099s/iter; left time: 158.5743s
	iters: 400, epoch: 2 | loss: 0.5353187
	speed: 0.0106s/iter; left time: 169.9898s
	iters: 500, epoch: 2 | loss: 0.4396329
	speed: 0.0113s/iter; left time: 179.9604s
Epoch: 2 cost time: 8.495256185531616
Epoch: 2, Steps: 565 | Train Loss: 0.5530428 Vali Loss: 0.5433202 Test Loss: 0.2515505
Validation loss decreased (0.593545 --> 0.543320).  Saving model ...
Updating learning rate to 0.001
	iters: 100, epoch: 3 | loss: 0.3866147
	speed: 0.1010s/iter; left time: 1587.7322s
	iters: 200, epoch: 3 | loss: 0.5205973
	speed: 0.0122s/iter; left time: 189.8963s
	iters: 300, epoch: 3 | loss: 0.4463403
	speed: 0.0126s/iter; left time: 195.6759s
	iters: 400, epoch: 3 | loss: 0.3890989
	speed: 0.0120s/iter; left time: 185.5732s
	iters: 500, epoch: 3 | loss: 0.6169899
	speed: 0.0130s/iter; left time: 199.8236s
Epoch: 3 cost time: 8.378841876983643
Epoch: 3, Steps: 565 | Train Loss: 0.5273793 Vali Loss: 0.5322148 Test Loss: 0.2493445
Validation loss decreased (0.543320 --> 0.532215).  Saving model ...
Updating learning rate to 0.001
	iters: 100, epoch: 4 | loss: 0.4394487
	speed: 0.0914s/iter; left time: 1385.5840s
	iters: 200, epoch: 4 | loss: 0.5905360
	speed: 0.0122s/iter; left time: 183.9193s
	iters: 300, epoch: 4 | loss: 0.5268304
	speed: 0.0123s/iter; left time: 184.2787s
	iters: 400, epoch: 4 | loss: 0.7678094
	speed: 0.0114s/iter; left time: 168.6540s
	iters: 500, epoch: 4 | loss: 0.5933409
	speed: 0.0123s/iter; left time: 181.9000s
Epoch: 4 cost time: 7.8979551792144775
Epoch: 4, Steps: 565 | Train Loss: 0.5197012 Vali Loss: 0.5369397 Test Loss: 0.2484283
EarlyStopping counter: 1 out of 5
Updating learning rate to 0.0008
	iters: 100, epoch: 5 | loss: 0.7155153
	speed: 0.0872s/iter; left time: 1272.5311s
	iters: 200, epoch: 5 | loss: 0.4671106
	speed: 0.0145s/iter; left time: 209.4977s
	iters: 300, epoch: 5 | loss: 0.3883905
	speed: 0.0138s/iter; left time: 198.4841s
	iters: 400, epoch: 5 | loss: 0.4398553
	speed: 0.0122s/iter; left time: 174.6989s
	iters: 500, epoch: 5 | loss: 0.4135858
	speed: 0.0175s/iter; left time: 247.6778s
Epoch: 5 cost time: 9.73395848274231
Epoch: 5, Steps: 565 | Train Loss: 0.5081382 Vali Loss: 0.5329536 Test Loss: 0.2470601
EarlyStopping counter: 2 out of 5
Updating learning rate to 0.0006400000000000002
	iters: 100, epoch: 6 | loss: 0.5037331
	speed: 0.1316s/iter; left time: 1845.3068s
	iters: 200, epoch: 6 | loss: 0.5550352
	speed: 0.0158s/iter; left time: 220.5118s
	iters: 300, epoch: 6 | loss: 0.4717314
	speed: 0.0113s/iter; left time: 156.0287s
	iters: 400, epoch: 6 | loss: 0.3406344
	speed: 0.0133s/iter; left time: 182.5023s
	iters: 500, epoch: 6 | loss: 0.5253738
	speed: 0.0135s/iter; left time: 184.1468s
Epoch: 6 cost time: 8.630862951278687
Epoch: 6, Steps: 565 | Train Loss: 0.4917420 Vali Loss: 0.5318884 Test Loss: 0.2489771
Validation loss decreased (0.532215 --> 0.531888).  Saving model ...
Updating learning rate to 0.0005120000000000001
	iters: 100, epoch: 7 | loss: 0.8240927
	speed: 0.0849s/iter; left time: 1143.3538s
	iters: 200, epoch: 7 | loss: 0.4118318
	speed: 0.0115s/iter; left time: 153.0060s
	iters: 300, epoch: 7 | loss: 0.4161162
	speed: 0.0124s/iter; left time: 165.0313s
	iters: 400, epoch: 7 | loss: 0.4052332
	speed: 0.0216s/iter; left time: 284.0122s
	iters: 500, epoch: 7 | loss: 0.3710425
	speed: 0.0106s/iter; left time: 138.3576s
Epoch: 7 cost time: 8.72266960144043
Epoch: 7, Steps: 565 | Train Loss: 0.4789337 Vali Loss: 0.5346728 Test Loss: 0.2506408
EarlyStopping counter: 1 out of 5
Updating learning rate to 0.0004096000000000001
	iters: 100, epoch: 8 | loss: 0.5489126
	speed: 0.1020s/iter; left time: 1315.6666s
	iters: 200, epoch: 8 | loss: 0.4724208
	speed: 0.0130s/iter; left time: 166.7570s
	iters: 300, epoch: 8 | loss: 0.5668074
	speed: 0.0169s/iter; left time: 214.3206s
	iters: 400, epoch: 8 | loss: 0.4106625
	speed: 0.0135s/iter; left time: 170.1425s
	iters: 500, epoch: 8 | loss: 0.4176516
	speed: 0.0142s/iter; left time: 177.1108s
Epoch: 8 cost time: 9.101032972335815
Epoch: 8, Steps: 565 | Train Loss: 0.4679355 Vali Loss: 0.5417481 Test Loss: 0.2548167
EarlyStopping counter: 2 out of 5
Updating learning rate to 0.0003276800000000001
	iters: 100, epoch: 9 | loss: 0.5882629
	speed: 0.0908s/iter; left time: 1119.0963s
	iters: 200, epoch: 9 | loss: 0.3880658
	speed: 0.0158s/iter; left time: 193.3659s
	iters: 300, epoch: 9 | loss: 0.4071979
	speed: 0.0172s/iter; left time: 208.2041s
	iters: 400, epoch: 9 | loss: 0.6673419
	speed: 0.0164s/iter; left time: 197.4884s
	iters: 500, epoch: 9 | loss: 0.5688924
	speed: 0.0292s/iter; left time: 348.1500s
Epoch: 9 cost time: 11.815164566040039
Epoch: 9, Steps: 565 | Train Loss: 0.4582786 Vali Loss: 0.5505984 Test Loss: 0.2554015
EarlyStopping counter: 3 out of 5
Updating learning rate to 0.0002621440000000001
	iters: 100, epoch: 10 | loss: 0.3406596
	speed: 0.1332s/iter; left time: 1567.7952s
	iters: 200, epoch: 10 | loss: 0.3657144
	speed: 0.0127s/iter; left time: 147.6716s
	iters: 300, epoch: 10 | loss: 0.3486813
	speed: 0.0135s/iter; left time: 155.7763s
	iters: 400, epoch: 10 | loss: 0.3577087
	speed: 0.0135s/iter; left time: 154.2772s
	iters: 500, epoch: 10 | loss: 0.3514477
	speed: 0.0135s/iter; left time: 153.9742s
Epoch: 10 cost time: 8.541677236557007
Epoch: 10, Steps: 565 | Train Loss: 0.4505200 Vali Loss: 0.5510064 Test Loss: 0.2554385
EarlyStopping counter: 4 out of 5
Updating learning rate to 0.0002097152000000001
	iters: 100, epoch: 11 | loss: 0.3611217
	speed: 0.0924s/iter; left time: 1035.3200s
	iters: 200, epoch: 11 | loss: 0.3015748
	speed: 0.0099s/iter; left time: 109.8375s
	iters: 300, epoch: 11 | loss: 0.3983024
	speed: 0.0168s/iter; left time: 184.9947s
	iters: 400, epoch: 11 | loss: 0.3237897
	speed: 0.0118s/iter; left time: 128.8120s
	iters: 500, epoch: 11 | loss: 0.4832720
	speed: 0.0162s/iter; left time: 174.9306s
Epoch: 11 cost time: 8.944944143295288
Epoch: 11, Steps: 565 | Train Loss: 0.4439686 Vali Loss: 0.5556214 Test Loss: 0.2575067
EarlyStopping counter: 5 out of 5
Early stopping
>>>>>>>testing : long_term_forecast_weather_336_336_None_patch3_b0.5_TQNet_custom_addlossNone_numpairsmax_patchlen16_alpha1.0_beta0.1<<<<<<<<<<<<<<<<<<<<<<<<<<<<<<<<<
test 10204
mse:0.24942798912525177, mae:0.2847106158733368
================================================================================
Model Profiling Summary
Total Params             : 1,326,176
Inference Time (s)       : 0.002189
GPU Mem Footprint (MB)   : 36.70
Peak Mem (MB)            : 52.79
================================================================================
Deleted model checkpoint at: ./checkpoints/long_term_forecast_weather_336_336_None_patch3_b0.5_TQNet_custom_addlossNone_numpairsmax_patchlen16_alpha1.0_beta0.1/checkpoint.pth
[OK] TQNet | seq_len=336 | pred_len=336 | mse=0.249 | mae=0.285
======================================================
Running Weather | model=CvLoss | seq_len=336 | pred_len=720 | patchlen=3 | beta=0.5
======================================================
Args in experiment:
Namespace(random_seed=2024, is_training=1, model_id='weather_336_720_fcv_patch3_b0.5', model='TQNet', data='custom', root_path='./dataset/', data_path='weather.csv', features='M', target='OT', freq='h', checkpoints='./checkpoints/', seq_len=336, label_len=0, pred_len=720, cycle=144, model_type='mlp', use_revin=1, fc_dropout=0.05, head_dropout=0.0, patch_len=16, stride=8, padding_patch='end', revin=0, affine=0, subtract_last=0, decomposition=0, kernel_size=25, individual=0, rnn_type='gru', dec_way='pmf', seg_len=48, channel_id=1, embed_type=0, enc_in=21, dec_in=7, c_out=7, d_model=512, n_heads=8, e_layers=2, d_layers=1, d_ff=2048, moving_avg=25, factor=1, distil=True, dropout=0.5, embed='timeF', activation='gelu', output_attention=False, do_predict=False, num_workers=10, itr=1, train_epochs=30, batch_size=64, patience=5, learning_rate=0.001, des='test', loss='mse', lradj='type3', pct_start=0.3, use_amp=False, use_gpu=True, gpu=0, use_multi_gpu=False, devices='0,1', test_flop=False, add_loss='fcv', num_pairs='max', loss_patchlen=3, alpha_add_loss=0.5, beta_add_loss=0.5)
Use GPU: cuda:0
>>>>>>>start training : long_term_forecast_weather_336_720_fcv_patch3_b0.5_TQNet_custom_addlossfcv_numpairsmax_patchlen3_alpha0.5_beta0.5>>>>>>>>>>>>>>>>>>>>>>>>>>
train 35832
val 4551
test 9820
	iters: 100, epoch: 1 | loss: 0.7843992
	speed: 0.0470s/iter; left time: 783.6256s
	iters: 200, epoch: 1 | loss: 0.6759512
	speed: 0.0193s/iter; left time: 320.3718s
	iters: 300, epoch: 1 | loss: 0.6728864
	speed: 0.0181s/iter; left time: 297.5702s
	iters: 400, epoch: 1 | loss: 0.6735730
	speed: 0.0200s/iter; left time: 327.0357s
	iters: 500, epoch: 1 | loss: 0.6879863
	speed: 0.0191s/iter; left time: 311.5464s
Epoch: 1 cost time: 12.99866271018982
Epoch: 1, Steps: 559 | Train Loss: 0.7273957 Vali Loss: 0.6875031 Test Loss: 0.3366050
Validation loss decreased (inf --> 0.687503).  Saving model ...
Updating learning rate to 0.001
	iters: 100, epoch: 2 | loss: 0.6462052
	speed: 0.1019s/iter; left time: 1641.0561s
	iters: 200, epoch: 2 | loss: 0.7103053
	speed: 0.0188s/iter; left time: 301.8154s
	iters: 300, epoch: 2 | loss: 0.6139467
	speed: 0.0179s/iter; left time: 285.0533s
	iters: 400, epoch: 2 | loss: 0.5968781
	speed: 0.0176s/iter; left time: 278.4888s
	iters: 500, epoch: 2 | loss: 0.5834069
	speed: 0.0176s/iter; left time: 276.1982s
Epoch: 2 cost time: 11.240291118621826
Epoch: 2, Steps: 559 | Train Loss: 0.6435940 Vali Loss: 0.6454345 Test Loss: 0.3190685
Validation loss decreased (0.687503 --> 0.645434).  Saving model ...
Updating learning rate to 0.001
	iters: 100, epoch: 3 | loss: 0.6137127
	speed: 0.1158s/iter; left time: 1801.6164s
	iters: 200, epoch: 3 | loss: 0.6554521
	speed: 0.0179s/iter; left time: 276.8153s
	iters: 300, epoch: 3 | loss: 0.7501313
	speed: 0.0193s/iter; left time: 296.7567s
	iters: 400, epoch: 3 | loss: 0.6755874
	speed: 0.0224s/iter; left time: 341.6696s
	iters: 500, epoch: 3 | loss: 0.6389613
	speed: 0.0182s/iter; left time: 275.2517s
Epoch: 3 cost time: 12.125330209732056
Epoch: 3, Steps: 559 | Train Loss: 0.6238488 Vali Loss: 0.6389335 Test Loss: 0.3210841
Validation loss decreased (0.645434 --> 0.638934).  Saving model ...
Updating learning rate to 0.001
	iters: 100, epoch: 4 | loss: 0.5603853
	speed: 0.1528s/iter; left time: 2290.8210s
	iters: 200, epoch: 4 | loss: 0.6097969
	speed: 0.0154s/iter; left time: 229.9284s
	iters: 300, epoch: 4 | loss: 0.5432231
	speed: 0.0281s/iter; left time: 415.6801s
	iters: 400, epoch: 4 | loss: 0.6265947
	speed: 0.0176s/iter; left time: 258.1535s
	iters: 500, epoch: 4 | loss: 0.6074884
	speed: 0.0195s/iter; left time: 284.8630s
Epoch: 4 cost time: 12.264662742614746
Epoch: 4, Steps: 559 | Train Loss: 0.6155652 Vali Loss: 0.6295429 Test Loss: 0.3190238
Validation loss decreased (0.638934 --> 0.629543).  Saving model ...
Updating learning rate to 0.0008
	iters: 100, epoch: 5 | loss: 0.6724620
	speed: 0.1219s/iter; left time: 1759.1590s
	iters: 200, epoch: 5 | loss: 0.5753124
	speed: 0.0186s/iter; left time: 266.3981s
	iters: 300, epoch: 5 | loss: 0.6191531
	speed: 0.0183s/iter; left time: 260.5177s
	iters: 400, epoch: 5 | loss: 0.5828507
	speed: 0.0184s/iter; left time: 259.6729s
	iters: 500, epoch: 5 | loss: 0.6110703
	speed: 0.0190s/iter; left time: 267.2476s
Epoch: 5 cost time: 11.685211896896362
Epoch: 5, Steps: 559 | Train Loss: 0.6044626 Vali Loss: 0.6344525 Test Loss: 0.3214454
EarlyStopping counter: 1 out of 5
Updating learning rate to 0.0006400000000000002
	iters: 100, epoch: 6 | loss: 0.5670251
	speed: 0.1255s/iter; left time: 1741.3599s
	iters: 200, epoch: 6 | loss: 0.5909069
	speed: 0.0203s/iter; left time: 279.2117s
	iters: 300, epoch: 6 | loss: 0.5729067
	speed: 0.0188s/iter; left time: 257.3327s
	iters: 400, epoch: 6 | loss: 0.6309990
	speed: 0.0289s/iter; left time: 391.7616s
	iters: 500, epoch: 6 | loss: 0.5705510
	speed: 0.0275s/iter; left time: 370.6919s
Epoch: 6 cost time: 14.14858365058899
Epoch: 6, Steps: 559 | Train Loss: 0.5924834 Vali Loss: 0.6301056 Test Loss: 0.3257347
EarlyStopping counter: 2 out of 5
Updating learning rate to 0.0005120000000000001
	iters: 100, epoch: 7 | loss: 0.5603169
	speed: 0.1357s/iter; left time: 1807.1903s
	iters: 200, epoch: 7 | loss: 0.6051528
	speed: 0.0186s/iter; left time: 245.3893s
	iters: 300, epoch: 7 | loss: 0.5868195
	speed: 0.0164s/iter; left time: 215.1850s
	iters: 400, epoch: 7 | loss: 0.5050408
	speed: 0.0157s/iter; left time: 204.9281s
	iters: 500, epoch: 7 | loss: 0.5762213
	speed: 0.0193s/iter; left time: 249.1046s
Epoch: 7 cost time: 11.071799993515015
Epoch: 7, Steps: 559 | Train Loss: 0.5771141 Vali Loss: 0.6421806 Test Loss: 0.3332850
EarlyStopping counter: 3 out of 5
Updating learning rate to 0.0004096000000000001
	iters: 100, epoch: 8 | loss: 0.5309112
	speed: 0.1124s/iter; left time: 1433.3676s
	iters: 200, epoch: 8 | loss: 0.5691904
	speed: 0.0257s/iter; left time: 325.9128s
	iters: 300, epoch: 8 | loss: 0.6311249
	speed: 0.0188s/iter; left time: 236.0966s
	iters: 400, epoch: 8 | loss: 0.5195241
	speed: 0.0193s/iter; left time: 240.4405s
	iters: 500, epoch: 8 | loss: 0.5372456
	speed: 0.0189s/iter; left time: 234.0424s
Epoch: 8 cost time: 11.812441110610962
Epoch: 8, Steps: 559 | Train Loss: 0.5648098 Vali Loss: 0.6347801 Test Loss: 0.3314398
EarlyStopping counter: 4 out of 5
Updating learning rate to 0.0003276800000000001
	iters: 100, epoch: 9 | loss: 0.5208232
	speed: 0.1228s/iter; left time: 1498.4743s
	iters: 200, epoch: 9 | loss: 0.6039245
	speed: 0.0264s/iter; left time: 319.0027s
	iters: 300, epoch: 9 | loss: 0.5327252
	speed: 0.0251s/iter; left time: 300.8491s
	iters: 400, epoch: 9 | loss: 0.5680820
	speed: 0.0276s/iter; left time: 327.9038s
	iters: 500, epoch: 9 | loss: 0.5882846
	speed: 0.0303s/iter; left time: 357.4998s
Epoch: 9 cost time: 15.500871658325195
Epoch: 9, Steps: 559 | Train Loss: 0.5548565 Vali Loss: 0.6379002 Test Loss: 0.3331427
EarlyStopping counter: 5 out of 5
Early stopping
>>>>>>>testing : long_term_forecast_weather_336_720_fcv_patch3_b0.5_TQNet_custom_addlossfcv_numpairsmax_patchlen3_alpha0.5_beta0.5<<<<<<<<<<<<<<<<<<<<<<<<<<<<<<<<<
test 9820
mse:0.31854963302612305, mae:0.3299230933189392
================================================================================
Model Profiling Summary
Total Params             : 1,523,168
Inference Time (s)       : 0.002856
GPU Mem Footprint (MB)   : 44.96
Peak Mem (MB)            : 63.18
================================================================================
Deleted model checkpoint at: ./checkpoints/long_term_forecast_weather_336_720_fcv_patch3_b0.5_TQNet_custom_addlossfcv_numpairsmax_patchlen3_alpha0.5_beta0.5/checkpoint.pth
[OK] CvLoss | seq_len=336 | pred_len=720 | mse=0.319 | mae=0.330
======================================================
Running Weather | model=TQNet | seq_len=336 | pred_len=720 | patchlen=3 | beta=0.5
======================================================
Args in experiment:
Namespace(random_seed=2024, is_training=1, model_id='weather_336_720_None_patch3_b0.5', model='TQNet', data='custom', root_path='./dataset/', data_path='weather.csv', features='M', target='OT', freq='h', checkpoints='./checkpoints/', seq_len=336, label_len=0, pred_len=720, cycle=144, model_type='mlp', use_revin=1, fc_dropout=0.05, head_dropout=0.0, patch_len=16, stride=8, padding_patch='end', revin=0, affine=0, subtract_last=0, decomposition=0, kernel_size=25, individual=0, rnn_type='gru', dec_way='pmf', seg_len=48, channel_id=1, embed_type=0, enc_in=21, dec_in=7, c_out=7, d_model=512, n_heads=8, e_layers=2, d_layers=1, d_ff=2048, moving_avg=25, factor=1, distil=True, dropout=0.5, embed='timeF', activation='gelu', output_attention=False, do_predict=False, num_workers=10, itr=1, train_epochs=30, batch_size=64, patience=5, learning_rate=0.001, des='test', loss='mse', lradj='type3', pct_start=0.3, use_amp=False, use_gpu=True, gpu=0, use_multi_gpu=False, devices='0,1', test_flop=False, add_loss='None', num_pairs='max', loss_patchlen=16, alpha_add_loss=1.0, beta_add_loss=0.1)
Use GPU: cuda:0
>>>>>>>start training : long_term_forecast_weather_336_720_None_patch3_b0.5_TQNet_custom_addlossNone_numpairsmax_patchlen16_alpha1.0_beta0.1>>>>>>>>>>>>>>>>>>>>>>>>>>
train 35832
val 4551
test 9820
	iters: 100, epoch: 1 | loss: 0.8214163
	speed: 0.0456s/iter; left time: 759.6887s
	iters: 200, epoch: 1 | loss: 0.6394105
	speed: 0.0135s/iter; left time: 223.1942s
	iters: 300, epoch: 1 | loss: 0.6143804
	speed: 0.0138s/iter; left time: 227.0851s
	iters: 400, epoch: 1 | loss: 0.6668607
	speed: 0.0222s/iter; left time: 362.6877s
	iters: 500, epoch: 1 | loss: 0.6883467
	speed: 0.0158s/iter; left time: 257.3236s
Epoch: 1 cost time: 11.369426012039185
Epoch: 1, Steps: 559 | Train Loss: 0.7151483 Vali Loss: 0.6922559 Test Loss: 0.3387825
Validation loss decreased (inf --> 0.692256).  Saving model ...
Updating learning rate to 0.001
	iters: 100, epoch: 2 | loss: 0.6109625
	speed: 0.1056s/iter; left time: 1702.1493s
	iters: 200, epoch: 2 | loss: 0.7224608
	speed: 0.0153s/iter; left time: 245.5234s
	iters: 300, epoch: 2 | loss: 0.5697740
	speed: 0.0159s/iter; left time: 253.7332s
	iters: 400, epoch: 2 | loss: 0.5571944
	speed: 0.0158s/iter; left time: 250.3947s
	iters: 500, epoch: 2 | loss: 0.5281898
	speed: 0.0201s/iter; left time: 316.3264s
Epoch: 2 cost time: 11.085184574127197
Epoch: 2, Steps: 559 | Train Loss: 0.6228383 Vali Loss: 0.6462755 Test Loss: 0.3182334
Validation loss decreased (0.692256 --> 0.646276).  Saving model ...
Updating learning rate to 0.001
	iters: 100, epoch: 3 | loss: 0.5806079
	speed: 0.1495s/iter; left time: 2325.6281s
	iters: 200, epoch: 3 | loss: 0.6558325
	speed: 0.0158s/iter; left time: 243.6248s
	iters: 300, epoch: 3 | loss: 0.8403362
	speed: 0.0152s/iter; left time: 234.1240s
	iters: 400, epoch: 3 | loss: 0.7224713
	speed: 0.0159s/iter; left time: 242.1373s
	iters: 500, epoch: 3 | loss: 0.6461090
	speed: 0.0155s/iter; left time: 235.2991s
Epoch: 3 cost time: 10.089410305023193
Epoch: 3, Steps: 559 | Train Loss: 0.5994145 Vali Loss: 0.6394885 Test Loss: 0.3184840
Validation loss decreased (0.646276 --> 0.639489).  Saving model ...
Updating learning rate to 0.001
	iters: 100, epoch: 4 | loss: 0.5068642
	speed: 0.1229s/iter; left time: 1843.3584s
	iters: 200, epoch: 4 | loss: 0.5709528
	speed: 0.0184s/iter; left time: 274.2233s
	iters: 300, epoch: 4 | loss: 0.4721957
	speed: 0.0286s/iter; left time: 423.7551s
	iters: 400, epoch: 4 | loss: 0.6121458
	speed: 0.0319s/iter; left time: 468.1435s
	iters: 500, epoch: 4 | loss: 0.5599937
	speed: 0.0166s/iter; left time: 242.6805s
Epoch: 4 cost time: 13.339423656463623
Epoch: 4, Steps: 559 | Train Loss: 0.5933793 Vali Loss: 0.6391974 Test Loss: 0.3211179
Validation loss decreased (0.639489 --> 0.639197).  Saving model ...
Updating learning rate to 0.0008
	iters: 100, epoch: 5 | loss: 0.6832961
	speed: 0.1217s/iter; left time: 1756.0579s
	iters: 200, epoch: 5 | loss: 0.5146377
	speed: 0.0138s/iter; left time: 198.2747s
	iters: 300, epoch: 5 | loss: 0.5836011
	speed: 0.0134s/iter; left time: 191.1121s
	iters: 400, epoch: 5 | loss: 0.5529140
	speed: 0.0236s/iter; left time: 333.1990s
	iters: 500, epoch: 5 | loss: 0.5977275
	speed: 0.0161s/iter; left time: 226.1288s
Epoch: 5 cost time: 10.28558087348938
Epoch: 5, Steps: 559 | Train Loss: 0.5822429 Vali Loss: 0.6385804 Test Loss: 0.3223022
Validation loss decreased (0.639197 --> 0.638580).  Saving model ...
Updating learning rate to 0.0006400000000000002
	iters: 100, epoch: 6 | loss: 0.5031168
	speed: 0.1490s/iter; left time: 2067.9274s
	iters: 200, epoch: 6 | loss: 0.5563797
	speed: 0.0167s/iter; left time: 229.5081s
	iters: 300, epoch: 6 | loss: 0.5226611
	speed: 0.0140s/iter; left time: 190.8712s
	iters: 400, epoch: 6 | loss: 0.6311677
	speed: 0.0155s/iter; left time: 211.0873s
	iters: 500, epoch: 6 | loss: 0.5210283
	speed: 0.0164s/iter; left time: 220.3399s
Epoch: 6 cost time: 10.553618669509888
Epoch: 6, Steps: 559 | Train Loss: 0.5655881 Vali Loss: 0.6327084 Test Loss: 0.3257512
Validation loss decreased (0.638580 --> 0.632708).  Saving model ...
Updating learning rate to 0.0005120000000000001
	iters: 100, epoch: 7 | loss: 0.5219451
	speed: 0.1243s/iter; left time: 1654.8503s
	iters: 200, epoch: 7 | loss: 0.6001573
	speed: 0.0158s/iter; left time: 209.4655s
	iters: 300, epoch: 7 | loss: 0.5848573
	speed: 0.0159s/iter; left time: 208.2495s
	iters: 400, epoch: 7 | loss: 0.4348586
	speed: 0.0150s/iter; left time: 195.2097s
	iters: 500, epoch: 7 | loss: 0.5589942
	speed: 0.0158s/iter; left time: 203.6929s
Epoch: 7 cost time: 10.497076749801636
Epoch: 7, Steps: 559 | Train Loss: 0.5517005 Vali Loss: 0.6401253 Test Loss: 0.3295964
EarlyStopping counter: 1 out of 5
Updating learning rate to 0.0004096000000000001
	iters: 100, epoch: 8 | loss: 0.4890512
	speed: 0.1470s/iter; left time: 1875.3262s
	iters: 200, epoch: 8 | loss: 0.5050904
	speed: 0.0183s/iter; left time: 231.9357s
	iters: 300, epoch: 8 | loss: 0.6711762
	speed: 0.0178s/iter; left time: 223.9844s
	iters: 400, epoch: 8 | loss: 0.4555663
	speed: 0.0147s/iter; left time: 182.7838s
	iters: 500, epoch: 8 | loss: 0.4782974
	speed: 0.0129s/iter; left time: 159.5222s
Epoch: 8 cost time: 10.006785869598389
Epoch: 8, Steps: 559 | Train Loss: 0.5384292 Vali Loss: 0.6366029 Test Loss: 0.3319729
EarlyStopping counter: 2 out of 5
Updating learning rate to 0.0003276800000000001
	iters: 100, epoch: 9 | loss: 0.4444084
	speed: 0.1259s/iter; left time: 1536.0240s
	iters: 200, epoch: 9 | loss: 0.6092743
	speed: 0.0320s/iter; left time: 386.7927s
	iters: 300, epoch: 9 | loss: 0.5026591
	speed: 0.0285s/iter; left time: 341.9840s
	iters: 400, epoch: 9 | loss: 0.5415584
	speed: 0.0157s/iter; left time: 187.2180s
	iters: 500, epoch: 9 | loss: 0.5708969
	speed: 0.0162s/iter; left time: 190.6676s
Epoch: 9 cost time: 13.39055061340332
Epoch: 9, Steps: 559 | Train Loss: 0.5278477 Vali Loss: 0.6424089 Test Loss: 0.3344779
EarlyStopping counter: 3 out of 5
Updating learning rate to 0.0002621440000000001
	iters: 100, epoch: 10 | loss: 0.5061911
	speed: 0.1302s/iter; left time: 1515.0506s
	iters: 200, epoch: 10 | loss: 0.5554840
	speed: 0.0165s/iter; left time: 190.4069s
	iters: 300, epoch: 10 | loss: 0.4490327
	speed: 0.0166s/iter; left time: 190.3123s
	iters: 400, epoch: 10 | loss: 0.4682870
	speed: 0.0159s/iter; left time: 180.6023s
	iters: 500, epoch: 10 | loss: 0.4428151
	speed: 0.0161s/iter; left time: 181.0248s
Epoch: 10 cost time: 10.802868366241455
Epoch: 10, Steps: 559 | Train Loss: 0.5181372 Vali Loss: 0.6466669 Test Loss: 0.3380940
EarlyStopping counter: 4 out of 5
Updating learning rate to 0.0002097152000000001
	iters: 100, epoch: 11 | loss: 0.5121268
	speed: 0.1644s/iter; left time: 1821.5563s
	iters: 200, epoch: 11 | loss: 0.4630810
	speed: 0.0157s/iter; left time: 172.4757s
	iters: 300, epoch: 11 | loss: 0.4079557
	speed: 0.0152s/iter; left time: 165.7607s
	iters: 400, epoch: 11 | loss: 0.5354534
	speed: 0.0161s/iter; left time: 173.6516s
	iters: 500, epoch: 11 | loss: 0.4455337
	speed: 0.0155s/iter; left time: 165.6656s
Epoch: 11 cost time: 10.413434982299805
Epoch: 11, Steps: 559 | Train Loss: 0.5109644 Vali Loss: 0.6482509 Test Loss: 0.3376305
EarlyStopping counter: 5 out of 5
Early stopping
>>>>>>>testing : long_term_forecast_weather_336_720_None_patch3_b0.5_TQNet_custom_addlossNone_numpairsmax_patchlen16_alpha1.0_beta0.1<<<<<<<<<<<<<<<<<<<<<<<<<<<<<<<<<
test 9820
mse:0.32526251673698425, mae:0.3366336524486542
================================================================================
Model Profiling Summary
Total Params             : 1,523,168
Inference Time (s)       : 0.001875
GPU Mem Footprint (MB)   : 46.14
Peak Mem (MB)            : 64.50
================================================================================
Deleted model checkpoint at: ./checkpoints/long_term_forecast_weather_336_720_None_patch3_b0.5_TQNet_custom_addlossNone_numpairsmax_patchlen16_alpha1.0_beta0.1/checkpoint.pth
[OK] TQNet | seq_len=336 | pred_len=720 | mse=0.325 | mae=0.337
======================================================
Running Weather | model=CvLoss | seq_len=720 | pred_len=96 | patchlen=3 | beta=1.0
======================================================
Args in experiment:
Namespace(random_seed=2024, is_training=1, model_id='weather_720_96_fcv_patch3_b1.0', model='TQNet', data='custom', root_path='./dataset/', data_path='weather.csv', features='M', target='OT', freq='h', checkpoints='./checkpoints/', seq_len=720, label_len=0, pred_len=96, cycle=144, model_type='mlp', use_revin=1, fc_dropout=0.05, head_dropout=0.0, patch_len=16, stride=8, padding_patch='end', revin=0, affine=0, subtract_last=0, decomposition=0, kernel_size=25, individual=0, rnn_type='gru', dec_way='pmf', seg_len=48, channel_id=1, embed_type=0, enc_in=21, dec_in=7, c_out=7, d_model=512, n_heads=8, e_layers=2, d_layers=1, d_ff=2048, moving_avg=25, factor=1, distil=True, dropout=0.5, embed='timeF', activation='gelu', output_attention=False, do_predict=False, num_workers=10, itr=1, train_epochs=30, batch_size=64, patience=5, learning_rate=0.001, des='test', loss='mse', lradj='type3', pct_start=0.3, use_amp=False, use_gpu=True, gpu=0, use_multi_gpu=False, devices='0,1', test_flop=False, add_loss='fcv', num_pairs='max', loss_patchlen=3, alpha_add_loss=0.0, beta_add_loss=1.0)
Use GPU: cuda:0
>>>>>>>start training : long_term_forecast_weather_720_96_fcv_patch3_b1.0_TQNet_custom_addlossfcv_numpairsmax_patchlen3_alpha0.0_beta1.0>>>>>>>>>>>>>>>>>>>>>>>>>>
train 36072
val 5175
test 10444
	iters: 100, epoch: 1 | loss: 0.6110291
	speed: 0.0467s/iter; left time: 783.9046s
	iters: 200, epoch: 1 | loss: 0.5723249
	speed: 0.0160s/iter; left time: 266.7912s
	iters: 300, epoch: 1 | loss: 0.5492051
	speed: 0.0174s/iter; left time: 289.2294s
	iters: 400, epoch: 1 | loss: 0.5192641
	speed: 0.0162s/iter; left time: 267.0140s
	iters: 500, epoch: 1 | loss: 0.5130387
	speed: 0.0154s/iter; left time: 253.1705s
Epoch: 1 cost time: 11.493258476257324
Epoch: 1, Steps: 563 | Train Loss: 0.5625782 Vali Loss: 0.4132375 Test Loss: 0.1644925
Validation loss decreased (inf --> 0.413238).  Saving model ...
Updating learning rate to 0.001
	iters: 100, epoch: 2 | loss: 0.5098528
	speed: 0.1059s/iter; left time: 1718.1751s
	iters: 200, epoch: 2 | loss: 0.4761009
	speed: 0.0183s/iter; left time: 294.5355s
	iters: 300, epoch: 2 | loss: 0.4249233
	speed: 0.0156s/iter; left time: 249.2815s
	iters: 400, epoch: 2 | loss: 0.4492518
	speed: 0.0157s/iter; left time: 250.4313s
	iters: 500, epoch: 2 | loss: 0.4266157
	speed: 0.0163s/iter; left time: 257.9358s
Epoch: 2 cost time: 11.249443769454956
Epoch: 2, Steps: 563 | Train Loss: 0.4646769 Vali Loss: 0.3786025 Test Loss: 0.1494371
Validation loss decreased (0.413238 --> 0.378603).  Saving model ...
Updating learning rate to 0.001
	iters: 100, epoch: 3 | loss: 0.4328162
	speed: 0.0981s/iter; left time: 1536.7744s
	iters: 200, epoch: 3 | loss: 0.4407936
	speed: 0.0170s/iter; left time: 265.0729s
	iters: 300, epoch: 3 | loss: 0.4344341
	speed: 0.0160s/iter; left time: 247.7834s
	iters: 400, epoch: 3 | loss: 0.4422094
	speed: 0.0160s/iter; left time: 245.2685s
	iters: 500, epoch: 3 | loss: 0.4135143
	speed: 0.0151s/iter; left time: 229.9560s
Epoch: 3 cost time: 10.108922004699707
Epoch: 3, Steps: 563 | Train Loss: 0.4348331 Vali Loss: 0.3784481 Test Loss: 0.1471318
Validation loss decreased (0.378603 --> 0.378448).  Saving model ...
Updating learning rate to 0.001
	iters: 100, epoch: 4 | loss: 0.4203360
	speed: 0.1301s/iter; left time: 1964.9121s
	iters: 200, epoch: 4 | loss: 0.3952425
	speed: 0.0177s/iter; left time: 265.3342s
	iters: 300, epoch: 4 | loss: 0.4319856
	speed: 0.0129s/iter; left time: 192.9428s
	iters: 400, epoch: 4 | loss: 0.3969402
	speed: 0.0149s/iter; left time: 220.5634s
	iters: 500, epoch: 4 | loss: 0.3995464
	speed: 0.0116s/iter; left time: 170.2322s
Epoch: 4 cost time: 9.060936450958252
Epoch: 4, Steps: 563 | Train Loss: 0.4205452 Vali Loss: 0.3766469 Test Loss: 0.1505222
Validation loss decreased (0.378448 --> 0.376647).  Saving model ...
Updating learning rate to 0.0008
	iters: 100, epoch: 5 | loss: 0.3930778
	speed: 0.0751s/iter; left time: 1092.2306s
	iters: 200, epoch: 5 | loss: 0.3946556
	speed: 0.0168s/iter; left time: 243.2720s
	iters: 300, epoch: 5 | loss: 0.3866997
	speed: 0.0120s/iter; left time: 172.7174s
	iters: 400, epoch: 5 | loss: 0.3921449
	speed: 0.0126s/iter; left time: 178.7282s
	iters: 500, epoch: 5 | loss: 0.3798249
	speed: 0.0133s/iter; left time: 188.2090s
Epoch: 5 cost time: 8.35861325263977
Epoch: 5, Steps: 563 | Train Loss: 0.3986924 Vali Loss: 0.3809558 Test Loss: 0.1499581
EarlyStopping counter: 1 out of 5
Updating learning rate to 0.0006400000000000002
	iters: 100, epoch: 6 | loss: 0.4098114
	speed: 0.0881s/iter; left time: 1231.3472s
	iters: 200, epoch: 6 | loss: 0.3407642
	speed: 0.0159s/iter; left time: 221.0676s
	iters: 300, epoch: 6 | loss: 0.3768639
	speed: 0.0147s/iter; left time: 202.8088s
	iters: 400, epoch: 6 | loss: 0.3620558
	speed: 0.0152s/iter; left time: 207.6132s
	iters: 500, epoch: 6 | loss: 0.3678475
	speed: 0.0153s/iter; left time: 207.4273s
Epoch: 6 cost time: 9.560456037521362
Epoch: 6, Steps: 563 | Train Loss: 0.3788768 Vali Loss: 0.3835070 Test Loss: 0.1515694
EarlyStopping counter: 2 out of 5
Updating learning rate to 0.0005120000000000001
	iters: 100, epoch: 7 | loss: 0.3756357
	speed: 0.0824s/iter; left time: 1104.6120s
	iters: 200, epoch: 7 | loss: 0.3692595
	speed: 0.0151s/iter; left time: 201.1275s
	iters: 300, epoch: 7 | loss: 0.3693887
	speed: 0.0141s/iter; left time: 186.3757s
	iters: 400, epoch: 7 | loss: 0.3623086
	speed: 0.0144s/iter; left time: 189.4622s
	iters: 500, epoch: 7 | loss: 0.3644937
	speed: 0.0148s/iter; left time: 192.6257s
Epoch: 7 cost time: 9.280494928359985
Epoch: 7, Steps: 563 | Train Loss: 0.3628078 Vali Loss: 0.3892077 Test Loss: 0.1530018
EarlyStopping counter: 3 out of 5
Updating learning rate to 0.0004096000000000001
	iters: 100, epoch: 8 | loss: 0.3619745
	speed: 0.0836s/iter; left time: 1073.6185s
	iters: 200, epoch: 8 | loss: 0.3603190
	speed: 0.0138s/iter; left time: 175.5424s
	iters: 300, epoch: 8 | loss: 0.3673032
	speed: 0.0142s/iter; left time: 179.0926s
	iters: 400, epoch: 8 | loss: 0.3390414
	speed: 0.0142s/iter; left time: 178.0790s
	iters: 500, epoch: 8 | loss: 0.3570376
	speed: 0.0148s/iter; left time: 184.7613s
Epoch: 8 cost time: 9.637648820877075
Epoch: 8, Steps: 563 | Train Loss: 0.3496638 Vali Loss: 0.3875974 Test Loss: 0.1519593
EarlyStopping counter: 4 out of 5
Updating learning rate to 0.0003276800000000001
	iters: 100, epoch: 9 | loss: 0.3230668
	speed: 0.1079s/iter; left time: 1326.0292s
	iters: 200, epoch: 9 | loss: 0.3178255
	speed: 0.0135s/iter; left time: 165.0786s
	iters: 300, epoch: 9 | loss: 0.3131653
	speed: 0.0152s/iter; left time: 183.6264s
	iters: 400, epoch: 9 | loss: 0.3314986
	speed: 0.0174s/iter; left time: 208.8865s
	iters: 500, epoch: 9 | loss: 0.3334459
	speed: 0.0125s/iter; left time: 148.5529s
Epoch: 9 cost time: 9.83851146697998
Epoch: 9, Steps: 563 | Train Loss: 0.3395169 Vali Loss: 0.3859269 Test Loss: 0.1522209
EarlyStopping counter: 5 out of 5
Early stopping
>>>>>>>testing : long_term_forecast_weather_720_96_fcv_patch3_b1.0_TQNet_custom_addlossfcv_numpairsmax_patchlen3_alpha0.0_beta1.0<<<<<<<<<<<<<<<<<<<<<<<<<<<<<<<<<
test 10444
mse:0.15110062062740326, mae:0.19779840111732483
================================================================================
Model Profiling Summary
Total Params             : 3,023,216
Inference Time (s)       : 0.001803
GPU Mem Footprint (MB)   : 47.45
Peak Mem (MB)            : 78.28
================================================================================
Deleted model checkpoint at: ./checkpoints/long_term_forecast_weather_720_96_fcv_patch3_b1.0_TQNet_custom_addlossfcv_numpairsmax_patchlen3_alpha0.0_beta1.0/checkpoint.pth
[OK] CvLoss | seq_len=720 | pred_len=96 | mse=0.151 | mae=0.198
======================================================
Running Weather | model=TQNet | seq_len=720 | pred_len=96 | patchlen=3 | beta=1.0
======================================================
Args in experiment:
Namespace(random_seed=2024, is_training=1, model_id='weather_720_96_None_patch3_b1.0', model='TQNet', data='custom', root_path='./dataset/', data_path='weather.csv', features='M', target='OT', freq='h', checkpoints='./checkpoints/', seq_len=720, label_len=0, pred_len=96, cycle=144, model_type='mlp', use_revin=1, fc_dropout=0.05, head_dropout=0.0, patch_len=16, stride=8, padding_patch='end', revin=0, affine=0, subtract_last=0, decomposition=0, kernel_size=25, individual=0, rnn_type='gru', dec_way='pmf', seg_len=48, channel_id=1, embed_type=0, enc_in=21, dec_in=7, c_out=7, d_model=512, n_heads=8, e_layers=2, d_layers=1, d_ff=2048, moving_avg=25, factor=1, distil=True, dropout=0.5, embed='timeF', activation='gelu', output_attention=False, do_predict=False, num_workers=10, itr=1, train_epochs=30, batch_size=64, patience=5, learning_rate=0.001, des='test', loss='mse', lradj='type3', pct_start=0.3, use_amp=False, use_gpu=True, gpu=0, use_multi_gpu=False, devices='0,1', test_flop=False, add_loss='None', num_pairs='max', loss_patchlen=16, alpha_add_loss=1.0, beta_add_loss=0.1)
Use GPU: cuda:0
>>>>>>>start training : long_term_forecast_weather_720_96_None_patch3_b1.0_TQNet_custom_addlossNone_numpairsmax_patchlen16_alpha1.0_beta0.1>>>>>>>>>>>>>>>>>>>>>>>>>>
train 36072
val 5175
test 10444
	iters: 100, epoch: 1 | loss: 0.5024840
	speed: 0.0535s/iter; left time: 898.4839s
	iters: 200, epoch: 1 | loss: 0.5390913
	speed: 0.0156s/iter; left time: 259.8403s
	iters: 300, epoch: 1 | loss: 0.4085084
	speed: 0.0144s/iter; left time: 239.3720s
	iters: 400, epoch: 1 | loss: 0.3754959
	speed: 0.0142s/iter; left time: 234.8832s
	iters: 500, epoch: 1 | loss: 0.4048151
	speed: 0.0146s/iter; left time: 238.6906s
Epoch: 1 cost time: 11.486755847930908
Epoch: 1, Steps: 563 | Train Loss: 0.5178668 Vali Loss: 0.4157447 Test Loss: 0.1721677
Validation loss decreased (inf --> 0.415745).  Saving model ...
Updating learning rate to 0.001
	iters: 100, epoch: 2 | loss: 0.9434069
	speed: 0.0870s/iter; left time: 1412.4493s
	iters: 200, epoch: 2 | loss: 0.7931017
	speed: 0.0136s/iter; left time: 218.8873s
	iters: 300, epoch: 2 | loss: 0.2677476
	speed: 0.0132s/iter; left time: 212.2137s
	iters: 400, epoch: 2 | loss: 0.3518079
	speed: 0.0203s/iter; left time: 323.9407s
	iters: 500, epoch: 2 | loss: 0.7286181
	speed: 0.0248s/iter; left time: 392.3508s
Epoch: 2 cost time: 11.414552688598633
Epoch: 2, Steps: 563 | Train Loss: 0.4344250 Vali Loss: 0.3974532 Test Loss: 0.1632546
Validation loss decreased (0.415745 --> 0.397453).  Saving model ...
Updating learning rate to 0.001
	iters: 100, epoch: 3 | loss: 0.3943151
	speed: 0.1185s/iter; left time: 1855.9354s
	iters: 200, epoch: 3 | loss: 0.7799575
	speed: 0.0120s/iter; left time: 186.2273s
	iters: 300, epoch: 3 | loss: 0.3555002
	speed: 0.0126s/iter; left time: 195.4038s
	iters: 400, epoch: 3 | loss: 0.3797394
	speed: 0.0127s/iter; left time: 194.7263s
	iters: 500, epoch: 3 | loss: 0.3630378
	speed: 0.0125s/iter; left time: 191.2115s
Epoch: 3 cost time: 8.148185014724731
Epoch: 3, Steps: 563 | Train Loss: 0.4083889 Vali Loss: 0.3800020 Test Loss: 0.1599371
Validation loss decreased (0.397453 --> 0.380002).  Saving model ...
Updating learning rate to 0.001
	iters: 100, epoch: 4 | loss: 0.3539680
	speed: 0.0865s/iter; left time: 1305.7017s
	iters: 200, epoch: 4 | loss: 0.2399902
	speed: 0.0112s/iter; left time: 168.5060s
	iters: 300, epoch: 4 | loss: 0.3029165
	speed: 0.0120s/iter; left time: 179.2449s
	iters: 400, epoch: 4 | loss: 0.2546128
	speed: 0.0165s/iter; left time: 244.4697s
	iters: 500, epoch: 4 | loss: 0.2720709
	speed: 0.0170s/iter; left time: 249.8687s
Epoch: 4 cost time: 8.956869840621948
Epoch: 4, Steps: 563 | Train Loss: 0.3941962 Vali Loss: 0.3838203 Test Loss: 0.1609373
EarlyStopping counter: 1 out of 5
Updating learning rate to 0.0008
	iters: 100, epoch: 5 | loss: 0.2510270
	speed: 0.0907s/iter; left time: 1318.6382s
	iters: 200, epoch: 5 | loss: 0.2667735
	speed: 0.0119s/iter; left time: 172.0573s
	iters: 300, epoch: 5 | loss: 0.2534444
	speed: 0.0149s/iter; left time: 214.0276s
	iters: 400, epoch: 5 | loss: 0.3374107
	speed: 0.0121s/iter; left time: 172.3541s
	iters: 500, epoch: 5 | loss: 0.2507480
	speed: 0.0112s/iter; left time: 158.8512s
Epoch: 5 cost time: 8.155731916427612
Epoch: 5, Steps: 563 | Train Loss: 0.3789063 Vali Loss: 0.3823010 Test Loss: 0.1588871
EarlyStopping counter: 2 out of 5
Updating learning rate to 0.0006400000000000002
	iters: 100, epoch: 6 | loss: 0.7157421
	speed: 0.0868s/iter; left time: 1212.4531s
	iters: 200, epoch: 6 | loss: 0.1703439
	speed: 0.0221s/iter; left time: 306.1388s
	iters: 300, epoch: 6 | loss: 0.6225779
	speed: 0.0180s/iter; left time: 247.9459s
	iters: 400, epoch: 6 | loss: 0.2299402
	speed: 0.0296s/iter; left time: 404.3830s
	iters: 500, epoch: 6 | loss: 0.3027949
	speed: 0.0212s/iter; left time: 287.7650s
Epoch: 6 cost time: 12.99930739402771
Epoch: 6, Steps: 563 | Train Loss: 0.3578636 Vali Loss: 0.3899388 Test Loss: 0.1611231
EarlyStopping counter: 3 out of 5
Updating learning rate to 0.0005120000000000001
	iters: 100, epoch: 7 | loss: 0.5834517
	speed: 0.1059s/iter; left time: 1421.0783s
	iters: 200, epoch: 7 | loss: 0.2973897
	speed: 0.0130s/iter; left time: 173.2930s
	iters: 300, epoch: 7 | loss: 0.7152289
	speed: 0.0143s/iter; left time: 188.9607s
	iters: 400, epoch: 7 | loss: 0.3044505
	speed: 0.0146s/iter; left time: 190.8180s
	iters: 500, epoch: 7 | loss: 0.3436508
	speed: 0.0146s/iter; left time: 189.7978s
Epoch: 7 cost time: 9.31637692451477
Epoch: 7, Steps: 563 | Train Loss: 0.3436617 Vali Loss: 0.3913999 Test Loss: 0.1611018
EarlyStopping counter: 4 out of 5
Updating learning rate to 0.0004096000000000001
	iters: 100, epoch: 8 | loss: 0.3322444
	speed: 0.0836s/iter; left time: 1073.9225s
	iters: 200, epoch: 8 | loss: 0.2199037
	speed: 0.0135s/iter; left time: 171.6373s
	iters: 300, epoch: 8 | loss: 0.2391492
	speed: 0.0133s/iter; left time: 167.9619s
	iters: 400, epoch: 8 | loss: 0.2756970
	speed: 0.0129s/iter; left time: 161.3880s
	iters: 500, epoch: 8 | loss: 0.6586751
	speed: 0.0130s/iter; left time: 162.0961s
Epoch: 8 cost time: 8.441071271896362
Epoch: 8, Steps: 563 | Train Loss: 0.3274667 Vali Loss: 0.3883474 Test Loss: 0.1609324
EarlyStopping counter: 5 out of 5
Early stopping
>>>>>>>testing : long_term_forecast_weather_720_96_None_patch3_b1.0_TQNet_custom_addlossNone_numpairsmax_patchlen16_alpha1.0_beta0.1<<<<<<<<<<<<<<<<<<<<<<<<<<<<<<<<<
test 10444
mse:0.16043949127197266, mae:0.2144729644060135
================================================================================
Model Profiling Summary
Total Params             : 3,023,216
Inference Time (s)       : 0.002260
GPU Mem Footprint (MB)   : 47.80
Peak Mem (MB)            : 78.63
================================================================================
Deleted model checkpoint at: ./checkpoints/long_term_forecast_weather_720_96_None_patch3_b1.0_TQNet_custom_addlossNone_numpairsmax_patchlen16_alpha1.0_beta0.1/checkpoint.pth
[OK] TQNet | seq_len=720 | pred_len=96 | mse=0.160 | mae=0.214
======================================================
Running Weather | model=CvLoss | seq_len=720 | pred_len=192 | patchlen=3 | beta=1.0
======================================================
Args in experiment:
Namespace(random_seed=2024, is_training=1, model_id='weather_720_192_fcv_patch3_b1.0', model='TQNet', data='custom', root_path='./dataset/', data_path='weather.csv', features='M', target='OT', freq='h', checkpoints='./checkpoints/', seq_len=720, label_len=0, pred_len=192, cycle=144, model_type='mlp', use_revin=1, fc_dropout=0.05, head_dropout=0.0, patch_len=16, stride=8, padding_patch='end', revin=0, affine=0, subtract_last=0, decomposition=0, kernel_size=25, individual=0, rnn_type='gru', dec_way='pmf', seg_len=48, channel_id=1, embed_type=0, enc_in=21, dec_in=7, c_out=7, d_model=512, n_heads=8, e_layers=2, d_layers=1, d_ff=2048, moving_avg=25, factor=1, distil=True, dropout=0.5, embed='timeF', activation='gelu', output_attention=False, do_predict=False, num_workers=10, itr=1, train_epochs=30, batch_size=64, patience=5, learning_rate=0.001, des='test', loss='mse', lradj='type3', pct_start=0.3, use_amp=False, use_gpu=True, gpu=0, use_multi_gpu=False, devices='0,1', test_flop=False, add_loss='fcv', num_pairs='max', loss_patchlen=3, alpha_add_loss=0.0, beta_add_loss=1.0)
Use GPU: cuda:0
>>>>>>>start training : long_term_forecast_weather_720_192_fcv_patch3_b1.0_TQNet_custom_addlossfcv_numpairsmax_patchlen3_alpha0.0_beta1.0>>>>>>>>>>>>>>>>>>>>>>>>>>
train 35976
val 5079
test 10348
	iters: 100, epoch: 1 | loss: 0.6418104
	speed: 0.0610s/iter; left time: 1022.2493s
	iters: 200, epoch: 1 | loss: 0.6267114
	speed: 0.0228s/iter; left time: 379.5800s
	iters: 300, epoch: 1 | loss: 0.5750038
	speed: 0.0157s/iter; left time: 259.4331s
	iters: 400, epoch: 1 | loss: 0.5744359
	speed: 0.0187s/iter; left time: 307.8698s
	iters: 500, epoch: 1 | loss: 0.5576046
	speed: 0.0127s/iter; left time: 207.3747s
Epoch: 1 cost time: 13.265122175216675
Epoch: 1, Steps: 562 | Train Loss: 0.6180474 Vali Loss: 0.4750823 Test Loss: 0.2092996
Validation loss decreased (inf --> 0.475082).  Saving model ...
Updating learning rate to 0.001
	iters: 100, epoch: 2 | loss: 0.5848127
	speed: 0.0907s/iter; left time: 1469.9520s
	iters: 200, epoch: 2 | loss: 0.5063795
	speed: 0.0150s/iter; left time: 242.1965s
	iters: 300, epoch: 2 | loss: 0.5513342
	speed: 0.0159s/iter; left time: 254.7696s
	iters: 400, epoch: 2 | loss: 0.5087996
	speed: 0.0172s/iter; left time: 273.1341s
	iters: 500, epoch: 2 | loss: 0.5238527
	speed: 0.0155s/iter; left time: 245.6491s
Epoch: 2 cost time: 10.052812576293945
Epoch: 2, Steps: 562 | Train Loss: 0.5297189 Vali Loss: 0.4441109 Test Loss: 0.1916800
Validation loss decreased (0.475082 --> 0.444111).  Saving model ...
Updating learning rate to 0.001
	iters: 100, epoch: 3 | loss: 0.4776704
	speed: 0.0921s/iter; left time: 1439.9524s
	iters: 200, epoch: 3 | loss: 0.5581483
	speed: 0.0153s/iter; left time: 237.6994s
	iters: 300, epoch: 3 | loss: 0.4698170
	speed: 0.0160s/iter; left time: 246.3898s
	iters: 400, epoch: 3 | loss: 0.5110096
	speed: 0.0164s/iter; left time: 251.2771s
	iters: 500, epoch: 3 | loss: 0.5003529
	speed: 0.0156s/iter; left time: 237.7261s
Epoch: 3 cost time: 9.631853342056274
Epoch: 3, Steps: 562 | Train Loss: 0.5013460 Vali Loss: 0.4396547 Test Loss: 0.2024736
Validation loss decreased (0.444111 --> 0.439655).  Saving model ...
Updating learning rate to 0.001
	iters: 100, epoch: 4 | loss: 0.4940329
	speed: 0.0930s/iter; left time: 1402.0049s
	iters: 200, epoch: 4 | loss: 0.4749539
	speed: 0.0154s/iter; left time: 229.9547s
	iters: 300, epoch: 4 | loss: 0.4861494
	speed: 0.0166s/iter; left time: 246.4321s
	iters: 400, epoch: 4 | loss: 0.4839258
	speed: 0.0146s/iter; left time: 215.9155s
	iters: 500, epoch: 4 | loss: 0.4669307
	speed: 0.0195s/iter; left time: 285.8888s
Epoch: 4 cost time: 10.811976671218872
Epoch: 4, Steps: 562 | Train Loss: 0.4839456 Vali Loss: 0.4542605 Test Loss: 0.2005224
EarlyStopping counter: 1 out of 5
Updating learning rate to 0.0008
	iters: 100, epoch: 5 | loss: 0.4798552
	speed: 0.1357s/iter; left time: 1969.3111s
	iters: 200, epoch: 5 | loss: 0.4287275
	speed: 0.0139s/iter; left time: 200.3391s
	iters: 300, epoch: 5 | loss: 0.4714990
	speed: 0.0178s/iter; left time: 255.2879s
	iters: 400, epoch: 5 | loss: 0.4536260
	speed: 0.0174s/iter; left time: 247.1314s
	iters: 500, epoch: 5 | loss: 0.4224728
	speed: 0.0130s/iter; left time: 182.9768s
Epoch: 5 cost time: 9.806450366973877
Epoch: 5, Steps: 562 | Train Loss: 0.4570353 Vali Loss: 0.4467922 Test Loss: 0.2012623
EarlyStopping counter: 2 out of 5
Updating learning rate to 0.0006400000000000002
	iters: 100, epoch: 6 | loss: 0.4160480
	speed: 0.0779s/iter; left time: 1087.0324s
	iters: 200, epoch: 6 | loss: 0.4380138
	speed: 0.0239s/iter; left time: 330.5212s
	iters: 300, epoch: 6 | loss: 0.4210913
	speed: 0.0124s/iter; left time: 170.3687s
	iters: 400, epoch: 6 | loss: 0.4361827
	speed: 0.0118s/iter; left time: 160.8605s
	iters: 500, epoch: 6 | loss: 0.4197199
	speed: 0.0131s/iter; left time: 176.9774s
Epoch: 6 cost time: 9.015722751617432
Epoch: 6, Steps: 562 | Train Loss: 0.4328385 Vali Loss: 0.4476289 Test Loss: 0.2027789
EarlyStopping counter: 3 out of 5
Updating learning rate to 0.0005120000000000001
	iters: 100, epoch: 7 | loss: 0.3788577
	speed: 0.1154s/iter; left time: 1545.6485s
	iters: 200, epoch: 7 | loss: 0.4239649
	speed: 0.0166s/iter; left time: 220.2241s
	iters: 300, epoch: 7 | loss: 0.4243738
	speed: 0.0169s/iter; left time: 223.4841s
	iters: 400, epoch: 7 | loss: 0.4106884
	speed: 0.0173s/iter; left time: 226.9436s
	iters: 500, epoch: 7 | loss: 0.4092835
	speed: 0.0194s/iter; left time: 251.4010s
Epoch: 7 cost time: 11.18770456314087
Epoch: 7, Steps: 562 | Train Loss: 0.4151149 Vali Loss: 0.4519646 Test Loss: 0.2042634
EarlyStopping counter: 4 out of 5
Updating learning rate to 0.0004096000000000001
	iters: 100, epoch: 8 | loss: 0.4007282
	speed: 0.1424s/iter; left time: 1826.2801s
	iters: 200, epoch: 8 | loss: 0.3716781
	speed: 0.0305s/iter; left time: 388.8041s
	iters: 300, epoch: 8 | loss: 0.4028918
	speed: 0.0167s/iter; left time: 210.7278s
	iters: 400, epoch: 8 | loss: 0.3947996
	speed: 0.0178s/iter; left time: 222.7230s
	iters: 500, epoch: 8 | loss: 0.3839065
	speed: 0.0176s/iter; left time: 218.1947s
Epoch: 8 cost time: 13.400224685668945
Epoch: 8, Steps: 562 | Train Loss: 0.4012115 Vali Loss: 0.4545654 Test Loss: 0.2081869
EarlyStopping counter: 5 out of 5
Early stopping
>>>>>>>testing : long_term_forecast_weather_720_192_fcv_patch3_b1.0_TQNet_custom_addlossfcv_numpairsmax_patchlen3_alpha0.0_beta1.0<<<<<<<<<<<<<<<<<<<<<<<<<<<<<<<<<
test 10348
mse:0.20273028314113617, mae:0.24471436440944672
================================================================================
Model Profiling Summary
Total Params             : 3,072,464
Inference Time (s)       : 0.002185
GPU Mem Footprint (MB)   : 52.39
Peak Mem (MB)            : 82.73
================================================================================
Deleted model checkpoint at: ./checkpoints/long_term_forecast_weather_720_192_fcv_patch3_b1.0_TQNet_custom_addlossfcv_numpairsmax_patchlen3_alpha0.0_beta1.0/checkpoint.pth
[OK] CvLoss | seq_len=720 | pred_len=192 | mse=0.203 | mae=0.245
======================================================
Running Weather | model=TQNet | seq_len=720 | pred_len=192 | patchlen=3 | beta=1.0
======================================================
Args in experiment:
Namespace(random_seed=2024, is_training=1, model_id='weather_720_192_None_patch3_b1.0', model='TQNet', data='custom', root_path='./dataset/', data_path='weather.csv', features='M', target='OT', freq='h', checkpoints='./checkpoints/', seq_len=720, label_len=0, pred_len=192, cycle=144, model_type='mlp', use_revin=1, fc_dropout=0.05, head_dropout=0.0, patch_len=16, stride=8, padding_patch='end', revin=0, affine=0, subtract_last=0, decomposition=0, kernel_size=25, individual=0, rnn_type='gru', dec_way='pmf', seg_len=48, channel_id=1, embed_type=0, enc_in=21, dec_in=7, c_out=7, d_model=512, n_heads=8, e_layers=2, d_layers=1, d_ff=2048, moving_avg=25, factor=1, distil=True, dropout=0.5, embed='timeF', activation='gelu', output_attention=False, do_predict=False, num_workers=10, itr=1, train_epochs=30, batch_size=64, patience=5, learning_rate=0.001, des='test', loss='mse', lradj='type3', pct_start=0.3, use_amp=False, use_gpu=True, gpu=0, use_multi_gpu=False, devices='0,1', test_flop=False, add_loss='None', num_pairs='max', loss_patchlen=16, alpha_add_loss=1.0, beta_add_loss=0.1)
Use GPU: cuda:0
>>>>>>>start training : long_term_forecast_weather_720_192_None_patch3_b1.0_TQNet_custom_addlossNone_numpairsmax_patchlen16_alpha1.0_beta0.1>>>>>>>>>>>>>>>>>>>>>>>>>>
train 35976
val 5079
test 10348
	iters: 100, epoch: 1 | loss: 0.5752648
	speed: 0.0416s/iter; left time: 697.1941s
	iters: 200, epoch: 1 | loss: 0.9365029
	speed: 0.0154s/iter; left time: 257.1663s
	iters: 300, epoch: 1 | loss: 0.4340748
	speed: 0.0111s/iter; left time: 183.6475s
	iters: 400, epoch: 1 | loss: 0.5240899
	speed: 0.0110s/iter; left time: 181.8511s
	iters: 500, epoch: 1 | loss: 0.4434851
	speed: 0.0122s/iter; left time: 199.7764s
Epoch: 1 cost time: 9.75591778755188
Epoch: 1, Steps: 562 | Train Loss: 0.5703640 Vali Loss: 0.4787205 Test Loss: 0.2159345
Validation loss decreased (inf --> 0.478720).  Saving model ...
Updating learning rate to 0.001
	iters: 100, epoch: 2 | loss: 0.8233570
	speed: 0.1049s/iter; left time: 1699.6957s
	iters: 200, epoch: 2 | loss: 0.3863288
	speed: 0.0224s/iter; left time: 360.3498s
	iters: 300, epoch: 2 | loss: 0.3760049
	speed: 0.0246s/iter; left time: 393.6723s
	iters: 400, epoch: 2 | loss: 0.5873311
	speed: 0.0278s/iter; left time: 441.5278s
	iters: 500, epoch: 2 | loss: 0.3659473
	speed: 0.0162s/iter; left time: 256.4211s
Epoch: 2 cost time: 14.863161563873291
Epoch: 2, Steps: 562 | Train Loss: 0.4845375 Vali Loss: 0.4493810 Test Loss: 0.2031509
Validation loss decreased (0.478720 --> 0.449381).  Saving model ...
Updating learning rate to 0.001
	iters: 100, epoch: 3 | loss: 0.3032351
	speed: 0.0938s/iter; left time: 1467.1989s
	iters: 200, epoch: 3 | loss: 1.1252176
	speed: 0.0140s/iter; left time: 217.6023s
	iters: 300, epoch: 3 | loss: 0.3054286
	speed: 0.0144s/iter; left time: 221.7793s
	iters: 400, epoch: 3 | loss: 0.4099898
	speed: 0.0139s/iter; left time: 212.4883s
	iters: 500, epoch: 3 | loss: 0.6595830
	speed: 0.0140s/iter; left time: 213.4467s
Epoch: 3 cost time: 9.316267967224121
Epoch: 3, Steps: 562 | Train Loss: 0.4549367 Vali Loss: 0.4494349 Test Loss: 0.2175140
EarlyStopping counter: 1 out of 5
Updating learning rate to 0.001
	iters: 100, epoch: 4 | loss: 0.3861313
	speed: 0.0927s/iter; left time: 1397.2937s
	iters: 200, epoch: 4 | loss: 0.5437760
	speed: 0.0152s/iter; left time: 227.1087s
	iters: 300, epoch: 4 | loss: 0.3311534
	speed: 0.0143s/iter; left time: 212.3422s
	iters: 400, epoch: 4 | loss: 0.6162147
	speed: 0.0141s/iter; left time: 208.0009s
	iters: 500, epoch: 4 | loss: 0.3486700
	speed: 0.0146s/iter; left time: 213.9189s
Epoch: 4 cost time: 9.28561544418335
Epoch: 4, Steps: 562 | Train Loss: 0.4478853 Vali Loss: 0.4455120 Test Loss: 0.2048075
Validation loss decreased (0.449381 --> 0.445512).  Saving model ...
Updating learning rate to 0.0008
	iters: 100, epoch: 5 | loss: 0.5911542
	speed: 0.0925s/iter; left time: 1341.8255s
	iters: 200, epoch: 5 | loss: 0.3523174
	speed: 0.0175s/iter; left time: 252.8705s
	iters: 300, epoch: 5 | loss: 0.4208533
	speed: 0.0123s/iter; left time: 176.6312s
	iters: 400, epoch: 5 | loss: 0.2837709
	speed: 0.0166s/iter; left time: 235.8635s
	iters: 500, epoch: 5 | loss: 0.3307542
	speed: 0.0114s/iter; left time: 160.5327s
Epoch: 5 cost time: 9.081336498260498
Epoch: 5, Steps: 562 | Train Loss: 0.4172568 Vali Loss: 0.4445128 Test Loss: 0.2093050
Validation loss decreased (0.445512 --> 0.444513).  Saving model ...
Updating learning rate to 0.0006400000000000002
	iters: 100, epoch: 6 | loss: 0.3937536
	speed: 0.1219s/iter; left time: 1701.0781s
	iters: 200, epoch: 6 | loss: 0.3410830
	speed: 0.0123s/iter; left time: 169.9489s
	iters: 300, epoch: 6 | loss: 0.2896513
	speed: 0.0224s/iter; left time: 308.4047s
	iters: 400, epoch: 6 | loss: 0.5283347
	speed: 0.0110s/iter; left time: 150.0068s
	iters: 500, epoch: 6 | loss: 0.3702624
	speed: 0.0109s/iter; left time: 148.2356s
Epoch: 6 cost time: 8.809340715408325
Epoch: 6, Steps: 562 | Train Loss: 0.3935483 Vali Loss: 0.4514915 Test Loss: 0.2102919
EarlyStopping counter: 1 out of 5
Updating learning rate to 0.0005120000000000001
	iters: 100, epoch: 7 | loss: 0.2184128
	speed: 0.0947s/iter; left time: 1267.5365s
	iters: 200, epoch: 7 | loss: 0.3215421
	speed: 0.0142s/iter; left time: 188.9245s
	iters: 300, epoch: 7 | loss: 0.2649041
	speed: 0.0141s/iter; left time: 186.2694s
	iters: 400, epoch: 7 | loss: 0.5048890
	speed: 0.0149s/iter; left time: 195.4010s
	iters: 500, epoch: 7 | loss: 0.2956550
	speed: 0.0146s/iter; left time: 189.8191s
Epoch: 7 cost time: 9.336133241653442
Epoch: 7, Steps: 562 | Train Loss: 0.3739231 Vali Loss: 0.4487425 Test Loss: 0.2116251
EarlyStopping counter: 2 out of 5
Updating learning rate to 0.0004096000000000001
	iters: 100, epoch: 8 | loss: 0.4807282
	speed: 0.0915s/iter; left time: 1173.3718s
	iters: 200, epoch: 8 | loss: 0.2058357
	speed: 0.0146s/iter; left time: 185.8781s
	iters: 300, epoch: 8 | loss: 0.3154846
	speed: 0.0135s/iter; left time: 171.0380s
	iters: 400, epoch: 8 | loss: 0.2704274
	speed: 0.0137s/iter; left time: 171.2173s
	iters: 500, epoch: 8 | loss: 0.3158314
	speed: 0.0144s/iter; left time: 178.9145s
Epoch: 8 cost time: 9.135666847229004
Epoch: 8, Steps: 562 | Train Loss: 0.3603125 Vali Loss: 0.4454779 Test Loss: 0.2101449
EarlyStopping counter: 3 out of 5
Updating learning rate to 0.0003276800000000001
	iters: 100, epoch: 9 | loss: 0.2870530
	speed: 0.0944s/iter; left time: 1157.5946s
	iters: 200, epoch: 9 | loss: 0.2861502
	speed: 0.0139s/iter; left time: 168.6002s
	iters: 300, epoch: 9 | loss: 0.2919016
	speed: 0.0133s/iter; left time: 160.7844s
	iters: 400, epoch: 9 | loss: 0.2703938
	speed: 0.0241s/iter; left time: 288.4914s
	iters: 500, epoch: 9 | loss: 0.4853477
	speed: 0.0219s/iter; left time: 259.9363s
Epoch: 9 cost time: 11.508141994476318
Epoch: 9, Steps: 562 | Train Loss: 0.3483848 Vali Loss: 0.4521402 Test Loss: 0.2134199
EarlyStopping counter: 4 out of 5
Updating learning rate to 0.0002621440000000001
	iters: 100, epoch: 10 | loss: 0.5154167
	speed: 0.1076s/iter; left time: 1259.1524s
	iters: 200, epoch: 10 | loss: 0.2357829
	speed: 0.0168s/iter; left time: 194.7525s
	iters: 300, epoch: 10 | loss: 0.3022095
	speed: 0.0108s/iter; left time: 124.4456s
	iters: 400, epoch: 10 | loss: 0.2882700
	speed: 0.0169s/iter; left time: 192.2832s
	iters: 500, epoch: 10 | loss: 0.2437458
	speed: 0.0119s/iter; left time: 133.9481s
Epoch: 10 cost time: 9.347557544708252
Epoch: 10, Steps: 562 | Train Loss: 0.3408499 Vali Loss: 0.4532374 Test Loss: 0.2148416
EarlyStopping counter: 5 out of 5
Early stopping
>>>>>>>testing : long_term_forecast_weather_720_192_None_patch3_b1.0_TQNet_custom_addlossNone_numpairsmax_patchlen16_alpha1.0_beta0.1<<<<<<<<<<<<<<<<<<<<<<<<<<<<<<<<<
test 10348
mse:0.20956701040267944, mae:0.2578558623790741
================================================================================
Model Profiling Summary
Total Params             : 3,072,464
Inference Time (s)       : 0.004094
GPU Mem Footprint (MB)   : 52.64
Peak Mem (MB)            : 82.98
================================================================================
Deleted model checkpoint at: ./checkpoints/long_term_forecast_weather_720_192_None_patch3_b1.0_TQNet_custom_addlossNone_numpairsmax_patchlen16_alpha1.0_beta0.1/checkpoint.pth
[OK] TQNet | seq_len=720 | pred_len=192 | mse=0.210 | mae=0.258
======================================================
Running Weather | model=CvLoss | seq_len=720 | pred_len=336 | patchlen=3 | beta=0.5
======================================================
Args in experiment:
Namespace(random_seed=2024, is_training=1, model_id='weather_720_336_fcv_patch3_b0.5', model='TQNet', data='custom', root_path='./dataset/', data_path='weather.csv', features='M', target='OT', freq='h', checkpoints='./checkpoints/', seq_len=720, label_len=0, pred_len=336, cycle=144, model_type='mlp', use_revin=1, fc_dropout=0.05, head_dropout=0.0, patch_len=16, stride=8, padding_patch='end', revin=0, affine=0, subtract_last=0, decomposition=0, kernel_size=25, individual=0, rnn_type='gru', dec_way='pmf', seg_len=48, channel_id=1, embed_type=0, enc_in=21, dec_in=7, c_out=7, d_model=512, n_heads=8, e_layers=2, d_layers=1, d_ff=2048, moving_avg=25, factor=1, distil=True, dropout=0.5, embed='timeF', activation='gelu', output_attention=False, do_predict=False, num_workers=10, itr=1, train_epochs=30, batch_size=64, patience=5, learning_rate=0.001, des='test', loss='mse', lradj='type3', pct_start=0.3, use_amp=False, use_gpu=True, gpu=0, use_multi_gpu=False, devices='0,1', test_flop=False, add_loss='fcv', num_pairs='max', loss_patchlen=3, alpha_add_loss=0.5, beta_add_loss=0.5)
Use GPU: cuda:0
>>>>>>>start training : long_term_forecast_weather_720_336_fcv_patch3_b0.5_TQNet_custom_addlossfcv_numpairsmax_patchlen3_alpha0.5_beta0.5>>>>>>>>>>>>>>>>>>>>>>>>>>
train 35832
val 4935
test 10204
	iters: 100, epoch: 1 | loss: 0.5892020
	speed: 0.0427s/iter; left time: 711.7869s
	iters: 200, epoch: 1 | loss: 0.6786519
	speed: 0.0189s/iter; left time: 313.4513s
	iters: 300, epoch: 1 | loss: 0.5753788
	speed: 0.0179s/iter; left time: 295.4238s
	iters: 400, epoch: 1 | loss: 0.6121262
	speed: 0.0181s/iter; left time: 296.6483s
	iters: 500, epoch: 1 | loss: 0.6844311
	speed: 0.0170s/iter; left time: 276.4708s
Epoch: 1 cost time: 12.23876667022705
Epoch: 1, Steps: 559 | Train Loss: 0.6411269 Vali Loss: 0.5394056 Test Loss: 0.2601779
Validation loss decreased (inf --> 0.539406).  Saving model ...
Updating learning rate to 0.001
	iters: 100, epoch: 2 | loss: 0.5387859
	speed: 0.1379s/iter; left time: 2221.8864s
	iters: 200, epoch: 2 | loss: 0.5782619
	speed: 0.0174s/iter; left time: 278.4525s
	iters: 300, epoch: 2 | loss: 0.6409759
	speed: 0.0160s/iter; left time: 255.2508s
	iters: 400, epoch: 2 | loss: 0.6631944
	speed: 0.0158s/iter; left time: 250.4389s
	iters: 500, epoch: 2 | loss: 0.5427461
	speed: 0.0163s/iter; left time: 256.6176s
Epoch: 2 cost time: 11.311713218688965
Epoch: 2, Steps: 559 | Train Loss: 0.5594906 Vali Loss: 0.5123788 Test Loss: 0.2491035
Validation loss decreased (0.539406 --> 0.512379).  Saving model ...
Updating learning rate to 0.001
	iters: 100, epoch: 3 | loss: 0.4825585
	speed: 0.0944s/iter; left time: 1467.6348s
	iters: 200, epoch: 3 | loss: 0.5279878
	speed: 0.0147s/iter; left time: 227.1290s
	iters: 300, epoch: 3 | loss: 0.5258711
	speed: 0.0151s/iter; left time: 231.9314s
	iters: 400, epoch: 3 | loss: 0.4856302
	speed: 0.0148s/iter; left time: 225.3879s
	iters: 500, epoch: 3 | loss: 0.5578592
	speed: 0.0205s/iter; left time: 310.6285s
Epoch: 3 cost time: 10.434178352355957
Epoch: 3, Steps: 559 | Train Loss: 0.5320286 Vali Loss: 0.4993630 Test Loss: 0.2520447
Validation loss decreased (0.512379 --> 0.499363).  Saving model ...
Updating learning rate to 0.001
	iters: 100, epoch: 4 | loss: 0.4706641
	speed: 0.1034s/iter; left time: 1550.2857s
	iters: 200, epoch: 4 | loss: 0.4587223
	speed: 0.0191s/iter; left time: 284.5195s
	iters: 300, epoch: 4 | loss: 0.4671397
	speed: 0.0157s/iter; left time: 232.6261s
	iters: 400, epoch: 4 | loss: 0.4937177
	speed: 0.0148s/iter; left time: 218.0652s
	iters: 500, epoch: 4 | loss: 0.5940777
	speed: 0.0148s/iter; left time: 216.6746s
Epoch: 4 cost time: 10.590555191040039
Epoch: 4, Steps: 559 | Train Loss: 0.5127151 Vali Loss: 0.5028906 Test Loss: 0.2615944
EarlyStopping counter: 1 out of 5
Updating learning rate to 0.0008
	iters: 100, epoch: 5 | loss: 0.4819898
	speed: 0.1437s/iter; left time: 2073.9564s
	iters: 200, epoch: 5 | loss: 0.5215313
	speed: 0.0192s/iter; left time: 275.0053s
	iters: 300, epoch: 5 | loss: 0.4117285
	speed: 0.0184s/iter; left time: 262.0500s
	iters: 400, epoch: 5 | loss: 0.4223978
	speed: 0.0181s/iter; left time: 255.3251s
	iters: 500, epoch: 5 | loss: 0.4194214
	speed: 0.0190s/iter; left time: 266.5291s
Epoch: 5 cost time: 11.452321529388428
Epoch: 5, Steps: 559 | Train Loss: 0.4816472 Vali Loss: 0.4981356 Test Loss: 0.2613526
Validation loss decreased (0.499363 --> 0.498136).  Saving model ...
Updating learning rate to 0.0006400000000000002
	iters: 100, epoch: 6 | loss: 0.3900748
	speed: 0.1147s/iter; left time: 1592.2026s
	iters: 200, epoch: 6 | loss: 0.4312180
	speed: 0.0204s/iter; left time: 280.4959s
	iters: 300, epoch: 6 | loss: 0.4230773
	speed: 0.0185s/iter; left time: 253.2039s
	iters: 400, epoch: 6 | loss: 0.4508480
	speed: 0.0190s/iter; left time: 257.5951s
	iters: 500, epoch: 6 | loss: 0.3897100
	speed: 0.0254s/iter; left time: 342.2710s
Epoch: 6 cost time: 12.689477682113647
Epoch: 6, Steps: 559 | Train Loss: 0.4560531 Vali Loss: 0.5121447 Test Loss: 0.2614821
EarlyStopping counter: 1 out of 5
Updating learning rate to 0.0005120000000000001
	iters: 100, epoch: 7 | loss: 0.3972802
	speed: 0.1400s/iter; left time: 1863.8607s
	iters: 200, epoch: 7 | loss: 0.3875471
	speed: 0.0184s/iter; left time: 242.7452s
	iters: 300, epoch: 7 | loss: 0.3900622
	speed: 0.0177s/iter; left time: 232.3824s
	iters: 400, epoch: 7 | loss: 0.3799259
	speed: 0.0152s/iter; left time: 198.2566s
	iters: 500, epoch: 7 | loss: 0.3659522
	speed: 0.0148s/iter; left time: 191.6886s
Epoch: 7 cost time: 10.941644191741943
Epoch: 7, Steps: 559 | Train Loss: 0.4370011 Vali Loss: 0.5203307 Test Loss: 0.2665772
EarlyStopping counter: 2 out of 5
Updating learning rate to 0.0004096000000000001
	iters: 100, epoch: 8 | loss: 0.4426427
	speed: 0.1130s/iter; left time: 1441.4564s
	iters: 200, epoch: 8 | loss: 0.4094099
	speed: 0.0153s/iter; left time: 193.4774s
	iters: 300, epoch: 8 | loss: 0.3861922
	speed: 0.0210s/iter; left time: 264.2822s
	iters: 400, epoch: 8 | loss: 0.4258530
	speed: 0.0228s/iter; left time: 283.5184s
	iters: 500, epoch: 8 | loss: 0.4623114
	speed: 0.0411s/iter; left time: 507.8550s
Epoch: 8 cost time: 13.65666151046753
Epoch: 8, Steps: 559 | Train Loss: 0.4229636 Vali Loss: 0.5148733 Test Loss: 0.2696940
EarlyStopping counter: 3 out of 5
Updating learning rate to 0.0003276800000000001
	iters: 100, epoch: 9 | loss: 0.3856072
	speed: 0.1101s/iter; left time: 1343.3434s
	iters: 200, epoch: 9 | loss: 0.3719773
	speed: 0.0171s/iter; left time: 206.4398s
	iters: 300, epoch: 9 | loss: 0.4234775
	speed: 0.0168s/iter; left time: 202.0373s
	iters: 400, epoch: 9 | loss: 0.3824494
	speed: 0.0173s/iter; left time: 205.3020s
	iters: 500, epoch: 9 | loss: 0.4144276
	speed: 0.0180s/iter; left time: 212.7696s
Epoch: 9 cost time: 10.693467140197754
Epoch: 9, Steps: 559 | Train Loss: 0.4129932 Vali Loss: 0.5191721 Test Loss: 0.2688983
EarlyStopping counter: 4 out of 5
Updating learning rate to 0.0002621440000000001
	iters: 100, epoch: 10 | loss: 0.3875206
	speed: 0.1194s/iter; left time: 1389.4458s
	iters: 200, epoch: 10 | loss: 0.4106612
	speed: 0.0221s/iter; left time: 254.6324s
	iters: 300, epoch: 10 | loss: 0.4312651
	speed: 0.0233s/iter; left time: 266.0169s
	iters: 400, epoch: 10 | loss: 0.3809621
	speed: 0.0265s/iter; left time: 300.8011s
	iters: 500, epoch: 10 | loss: 0.4824998
	speed: 0.0185s/iter; left time: 208.4953s
Epoch: 10 cost time: 13.565123558044434
Epoch: 10, Steps: 559 | Train Loss: 0.4054730 Vali Loss: 0.5179704 Test Loss: 0.2728068
EarlyStopping counter: 5 out of 5
Early stopping
>>>>>>>testing : long_term_forecast_weather_720_336_fcv_patch3_b0.5_TQNet_custom_addlossfcv_numpairsmax_patchlen3_alpha0.5_beta0.5<<<<<<<<<<<<<<<<<<<<<<<<<<<<<<<<<
test 10204
mse:0.26168397068977356, mae:0.2941242456436157
================================================================================
Model Profiling Summary
Total Params             : 3,146,336
Inference Time (s)       : 0.001914
GPU Mem Footprint (MB)   : 55.12
Peak Mem (MB)            : 84.62
================================================================================
Deleted model checkpoint at: ./checkpoints/long_term_forecast_weather_720_336_fcv_patch3_b0.5_TQNet_custom_addlossfcv_numpairsmax_patchlen3_alpha0.5_beta0.5/checkpoint.pth
[OK] CvLoss | seq_len=720 | pred_len=336 | mse=0.262 | mae=0.294
======================================================
Running Weather | model=TQNet | seq_len=720 | pred_len=336 | patchlen=3 | beta=0.5
======================================================
Args in experiment:
Namespace(random_seed=2024, is_training=1, model_id='weather_720_336_None_patch3_b0.5', model='TQNet', data='custom', root_path='./dataset/', data_path='weather.csv', features='M', target='OT', freq='h', checkpoints='./checkpoints/', seq_len=720, label_len=0, pred_len=336, cycle=144, model_type='mlp', use_revin=1, fc_dropout=0.05, head_dropout=0.0, patch_len=16, stride=8, padding_patch='end', revin=0, affine=0, subtract_last=0, decomposition=0, kernel_size=25, individual=0, rnn_type='gru', dec_way='pmf', seg_len=48, channel_id=1, embed_type=0, enc_in=21, dec_in=7, c_out=7, d_model=512, n_heads=8, e_layers=2, d_layers=1, d_ff=2048, moving_avg=25, factor=1, distil=True, dropout=0.5, embed='timeF', activation='gelu', output_attention=False, do_predict=False, num_workers=10, itr=1, train_epochs=30, batch_size=64, patience=5, learning_rate=0.001, des='test', loss='mse', lradj='type3', pct_start=0.3, use_amp=False, use_gpu=True, gpu=0, use_multi_gpu=False, devices='0,1', test_flop=False, add_loss='None', num_pairs='max', loss_patchlen=16, alpha_add_loss=1.0, beta_add_loss=0.1)
Use GPU: cuda:0
>>>>>>>start training : long_term_forecast_weather_720_336_None_patch3_b0.5_TQNet_custom_addlossNone_numpairsmax_patchlen16_alpha1.0_beta0.1>>>>>>>>>>>>>>>>>>>>>>>>>>
train 35832
val 4935
test 10204
	iters: 100, epoch: 1 | loss: 0.5178835
	speed: 0.0569s/iter; left time: 948.8267s
	iters: 200, epoch: 1 | loss: 0.6856446
	speed: 0.0167s/iter; left time: 277.3196s
	iters: 300, epoch: 1 | loss: 0.5120144
	speed: 0.0156s/iter; left time: 256.7716s
	iters: 400, epoch: 1 | loss: 0.6025496
	speed: 0.0133s/iter; left time: 217.2308s
	iters: 500, epoch: 1 | loss: 0.7484598
	speed: 0.0142s/iter; left time: 231.5423s
Epoch: 1 cost time: 12.36116647720337
Epoch: 1, Steps: 559 | Train Loss: 0.6167329 Vali Loss: 0.5419520 Test Loss: 0.2621956
Validation loss decreased (inf --> 0.541952).  Saving model ...
Updating learning rate to 0.001
	iters: 100, epoch: 2 | loss: 0.5032744
	speed: 0.1049s/iter; left time: 1689.3543s
	iters: 200, epoch: 2 | loss: 0.5719491
	speed: 0.0150s/iter; left time: 239.7138s
	iters: 300, epoch: 2 | loss: 0.6791286
	speed: 0.0150s/iter; left time: 238.2411s
	iters: 400, epoch: 2 | loss: 0.7482526
	speed: 0.0154s/iter; left time: 244.1572s
	iters: 500, epoch: 2 | loss: 0.5244463
	speed: 0.0158s/iter; left time: 248.2855s
Epoch: 2 cost time: 10.60012149810791
Epoch: 2, Steps: 559 | Train Loss: 0.5319722 Vali Loss: 0.5145340 Test Loss: 0.2491623
Validation loss decreased (0.541952 --> 0.514534).  Saving model ...
Updating learning rate to 0.001
	iters: 100, epoch: 3 | loss: 0.4005844
	speed: 0.1489s/iter; left time: 2315.9607s
	iters: 200, epoch: 3 | loss: 0.4675912
	speed: 0.0166s/iter; left time: 256.5107s
	iters: 300, epoch: 3 | loss: 0.4736377
	speed: 0.0164s/iter; left time: 251.4638s
	iters: 400, epoch: 3 | loss: 0.4268253
	speed: 0.0155s/iter; left time: 237.1599s
	iters: 500, epoch: 3 | loss: 0.5605590
	speed: 0.0170s/iter; left time: 258.2832s
Epoch: 3 cost time: 11.068174600601196
Epoch: 3, Steps: 559 | Train Loss: 0.5032126 Vali Loss: 0.5054963 Test Loss: 0.2592498
Validation loss decreased (0.514534 --> 0.505496).  Saving model ...
Updating learning rate to 0.001
	iters: 100, epoch: 4 | loss: 0.3930148
	speed: 0.1104s/iter; left time: 1655.2915s
	iters: 200, epoch: 4 | loss: 0.3893775
	speed: 0.0149s/iter; left time: 222.3458s
	iters: 300, epoch: 4 | loss: 0.3991099
	speed: 0.0151s/iter; left time: 223.8066s
	iters: 400, epoch: 4 | loss: 0.4606275
	speed: 0.0159s/iter; left time: 233.6360s
	iters: 500, epoch: 4 | loss: 0.6629414
	speed: 0.0161s/iter; left time: 234.3732s
Epoch: 4 cost time: 9.836523056030273
Epoch: 4, Steps: 559 | Train Loss: 0.4885116 Vali Loss: 0.5072671 Test Loss: 0.2651798
EarlyStopping counter: 1 out of 5
Updating learning rate to 0.0008
	iters: 100, epoch: 5 | loss: 0.4410642
	speed: 0.1464s/iter; left time: 2113.6196s
	iters: 200, epoch: 5 | loss: 0.5133887
	speed: 0.0139s/iter; left time: 199.2290s
	iters: 300, epoch: 5 | loss: 0.3136942
	speed: 0.0139s/iter; left time: 197.8190s
	iters: 400, epoch: 5 | loss: 0.3615654
	speed: 0.0138s/iter; left time: 194.8974s
	iters: 500, epoch: 5 | loss: 0.3422522
	speed: 0.0178s/iter; left time: 249.1984s
Epoch: 5 cost time: 9.666944980621338
Epoch: 5, Steps: 559 | Train Loss: 0.4561353 Vali Loss: 0.5121065 Test Loss: 0.2645690
EarlyStopping counter: 2 out of 5
Updating learning rate to 0.0006400000000000002
	iters: 100, epoch: 6 | loss: 0.3317157
	speed: 0.1026s/iter; left time: 1423.6351s
	iters: 200, epoch: 6 | loss: 0.3651312
	speed: 0.0251s/iter; left time: 345.5181s
	iters: 300, epoch: 6 | loss: 0.3613139
	speed: 0.0155s/iter; left time: 212.4947s
	iters: 400, epoch: 6 | loss: 0.4423492
	speed: 0.0183s/iter; left time: 248.7789s
	iters: 500, epoch: 6 | loss: 0.3263222
	speed: 0.0252s/iter; left time: 340.2208s
Epoch: 6 cost time: 12.073791980743408
Epoch: 6, Steps: 559 | Train Loss: 0.4314410 Vali Loss: 0.5208989 Test Loss: 0.2744407
EarlyStopping counter: 3 out of 5
Updating learning rate to 0.0005120000000000001
	iters: 100, epoch: 7 | loss: 0.3241856
	speed: 0.1263s/iter; left time: 1681.3174s
	iters: 200, epoch: 7 | loss: 0.3294364
	speed: 0.0179s/iter; left time: 236.0722s
	iters: 300, epoch: 7 | loss: 0.3411217
	speed: 0.0165s/iter; left time: 216.7691s
	iters: 400, epoch: 7 | loss: 0.3099897
	speed: 0.0169s/iter; left time: 220.5549s
	iters: 500, epoch: 7 | loss: 0.2933767
	speed: 0.0169s/iter; left time: 218.7933s
Epoch: 7 cost time: 10.309265613555908
Epoch: 7, Steps: 559 | Train Loss: 0.4094074 Vali Loss: 0.5248318 Test Loss: 0.2750151
EarlyStopping counter: 4 out of 5
Updating learning rate to 0.0004096000000000001
	iters: 100, epoch: 8 | loss: 0.4337867
	speed: 0.1092s/iter; left time: 1392.9213s
	iters: 200, epoch: 8 | loss: 0.3944323
	speed: 0.0154s/iter; left time: 195.2027s
	iters: 300, epoch: 8 | loss: 0.3015917
	speed: 0.0159s/iter; left time: 199.3720s
	iters: 400, epoch: 8 | loss: 0.4058778
	speed: 0.0157s/iter; left time: 195.5933s
	iters: 500, epoch: 8 | loss: 0.4785018
	speed: 0.0159s/iter; left time: 196.4450s
Epoch: 8 cost time: 10.523276805877686
Epoch: 8, Steps: 559 | Train Loss: 0.3952493 Vali Loss: 0.5283178 Test Loss: 0.2746705
EarlyStopping counter: 5 out of 5
Early stopping
>>>>>>>testing : long_term_forecast_weather_720_336_None_patch3_b0.5_TQNet_custom_addlossNone_numpairsmax_patchlen16_alpha1.0_beta0.1<<<<<<<<<<<<<<<<<<<<<<<<<<<<<<<<<
test 10204
mse:0.25979259610176086, mae:0.2992095947265625
================================================================================
Model Profiling Summary
Total Params             : 3,146,336
Inference Time (s)       : 0.002620
GPU Mem Footprint (MB)   : 53.78
Peak Mem (MB)            : 84.18
================================================================================
Deleted model checkpoint at: ./checkpoints/long_term_forecast_weather_720_336_None_patch3_b0.5_TQNet_custom_addlossNone_numpairsmax_patchlen16_alpha1.0_beta0.1/checkpoint.pth
[OK] TQNet | seq_len=720 | pred_len=336 | mse=0.260 | mae=0.299
======================================================
Running Weather | model=CvLoss | seq_len=720 | pred_len=720 | patchlen=3 | beta=0.5
======================================================
Args in experiment:
Namespace(random_seed=2024, is_training=1, model_id='weather_720_720_fcv_patch3_b0.5', model='TQNet', data='custom', root_path='./dataset/', data_path='weather.csv', features='M', target='OT', freq='h', checkpoints='./checkpoints/', seq_len=720, label_len=0, pred_len=720, cycle=144, model_type='mlp', use_revin=1, fc_dropout=0.05, head_dropout=0.0, patch_len=16, stride=8, padding_patch='end', revin=0, affine=0, subtract_last=0, decomposition=0, kernel_size=25, individual=0, rnn_type='gru', dec_way='pmf', seg_len=48, channel_id=1, embed_type=0, enc_in=21, dec_in=7, c_out=7, d_model=512, n_heads=8, e_layers=2, d_layers=1, d_ff=2048, moving_avg=25, factor=1, distil=True, dropout=0.5, embed='timeF', activation='gelu', output_attention=False, do_predict=False, num_workers=10, itr=1, train_epochs=30, batch_size=64, patience=5, learning_rate=0.001, des='test', loss='mse', lradj='type3', pct_start=0.3, use_amp=False, use_gpu=True, gpu=0, use_multi_gpu=False, devices='0,1', test_flop=False, add_loss='fcv', num_pairs='max', loss_patchlen=3, alpha_add_loss=0.5, beta_add_loss=0.5)
Use GPU: cuda:0
>>>>>>>start training : long_term_forecast_weather_720_720_fcv_patch3_b0.5_TQNet_custom_addlossfcv_numpairsmax_patchlen3_alpha0.5_beta0.5>>>>>>>>>>>>>>>>>>>>>>>>>>
train 35448
val 4551
test 9820
	iters: 100, epoch: 1 | loss: 0.7287644
	speed: 0.0532s/iter; left time: 877.0338s
	iters: 200, epoch: 1 | loss: 0.7243143
	speed: 0.0170s/iter; left time: 278.2492s
	iters: 300, epoch: 1 | loss: 0.6304695
	speed: 0.0175s/iter; left time: 285.2980s
	iters: 400, epoch: 1 | loss: 0.6145260
	speed: 0.0176s/iter; left time: 285.6593s
	iters: 500, epoch: 1 | loss: 0.6185772
	speed: 0.0172s/iter; left time: 276.0217s
Epoch: 1 cost time: 12.612664222717285
Epoch: 1, Steps: 553 | Train Loss: 0.6946562 Vali Loss: 0.6202517 Test Loss: 0.3249672
Validation loss decreased (inf --> 0.620252).  Saving model ...
Updating learning rate to 0.001
	iters: 100, epoch: 2 | loss: 0.5693928
	speed: 0.0925s/iter; left time: 1474.7334s
	iters: 200, epoch: 2 | loss: 0.6024231
	speed: 0.0165s/iter; left time: 260.9575s
	iters: 300, epoch: 2 | loss: 0.5764004
	speed: 0.0172s/iter; left time: 271.2294s
	iters: 400, epoch: 2 | loss: 0.6251620
	speed: 0.0193s/iter; left time: 301.3612s
	iters: 500, epoch: 2 | loss: 0.5784433
	speed: 0.0204s/iter; left time: 317.0047s
Epoch: 2 cost time: 11.282861232757568
Epoch: 2, Steps: 553 | Train Loss: 0.6184967 Vali Loss: 0.6061916 Test Loss: 0.3190348
Validation loss decreased (0.620252 --> 0.606192).  Saving model ...
Updating learning rate to 0.001
	iters: 100, epoch: 3 | loss: 0.6114431
	speed: 0.1126s/iter; left time: 1732.1893s
	iters: 200, epoch: 3 | loss: 0.5914840
	speed: 0.0198s/iter; left time: 302.4267s
	iters: 300, epoch: 3 | loss: 0.5733733
	speed: 0.0197s/iter; left time: 299.7873s
	iters: 400, epoch: 3 | loss: 0.6431007
	speed: 0.0196s/iter; left time: 296.2791s
	iters: 500, epoch: 3 | loss: 0.5433360
	speed: 0.0206s/iter; left time: 308.8855s
Epoch: 3 cost time: 12.193517446517944
Epoch: 3, Steps: 553 | Train Loss: 0.5962670 Vali Loss: 0.6206956 Test Loss: 0.3349137
EarlyStopping counter: 1 out of 5
Updating learning rate to 0.001
	iters: 100, epoch: 4 | loss: 0.6333501
	speed: 0.1118s/iter; left time: 1657.6041s
	iters: 200, epoch: 4 | loss: 0.6433613
	speed: 0.0218s/iter; left time: 321.4496s
	iters: 300, epoch: 4 | loss: 0.5528020
	speed: 0.0191s/iter; left time: 279.6841s
	iters: 400, epoch: 4 | loss: 0.5167535
	speed: 0.0185s/iter; left time: 268.4739s
	iters: 500, epoch: 4 | loss: 0.5284387
	speed: 0.0172s/iter; left time: 248.7589s
Epoch: 4 cost time: 11.487337827682495
Epoch: 4, Steps: 553 | Train Loss: 0.5764762 Vali Loss: 0.6236427 Test Loss: 0.3388662
EarlyStopping counter: 2 out of 5
Updating learning rate to 0.0008
	iters: 100, epoch: 5 | loss: 0.5260327
	speed: 0.1492s/iter; left time: 2130.8613s
	iters: 200, epoch: 5 | loss: 0.5943987
	speed: 0.0259s/iter; left time: 367.6895s
	iters: 300, epoch: 5 | loss: 0.5010667
	speed: 0.0192s/iter; left time: 270.6145s
	iters: 400, epoch: 5 | loss: 0.5033224
	speed: 0.0215s/iter; left time: 300.1007s
	iters: 500, epoch: 5 | loss: 0.6302602
	speed: 0.0201s/iter; left time: 279.2313s
Epoch: 5 cost time: 14.537005424499512
Epoch: 5, Steps: 553 | Train Loss: 0.5440713 Vali Loss: 0.6151836 Test Loss: 0.3417765
EarlyStopping counter: 3 out of 5
Updating learning rate to 0.0006400000000000002
	iters: 100, epoch: 6 | loss: 0.5852818
	speed: 0.1212s/iter; left time: 1663.7773s
	iters: 200, epoch: 6 | loss: 0.4962153
	speed: 0.0197s/iter; left time: 268.2054s
	iters: 300, epoch: 6 | loss: 0.5557881
	speed: 0.0197s/iter; left time: 266.3818s
	iters: 400, epoch: 6 | loss: 0.6225312
	speed: 0.0195s/iter; left time: 261.5644s
	iters: 500, epoch: 6 | loss: 0.5060798
	speed: 0.0198s/iter; left time: 263.7636s
Epoch: 6 cost time: 12.464547872543335
Epoch: 6, Steps: 553 | Train Loss: 0.5161472 Vali Loss: 0.6217579 Test Loss: 0.3411689
EarlyStopping counter: 4 out of 5
Updating learning rate to 0.0005120000000000001
	iters: 100, epoch: 7 | loss: 0.5319905
	speed: 0.1235s/iter; left time: 1627.2398s
	iters: 200, epoch: 7 | loss: 0.5338698
	speed: 0.0195s/iter; left time: 255.3846s
	iters: 300, epoch: 7 | loss: 0.4364124
	speed: 0.0193s/iter; left time: 250.4019s
	iters: 400, epoch: 7 | loss: 0.4778530
	speed: 0.0219s/iter; left time: 281.5926s
	iters: 500, epoch: 7 | loss: 0.4773676
	speed: 0.0201s/iter; left time: 257.1696s
Epoch: 7 cost time: 12.386565446853638
Epoch: 7, Steps: 553 | Train Loss: 0.4959673 Vali Loss: 0.6145833 Test Loss: 0.3409338
EarlyStopping counter: 5 out of 5
Early stopping
>>>>>>>testing : long_term_forecast_weather_720_720_fcv_patch3_b0.5_TQNet_custom_addlossfcv_numpairsmax_patchlen3_alpha0.5_beta0.5<<<<<<<<<<<<<<<<<<<<<<<<<<<<<<<<<
test 9820
mse:0.31847500801086426, mae:0.3322066366672516
================================================================================
Model Profiling Summary
Total Params             : 3,343,328
Inference Time (s)       : 0.001778
GPU Mem Footprint (MB)   : 63.53
Peak Mem (MB)            : 91.65
================================================================================
Deleted model checkpoint at: ./checkpoints/long_term_forecast_weather_720_720_fcv_patch3_b0.5_TQNet_custom_addlossfcv_numpairsmax_patchlen3_alpha0.5_beta0.5/checkpoint.pth
[OK] CvLoss | seq_len=720 | pred_len=720 | mse=0.318 | mae=0.332
======================================================
Running Weather | model=TQNet | seq_len=720 | pred_len=720 | patchlen=3 | beta=0.5
======================================================
Args in experiment:
Namespace(random_seed=2024, is_training=1, model_id='weather_720_720_None_patch3_b0.5', model='TQNet', data='custom', root_path='./dataset/', data_path='weather.csv', features='M', target='OT', freq='h', checkpoints='./checkpoints/', seq_len=720, label_len=0, pred_len=720, cycle=144, model_type='mlp', use_revin=1, fc_dropout=0.05, head_dropout=0.0, patch_len=16, stride=8, padding_patch='end', revin=0, affine=0, subtract_last=0, decomposition=0, kernel_size=25, individual=0, rnn_type='gru', dec_way='pmf', seg_len=48, channel_id=1, embed_type=0, enc_in=21, dec_in=7, c_out=7, d_model=512, n_heads=8, e_layers=2, d_layers=1, d_ff=2048, moving_avg=25, factor=1, distil=True, dropout=0.5, embed='timeF', activation='gelu', output_attention=False, do_predict=False, num_workers=10, itr=1, train_epochs=30, batch_size=64, patience=5, learning_rate=0.001, des='test', loss='mse', lradj='type3', pct_start=0.3, use_amp=False, use_gpu=True, gpu=0, use_multi_gpu=False, devices='0,1', test_flop=False, add_loss='None', num_pairs='max', loss_patchlen=16, alpha_add_loss=1.0, beta_add_loss=0.1)
Use GPU: cuda:0
>>>>>>>start training : long_term_forecast_weather_720_720_None_patch3_b0.5_TQNet_custom_addlossNone_numpairsmax_patchlen16_alpha1.0_beta0.1>>>>>>>>>>>>>>>>>>>>>>>>>>
train 35448
val 4551
test 9820
	iters: 100, epoch: 1 | loss: 0.7423376
	speed: 0.0475s/iter; left time: 783.3657s
	iters: 200, epoch: 1 | loss: 0.7399809
	speed: 0.0182s/iter; left time: 299.0174s
	iters: 300, epoch: 1 | loss: 0.5696278
	speed: 0.0176s/iter; left time: 286.1188s
	iters: 400, epoch: 1 | loss: 0.5631592
	speed: 0.0173s/iter; left time: 280.1888s
	iters: 500, epoch: 1 | loss: 0.5738487
	speed: 0.0170s/iter; left time: 274.0450s
Epoch: 1 cost time: 12.102221012115479
Epoch: 1, Steps: 553 | Train Loss: 0.6723135 Vali Loss: 0.6238940 Test Loss: 0.3263217
Validation loss decreased (inf --> 0.623894).  Saving model ...
Updating learning rate to 0.001
	iters: 100, epoch: 2 | loss: 0.5257386
	speed: 0.1021s/iter; left time: 1627.8130s
	iters: 200, epoch: 2 | loss: 0.5493891
	speed: 0.0168s/iter; left time: 265.2881s
	iters: 300, epoch: 2 | loss: 0.5063019
	speed: 0.0158s/iter; left time: 249.4081s
	iters: 400, epoch: 2 | loss: 0.6079518
	speed: 0.0173s/iter; left time: 269.7919s
	iters: 500, epoch: 2 | loss: 0.5109162
	speed: 0.0227s/iter; left time: 353.2141s
Epoch: 2 cost time: 11.65115237236023
Epoch: 2, Steps: 553 | Train Loss: 0.5901662 Vali Loss: 0.6089035 Test Loss: 0.3150382
Validation loss decreased (0.623894 --> 0.608903).  Saving model ...
Updating learning rate to 0.001
	iters: 100, epoch: 3 | loss: 0.5668004
	speed: 0.1628s/iter; left time: 2505.0887s
	iters: 200, epoch: 3 | loss: 0.5485144
	speed: 0.0137s/iter; left time: 209.8896s
	iters: 300, epoch: 3 | loss: 0.5428627
	speed: 0.0157s/iter; left time: 238.6231s
	iters: 400, epoch: 3 | loss: 0.6756584
	speed: 0.0171s/iter; left time: 257.5949s
	iters: 500, epoch: 3 | loss: 0.4804634
	speed: 0.0191s/iter; left time: 285.4672s
Epoch: 3 cost time: 9.989479780197144
Epoch: 3, Steps: 553 | Train Loss: 0.5701942 Vali Loss: 0.6001155 Test Loss: 0.3286065
Validation loss decreased (0.608903 --> 0.600115).  Saving model ...
Updating learning rate to 0.001
	iters: 100, epoch: 4 | loss: 0.6758133
	speed: 0.1084s/iter; left time: 1608.3779s
	iters: 200, epoch: 4 | loss: 0.6752783
	speed: 0.0136s/iter; left time: 199.9598s
	iters: 300, epoch: 4 | loss: 0.5015399
	speed: 0.0137s/iter; left time: 199.8608s
	iters: 400, epoch: 4 | loss: 0.4503403
	speed: 0.0130s/iter; left time: 188.2032s
	iters: 500, epoch: 4 | loss: 0.4712951
	speed: 0.0234s/iter; left time: 337.3943s
Epoch: 4 cost time: 10.062645435333252
Epoch: 4, Steps: 553 | Train Loss: 0.5479846 Vali Loss: 0.6181361 Test Loss: 0.3390855
EarlyStopping counter: 1 out of 5
Updating learning rate to 0.0008
	iters: 100, epoch: 5 | loss: 0.4876721
	speed: 0.1131s/iter; left time: 1614.5393s
	iters: 200, epoch: 5 | loss: 0.6260888
	speed: 0.0156s/iter; left time: 220.9084s
	iters: 300, epoch: 5 | loss: 0.4671108
	speed: 0.0173s/iter; left time: 243.4167s
	iters: 400, epoch: 5 | loss: 0.4406056
	speed: 0.0198s/iter; left time: 277.1124s
	iters: 500, epoch: 5 | loss: 0.6727427
	speed: 0.0168s/iter; left time: 232.7644s
Epoch: 5 cost time: 10.938553094863892
Epoch: 5, Steps: 553 | Train Loss: 0.5154075 Vali Loss: 0.6193076 Test Loss: 0.3441413
EarlyStopping counter: 2 out of 5
Updating learning rate to 0.0006400000000000002
	iters: 100, epoch: 6 | loss: 0.6092442
	speed: 0.1680s/iter; left time: 2305.7946s
	iters: 200, epoch: 6 | loss: 0.4295089
	speed: 0.0252s/iter; left time: 343.7674s
	iters: 300, epoch: 6 | loss: 0.5303436
	speed: 0.0168s/iter; left time: 227.1028s
	iters: 400, epoch: 6 | loss: 0.6875818
	speed: 0.0166s/iter; left time: 222.8799s
	iters: 500, epoch: 6 | loss: 0.4769416
	speed: 0.0169s/iter; left time: 224.6485s
Epoch: 6 cost time: 12.874815702438354
Epoch: 6, Steps: 553 | Train Loss: 0.4861870 Vali Loss: 0.6181030 Test Loss: 0.3457976
EarlyStopping counter: 3 out of 5
Updating learning rate to 0.0005120000000000001
	iters: 100, epoch: 7 | loss: 0.5470988
	speed: 0.1139s/iter; left time: 1500.8835s
	iters: 200, epoch: 7 | loss: 0.5586678
	speed: 0.0172s/iter; left time: 224.8850s
	iters: 300, epoch: 7 | loss: 0.3614961
	speed: 0.0127s/iter; left time: 165.1803s
	iters: 400, epoch: 7 | loss: 0.4302095
	speed: 0.0179s/iter; left time: 230.1242s
	iters: 500, epoch: 7 | loss: 0.4482032
	speed: 0.0170s/iter; left time: 217.7081s
Epoch: 7 cost time: 10.60962438583374
Epoch: 7, Steps: 553 | Train Loss: 0.4630546 Vali Loss: 0.6241627 Test Loss: 0.3434756
EarlyStopping counter: 4 out of 5
Updating learning rate to 0.0004096000000000001
	iters: 100, epoch: 8 | loss: 0.3564214
	speed: 0.1250s/iter; left time: 1578.0393s
	iters: 200, epoch: 8 | loss: 0.3931679
	speed: 0.0136s/iter; left time: 169.7610s
	iters: 300, epoch: 8 | loss: 0.5016442
	speed: 0.0141s/iter; left time: 174.8342s
	iters: 400, epoch: 8 | loss: 0.6236534
	speed: 0.0172s/iter; left time: 212.0024s
	iters: 500, epoch: 8 | loss: 0.3573073
	speed: 0.0208s/iter; left time: 254.1734s
Epoch: 8 cost time: 10.351266145706177
Epoch: 8, Steps: 553 | Train Loss: 0.4482596 Vali Loss: 0.6236286 Test Loss: 0.3437567
EarlyStopping counter: 5 out of 5
Early stopping
>>>>>>>testing : long_term_forecast_weather_720_720_None_patch3_b0.5_TQNet_custom_addlossNone_numpairsmax_patchlen16_alpha1.0_beta0.1<<<<<<<<<<<<<<<<<<<<<<<<<<<<<<<<<
test 9820
mse:0.3279218375682831, mae:0.3431701064109802
================================================================================
Model Profiling Summary
Total Params             : 3,343,328
Inference Time (s)       : 0.002007
GPU Mem Footprint (MB)   : 61.78
Peak Mem (MB)            : 90.21
================================================================================
Deleted model checkpoint at: ./checkpoints/long_term_forecast_weather_720_720_None_patch3_b0.5_TQNet_custom_addlossNone_numpairsmax_patchlen16_alpha1.0_beta0.1/checkpoint.pth
[OK] TQNet | seq_len=720 | pred_len=720 | mse=0.328 | mae=0.343
All Weather jobs finished.
Collected results saved to: logs/weather_grid/weather_results.csv

================ Final Result Table ================

                                             CvLoss         TQNet       
                                                MSE    MAE    MSE    MAE
Historical sequence length Prediction length                            
96                         96                 0.154  0.191  0.156  0.200
                           192                0.205  0.240  0.205  0.245
                           336                0.263  0.286  0.262  0.287
                           720                0.343  0.339  0.343  0.342
                           Avg                0.241  0.264  0.242  0.268
192                        96                 0.154  0.194  0.153  0.200
                           192                0.198  0.238  0.200  0.244
                           336                0.254  0.283  0.257  0.287
                           720                0.327  0.333  0.326  0.335
                           Avg                0.233  0.262  0.234  0.266
336                        96                 0.148  0.191  0.154  0.205
                           192                0.199  0.242  0.199  0.246
                           336                0.247  0.281  0.249  0.285
                           720                0.319  0.330  0.325  0.337
                           Avg                0.228  0.261  0.232  0.268
720                        96                 0.151  0.198  0.160  0.214
                           192                0.203  0.245  0.210  0.258
                           336                0.262  0.294  0.260  0.299
                           720                0.318  0.332  0.328  0.343
                           Avg                0.233  0.267  0.240  0.278

===================================================

